-- phpMyAdmin SQL Dump
-- version 4.9.7
-- https://www.phpmyadmin.net/
--
-- Host: localhost:3306
-- Generation Time: Aug 25, 2022 at 01:39 PM
-- Server version: 10.3.35-MariaDB-cll-lve
-- PHP Version: 7.4.30

SET SQL_MODE = "NO_AUTO_VALUE_ON_ZERO";
SET AUTOCOMMIT = 0;
START TRANSACTION;
SET time_zone = "+00:00";


/*!40101 SET @OLD_CHARACTER_SET_CLIENT=@@CHARACTER_SET_CLIENT */;
/*!40101 SET @OLD_CHARACTER_SET_RESULTS=@@CHARACTER_SET_RESULTS */;
/*!40101 SET @OLD_COLLATION_CONNECTION=@@COLLATION_CONNECTION */;
/*!40101 SET NAMES utf8mb4 */;

--
-- Database: `fortunec_app_2022`
--

-- --------------------------------------------------------

--
-- Table structure for table `active_guests`
--

CREATE TABLE `active_guests` (
  `ip` varchar(15) NOT NULL,
  `timestamp` int(11) UNSIGNED NOT NULL
) ENGINE=MyISAM DEFAULT CHARSET=latin1;

--
-- Dumping data for table `active_guests`
--

INSERT INTO `active_guests` (`ip`, `timestamp`) VALUES
('190.236.197.122', 1568230037);

-- --------------------------------------------------------

--
-- Table structure for table `active_users`
--

CREATE TABLE `active_users` (
  `username` varchar(30) NOT NULL,
  `timestamp` int(11) UNSIGNED NOT NULL
) ENGINE=MyISAM DEFAULT CHARSET=latin1;

-- --------------------------------------------------------

--
-- Table structure for table `banco`
--

CREATE TABLE `banco` (
  `banco_id` int(11) NOT NULL,
  `nombre` varchar(255) COLLATE utf8mb4_unicode_ci DEFAULT NULL,
  `is_active` tinyint(4) NOT NULL DEFAULT 1
) ENGINE=MyISAM DEFAULT CHARSET=utf8mb4 COLLATE=utf8mb4_unicode_ci;

--
-- Dumping data for table `banco`
--

INSERT INTO `banco` (`banco_id`, `nombre`, `is_active`) VALUES
(1, 'Banco de Comercio', 1),
(2, 'Banco de Crédito del Perú | BCP', 1),
(3, 'Banco Pichincha', 1),
(4, 'BBVA', 1),
(5, 'Interbank', 1),
(6, 'MiBanco', 1),
(7, 'Scotiabank Perú', 1),
(8, 'Banco GNB Perú', 1),
(9, 'Banco Falabella', 1),
(10, 'Banco Ripley', 1),
(11, 'Banco Interamericano de Finanzas (BanBif)', 1),
(12, 'Citibank Perú', 1),
(13, 'Banco Santander Perú', 1),
(14, 'Banco Azteca', 1),
(15, 'Caja Arequipa', 1),
(16, 'Cusco', 1),
(17, 'Caja Trujillo', 1),
(19, 'Caja Huancayo', 1),
(20, 'Caja Ica', 1),
(21, 'Caja Maynas', 1),
(22, 'Caja Paita', 1),
(23, 'Caja Tacna', 1),
(24, 'Caja Sullana', 1),
(25, 'BBVA | CCI', 1),
(26, 'Banco de Crédito del Perú | CCI', 1),
(28, 'Interbank | CCI', 1),
(29, 'Banco Pichincha | CCI', 1);

-- --------------------------------------------------------

--
-- Table structure for table `banlist`
--

CREATE TABLE `banlist` (
  `ban_id` mediumint(8) UNSIGNED NOT NULL,
  `ban_username` varchar(255) NOT NULL,
  `ban_userid` mediumint(8) UNSIGNED NOT NULL,
  `ban_ip` varchar(40) NOT NULL,
  `timestamp` int(11) UNSIGNED NOT NULL
) ENGINE=MyISAM DEFAULT CHARSET=latin1;

-- --------------------------------------------------------

--
-- Table structure for table `codigos_descuento`
--

CREATE TABLE `codigos_descuento` (
  `id` int(11) NOT NULL,
  `code` varchar(255) COLLATE utf8_unicode_ci NOT NULL,
  `discount` int(11) NOT NULL,
  `is_active` tinyint(4) NOT NULL DEFAULT 1
) ENGINE=InnoDB DEFAULT CHARSET=utf8 COLLATE=utf8_unicode_ci;

-- --------------------------------------------------------

--
-- Table structure for table `configuration`
--

CREATE TABLE `configuration` (
  `config_name` varchar(20) NOT NULL,
  `config_value` varchar(64) NOT NULL
) ENGINE=MyISAM DEFAULT CHARSET=latin1;

--
-- Dumping data for table `configuration`
--

INSERT INTO `configuration` (`config_name`, `config_value`) VALUES
('ACCOUNT_ACTIVATION', '2'),
('ALL_LOWERCASE', '0'),
('COOKIE_EXPIRE', '100'),
('COOKIE_PATH', '/'),
('DATE_FORMAT', 'M j, Y, g:i a'),
('EMAIL_FROM_NAME', 'Fortune Online'),
('EMAIL_FROM_ADDR', 'tesoreria@fortuneonline.com.pe'),
('EMAIL_WELCOME', '1'),
('ENABLE_CAPTCHA', '0'),
('GUEST_TIMEOUT', '5'),
('HASH', 'sha256'),
('home_page', 'index.php'),
('login_page', '../usuario/ingreso.php'),
('max_user_chars', '36'),
('min_user_chars', '5'),
('max_pass_chars', '120'),
('min_pass_chars', '8'),
('NO_ADMIN_REDIRECT', '1'),
('record_online_date', '1567089258'),
('record_online_users', '7'),
('SITE_DESC', 'Fortune Sistema'),
('SITE_NAME', 'Fortune'),
('TRACK_VISITORS', '1'),
('TURN_ON_INDIVIDUAL', '1'),
('USER_HOME_PATH', '/'),
('HOME_SETBYADMIN', '0'),
('USERNAME_REGEX', 'letter_num_spaces'),
('USER_TIMEOUT', '10'),
('Version', '2.4'),
('WEB_ROOT', 'http://fortuneonline.com.pe/test/admin/'),
('enabled_operations', '0');

-- --------------------------------------------------------

--
-- Table structure for table `cuentabancaria`
--

CREATE TABLE `cuentabancaria` (
  `cuentabancaria_id` int(11) NOT NULL,
  `usuario_id` int(255) DEFAULT NULL,
  `banco_id` int(255) DEFAULT NULL,
  `tipocuenta_id` int(255) DEFAULT NULL,
  `moneda_id` int(255) DEFAULT NULL,
  `nrocuenta` varchar(255) COLLATE utf8mb4_unicode_ci DEFAULT NULL,
  `nrocuentacci` varchar(255) COLLATE utf8mb4_unicode_ci DEFAULT NULL,
  `alias` varchar(255) COLLATE utf8mb4_unicode_ci DEFAULT NULL,
  `cuentapropia` tinyint(1) DEFAULT NULL,
  `nombre` varchar(255) COLLATE utf8mb4_unicode_ci DEFAULT NULL,
  `tiposdocumento_id` int(11) DEFAULT NULL,
  `nro_documento` varchar(255) COLLATE utf8mb4_unicode_ci DEFAULT NULL,
  `autorizo_deposito` tinyint(4) DEFAULT NULL
) ENGINE=MyISAM DEFAULT CHARSET=utf8mb4 COLLATE=utf8mb4_unicode_ci;

--
-- Dumping data for table `cuentabancaria`
--

INSERT INTO `cuentabancaria` (`cuentabancaria_id`, `usuario_id`, `banco_id`, `tipocuenta_id`, `moneda_id`, `nrocuenta`, `nrocuentacci`, `alias`, `cuentapropia`, `nombre`, `tiposdocumento_id`, `nro_documento`, `autorizo_deposito`) VALUES
(1, 15, 5, 2, 1, '0552113322555555', NULL, 'Interbank Soles', 1, NULL, NULL, NULL, NULL),
(2, 5, 2, 1, 2, '1912546035134', NULL, 'Cuenta', 1, NULL, NULL, NULL, NULL),
(4, 5, 3, 1, 2, '007001134983662', NULL, 'Cuenta', 1, NULL, NULL, NULL, NULL),
(5, 6, 2, 1, 1, '19433358159008', NULL, 'bcp soles', 1, NULL, NULL, NULL, NULL),
(6, 6, 4, 1, 1, '01750200396181', NULL, 'BBVA Kat', 1, NULL, NULL, NULL, NULL),
(7, 4, 2, 1, 1, '033123456789122', NULL, 'Cuenta BCP', 1, NULL, NULL, NULL, NULL),
(8, 7, 4, 1, 1, '00110486020045059483', NULL, 'BBVA-Sara Soles', 1, NULL, NULL, NULL, NULL),
(9, 7, 4, 1, 2, '00110352020042543424', NULL, 'BBVA-Sara Dolares', 1, NULL, NULL, NULL, NULL),
(10, 7, 7, 1, 1, '180386323', NULL, 'SCOTIA-Sara Soles', 1, NULL, NULL, NULL, NULL),
(11, 5, 5, 1, 2, '2003001785092', NULL, 'Cuenta', 1, NULL, NULL, NULL, NULL),
(12, 5, 2, 1, 1, '1912575754015', NULL, 'Cuenta', 1, NULL, NULL, NULL, NULL),
(13, 9, 4, 1, 1, '001103520200339791', NULL, 'Teffa', 1, NULL, NULL, NULL, NULL),
(14, 9, 4, 1, 2, '00110317020033771250', NULL, 'Blue', 1, NULL, NULL, NULL, NULL),
(15, 7, 4, 1, 1, '001103870200353930', NULL, 'BBVA-Soles Lilian', 1, NULL, NULL, NULL, NULL),
(18, 8, 2, 1, 1, '19190141674094', NULL, 'CHBCP_S', 1, NULL, NULL, NULL, NULL),
(19, 8, 7, 1, 1, '2040355485', NULL, 'CHSKT_S', 1, NULL, NULL, NULL, NULL),
(20, 8, 2, 1, 2, '19195273151104', NULL, 'CHBCP_D', 1, NULL, NULL, NULL, NULL),
(21, 8, 4, 1, 2, '001101260200386774', NULL, 'CHBBVA_D', 1, NULL, NULL, NULL, NULL),
(22, 11, 7, 1, 1, '0180386328', NULL, 'Scotia Macedonia Soles', 1, NULL, NULL, NULL, NULL),
(23, 11, 7, 1, 2, '8907106631', NULL, 'Scotia Macedonia Dolares', 1, NULL, NULL, NULL, NULL),
(24, 3, 5, 1, 2, '1643054425920', NULL, 'interbank dolares', 1, NULL, NULL, NULL, NULL),
(25, 3, 2, 1, 1, '19433358159008', NULL, 'bcp soles', 1, NULL, NULL, NULL, NULL),
(26, 10, 4, 1, 1, '1101260200402913', NULL, 'cambios', 1, NULL, NULL, NULL, NULL),
(27, 10, 4, 1, 2, '001101260200402923', NULL, 'dolares', 1, NULL, NULL, NULL, NULL),
(28, 1, 2, 2, 1, '1912575754015', '00219100257575401555', 'BCP_SOL', NULL, NULL, NULL, NULL, NULL),
(29, 1, 2, 2, 2, '1912546035134', '00219100254603513456', 'BCP_DOL', NULL, NULL, NULL, NULL, NULL),
(32, 1, 5, 2, 1, '2003001785085', '00320000300178508537', 'INTERB_SOL', NULL, NULL, NULL, NULL, NULL),
(33, 1, 5, 2, 2, '2003001785092', '00320000300178509233', 'INTERB_DOLAR', NULL, NULL, NULL, NULL, NULL),
(34, 13, 2, 1, 1, '19433358159008', NULL, 'bcp soles', 1, NULL, NULL, NULL, NULL),
(35, 13, 2, 1, 2, '19438694168116', NULL, 'bcp dolares', 1, NULL, NULL, NULL, NULL),
(36, 14, 4, 1, 2, '001103520200431264', NULL, 'Lilian', 1, NULL, NULL, NULL, NULL),
(37, 14, 4, 1, 1, '001103870200353930', NULL, 'Lilian', 1, NULL, NULL, NULL, NULL),
(39, 16, 2, 1, 1, '19332808448044', NULL, 'Fanny soles', 1, NULL, NULL, NULL, NULL),
(40, 16, 2, 1, 2, '19195244308170', NULL, 'Fanny Dólares', 1, NULL, NULL, NULL, NULL),
(41, 17, 2, 1, 1, '1910111112353', NULL, 'Cuenta Personal', 1, NULL, NULL, NULL, NULL),
(42, 17, 2, 2, 2, '1912113112753', NULL, 'Alquiler', 1, NULL, NULL, NULL, NULL),
(157, 122, 2, 2, 2, '3050028335129', '00230500002833512914', 'Conalisa Cuenta Dolares', NULL, NULL, NULL, NULL, NULL),
(156, 122, 2, 2, 1, '3050028336029', '00230500002833602915', 'Conalisa Cuenta Soles', NULL, NULL, NULL, NULL, NULL),
(158, 123, 5, 1, 2, '1663299316880', '00316601329931688067', 'Kevin CTA. Dolares', NULL, NULL, NULL, NULL, NULL),
(154, 120, 5, 1, 1, '8983213168446', '00389801321316844647', NULL, NULL, NULL, NULL, NULL, NULL),
(155, 120, 5, 1, 2, '4203295240623', '00342001329524062370', NULL, NULL, NULL, NULL, NULL, NULL),
(55, 18, 4, 1, 1, '00110876020001619301', NULL, 'BC-BBVA soles', 1, NULL, NULL, NULL, NULL),
(56, 18, 4, 1, 2, '00110317020033771250', NULL, 'BC-BBVA dólares', 1, NULL, NULL, NULL, NULL),
(57, 18, 25, 2, 2, '01135200010003359822', NULL, 'Network-BBVA dola', 1, NULL, NULL, NULL, NULL),
(58, 17, 1, 1, 2, '36447543', NULL, 'Prueba', 1, NULL, NULL, NULL, NULL),
(59, 3, 4, 1, 1, '01750200396181', NULL, 'bbva soles', 1, NULL, NULL, NULL, NULL),
(60, 3, 2, 1, 2, '19438694168116', NULL, 'bcp dolares', 1, NULL, NULL, NULL, NULL),
(61, 21, 4, 1, 1, '001101810200234834', NULL, 'BBVA Soles', 1, NULL, NULL, NULL, NULL),
(62, 21, 4, 1, 2, '001101810200234842', NULL, 'BBVA Dolares', 1, NULL, NULL, NULL, NULL),
(63, 21, 5, 1, 1, '2633112439604', NULL, 'Interank Soles', 1, NULL, NULL, NULL, NULL),
(64, 21, 5, 1, 2, '2633112439611', NULL, 'Interbank Dolares', 1, NULL, NULL, NULL, NULL),
(65, 2, 2, 1, 1, '19190724003004', NULL, 'FORTUNA', 1, NULL, NULL, NULL, NULL),
(66, 2, 2, 1, 2, '19190724011112', NULL, 'ELMER', 1, NULL, NULL, NULL, NULL),
(67, 18, 25, 2, 1, '01135200010003336928', NULL, 'Network-BBVA soles', 1, NULL, NULL, NULL, NULL),
(68, 24, 4, 1, 1, '001101350200847541', NULL, 'Mi BBVA', 1, NULL, NULL, NULL, NULL),
(69, 24, 2, 1, 1, '19439444532060', NULL, 'Mi BCP', 1, NULL, NULL, NULL, NULL),
(70, 24, 4, 1, 2, '001108140200547646', NULL, 'Mi BBVA $', 1, NULL, NULL, NULL, NULL),
(71, 24, 2, 1, 1, '19492595437142', NULL, 'Mi BCP $', 1, NULL, NULL, NULL, NULL),
(72, 26, 4, 2, 1, '001101810100026851', NULL, 'BBVA Soles', 1, NULL, NULL, NULL, NULL),
(73, 26, 4, 2, 2, '001101810100027483', NULL, 'BBVA DOLARES', 1, NULL, NULL, NULL, NULL),
(74, 24, 5, 1, 2, '8983154505882', NULL, 'Mi IBK $', 1, NULL, NULL, NULL, NULL),
(75, 24, 3, 1, 1, '001057018333', NULL, 'Mi Pichincha', 1, NULL, NULL, NULL, NULL),
(76, 36, 2, 2, 1, '1941823534034', NULL, 'MAROAL SOLES', 1, NULL, NULL, NULL, NULL),
(77, 36, 2, 2, 2, '1941881053144', NULL, 'MAROAL DOLARES', 1, NULL, NULL, NULL, NULL),
(78, 41, 4, 2, 1, '1234567898765432', NULL, 'bbva', 1, NULL, NULL, NULL, NULL),
(79, 41, 2, 2, 2, '1234567899876543', NULL, 'dolares bcp', 1, NULL, NULL, NULL, NULL),
(80, 51, 2, 2, 1, '4301871957088', NULL, 'CORRIENTE SOLES', 1, NULL, NULL, NULL, NULL),
(81, 51, 2, 2, 2, '4302639390148', NULL, 'CORRIENTE DOLARES', 1, NULL, NULL, NULL, NULL),
(82, 54, 4, 2, 1, '001103520100033369', NULL, 'BBVA-soles', 1, NULL, NULL, NULL, NULL),
(83, 54, 4, 2, 2, '001103520100033598', NULL, 'BBVA-dolares', 1, NULL, NULL, NULL, NULL),
(84, 55, 2, 1, 1, '22091376210002', NULL, 'Rafo29', 1, NULL, NULL, NULL, NULL),
(85, 55, 2, 1, 2, '22091376219111', NULL, 'Rafo29', 1, NULL, NULL, NULL, NULL),
(86, 22, 4, 1, 1, '19138716291062', NULL, 'BCP soles', 1, NULL, NULL, NULL, NULL),
(87, 22, 4, 1, 2, '19312952580112', NULL, 'BCP dólares', 1, NULL, NULL, NULL, NULL),
(91, 58, 25, 1, 1, '001102130200367622', NULL, 'bbva soles', 1, NULL, NULL, NULL, NULL),
(92, 60, 5, 1, 2, '1723058585795', NULL, 'Interbank dólares', 1, NULL, NULL, NULL, NULL),
(93, 60, 2, 1, 1, '19395931843049', NULL, 'BCP soles', 1, NULL, NULL, NULL, NULL),
(94, 60, 5, 1, 1, '1413119471928', NULL, 'Interbank soles', 1, NULL, NULL, NULL, NULL),
(95, 61, 2, 2, 1, '1932631610018', NULL, 'dydiex', 1, NULL, NULL, NULL, NULL),
(97, 67, 2, 1, 1, '122312312414314', NULL, 'Yuri', 1, NULL, NULL, NULL, NULL),
(98, 68, 2, 1, 2, '48099441688111', NULL, 'Luis dolar', 1, NULL, NULL, NULL, NULL),
(99, 68, 2, 1, 1, '48093316159008', NULL, 'Luis soles', 1, NULL, NULL, NULL, NULL),
(102, 74, 2, 1, 1, '31028410316081', NULL, 'Cuenta SOLES BCP 1', 1, NULL, NULL, NULL, NULL),
(103, 74, 2, 1, 1, '31028410353118', NULL, 'Cuenta DÓLARES BCP 1', 1, NULL, NULL, NULL, NULL),
(104, 77, 2, 1, 2, '19326337092121', NULL, 'Ricardo F.', 1, NULL, NULL, NULL, NULL),
(105, 77, 2, 1, 1, '19133261714090', NULL, 'Ricardo', 1, NULL, NULL, NULL, NULL),
(106, 60, 2, 1, 2, '19395931884190', NULL, 'BCP dólares', 1, NULL, NULL, NULL, NULL),
(107, 80, 2, 1, 1, '29599730339091', NULL, 'Rick ahorro sol', 1, NULL, NULL, NULL, NULL),
(108, 80, 5, 1, 2, '8983191516983', NULL, 'Amparo $ inter', 1, NULL, NULL, NULL, NULL),
(109, 80, 2, 1, 2, '19100996768134', NULL, 'Ricki dólar', 1, NULL, NULL, NULL, NULL),
(110, 80, 5, 1, 1, '5373191246281', NULL, 'Amparo Soles', 1, NULL, NULL, NULL, NULL),
(111, 81, 2, 1, 1, '19327795723086', NULL, 'BCP Soles', 1, NULL, NULL, NULL, NULL),
(112, 81, 2, 1, 2, '19390060286184', NULL, 'BCP Dólares', 1, NULL, NULL, NULL, NULL),
(113, 82, 2, 1, 1, '19337995100087', NULL, 'RITA SOL', 1, NULL, NULL, NULL, NULL),
(114, 82, 5, 1, 2, '8983217265917', NULL, 'HELEN $', 1, NULL, NULL, NULL, NULL),
(115, 83, 2, 1, 1, '19392256553035', NULL, 'Yuri sol', 1, NULL, NULL, NULL, NULL),
(116, 83, 5, 1, 2, '8983203056240', NULL, 'Kenyi', 1, NULL, NULL, NULL, NULL),
(117, 84, 2, 1, 1, '19101892804022', NULL, 'Kenyi Soles', 1, NULL, NULL, NULL, NULL),
(118, 84, 5, 1, 2, '8983203056240', NULL, 'Interbank $', 1, NULL, NULL, NULL, NULL),
(119, 85, 5, 1, 1, '1653056381924', NULL, 'Renzit Soles', 1, NULL, NULL, NULL, NULL),
(120, 85, 2, 1, 2, '19101224295160', NULL, 'Kenyi $', 1, NULL, NULL, NULL, NULL),
(121, 86, 2, 1, 1, '19400178230029', NULL, 'Jhon sol', 1, NULL, NULL, NULL, NULL),
(122, 86, 5, 1, 2, '8983203056240', NULL, 'señor Morales', 1, NULL, NULL, NULL, NULL),
(123, 89, 2, 1, 1, '19432173275051', NULL, 'GRT25', 1, NULL, NULL, NULL, NULL),
(124, 89, 2, 1, 2, '19102527141165', NULL, 'GRT25', 1, NULL, NULL, NULL, NULL),
(125, 90, 4, 2, 1, '001103530100030926', NULL, 'bbva', 1, NULL, NULL, NULL, NULL),
(126, 90, 4, 2, 2, '001103530100030934', NULL, 'bbva DOLAR', 1, NULL, NULL, NULL, NULL),
(127, 91, 5, 2, 2, '2003002516370', NULL, 'EL HUERTO', 1, NULL, NULL, NULL, NULL),
(128, 92, 2, 2, 1, '1911794915052', NULL, 'Soles Navarrete', 1, NULL, NULL, NULL, NULL),
(129, 92, 2, 2, 2, '1912559100104', NULL, 'Dolares Navarrete', 1, NULL, NULL, NULL, NULL),
(130, 93, 2, 1, 1, '19127355185098', NULL, 'BCP Soles1', 1, NULL, NULL, NULL, NULL),
(131, 93, 2, 1, 1, '19138055790090', NULL, 'BCP Soles2', 1, NULL, NULL, NULL, NULL),
(132, 93, 2, 1, 2, '19196090220127', NULL, 'BCP  Dolar', 1, NULL, NULL, NULL, NULL),
(133, 94, 2, 1, 1, '19128605172011', NULL, 'Josh', 1, NULL, NULL, NULL, NULL),
(134, 94, 2, 1, 2, '19331504320144', NULL, 'Josh', 1, NULL, NULL, NULL, NULL),
(135, 95, 1, 1, 1, '19128275667078', NULL, 'Nicole', 1, NULL, NULL, NULL, NULL),
(136, 95, 26, 1, 1, '19123457564149', NULL, 'Nicole', 1, NULL, NULL, NULL, NULL),
(137, 97, 2, 1, 1, '19337511268068', NULL, 'ANDREASOLES', 1, NULL, NULL, NULL, NULL),
(138, 97, 2, 1, 2, '19101757414164', NULL, 'ANDREADOLARES', 1, NULL, NULL, NULL, NULL),
(139, 99, 5, 2, 2, '2003003421934', NULL, 'GARU EU', 1, NULL, NULL, NULL, NULL),
(140, 99, 5, 2, 1, '1673001885966', NULL, 'GARU PE', 1, NULL, NULL, NULL, NULL),
(141, 102, 4, 1, 1, '2737373478473857857', NULL, NULL, 1, NULL, NULL, NULL, NULL),
(142, 102, 1, 1, 2, '19182938974974975', NULL, NULL, 1, NULL, NULL, NULL, NULL),
(143, 33, 5, 1, 1, '4883157473322', NULL, 'INTERB_SOL', 1, NULL, NULL, NULL, NULL),
(144, 33, 5, 1, 2, '8983184291003', NULL, 'INTERB_DOL', 1, NULL, NULL, NULL, NULL),
(145, 104, 4, 1, 1, '001100570241177018', NULL, 'rosa', 1, NULL, NULL, NULL, NULL),
(146, 110, 2, 1, 2, '19439888757171', NULL, 'Noldin', 1, NULL, NULL, NULL, NULL),
(147, 115, 2, 1, 1, '1919408271903', '02219100940877209954', 'soles', NULL, NULL, NULL, NULL, NULL),
(148, 115, 2, 2, 2, '1919408772091', '002191009408772099555', 'dólares', NULL, NULL, NULL, NULL, NULL),
(149, 113, 2, 1, 1, '57031425822008', '00257013142582200800', 'BCP SOLES', NULL, NULL, NULL, NULL, NULL),
(150, 113, 2, 1, 2, '19307266471168', '00219310726647116814', 'BCP DOLARES', NULL, NULL, NULL, NULL, NULL),
(159, 123, 5, 1, 1, '8983297596324', '00389801329759632441', 'KEVIN CTA. SOLES', NULL, NULL, NULL, NULL, NULL);

-- --------------------------------------------------------

--
-- Table structure for table `departamento`
--

CREATE TABLE `departamento` (
  `departamento_id` int(11) NOT NULL,
  `nombre` varchar(255) COLLATE utf8mb4_unicode_ci DEFAULT NULL
) ENGINE=MyISAM DEFAULT CHARSET=utf8mb4 COLLATE=utf8mb4_unicode_ci;

-- --------------------------------------------------------

--
-- Table structure for table `distrito`
--

CREATE TABLE `distrito` (
  `distrito_id` int(11) NOT NULL,
  `nombre` varchar(255) COLLATE utf8mb4_unicode_ci DEFAULT NULL
) ENGINE=MyISAM DEFAULT CHARSET=utf8mb4 COLLATE=utf8mb4_unicode_ci;

-- --------------------------------------------------------

--
-- Table structure for table `failed_jobs`
--

CREATE TABLE `failed_jobs` (
  `id` bigint(20) UNSIGNED NOT NULL,
  `connection` text COLLATE utf8mb4_unicode_ci NOT NULL,
  `queue` text COLLATE utf8mb4_unicode_ci NOT NULL,
  `payload` longtext COLLATE utf8mb4_unicode_ci NOT NULL,
  `exception` longtext COLLATE utf8mb4_unicode_ci NOT NULL,
  `failed_at` timestamp NOT NULL DEFAULT current_timestamp()
) ENGINE=MyISAM DEFAULT CHARSET=utf8mb4 COLLATE=utf8mb4_unicode_ci;

-- --------------------------------------------------------

--
-- Table structure for table `groups`
--

CREATE TABLE `groups` (
  `group_id` smallint(5) UNSIGNED NOT NULL,
  `group_name` varchar(50) NOT NULL,
  `group_level` tinyint(3) UNSIGNED NOT NULL
) ENGINE=MyISAM DEFAULT CHARSET=latin1;

--
-- Dumping data for table `groups`
--

INSERT INTO `groups` (`group_id`, `group_name`, `group_level`) VALUES
(1, 'Administrators', 1),
(3, 'Usuario', 1);

-- --------------------------------------------------------

--
-- Table structure for table `log_table`
--

CREATE TABLE `log_table` (
  `id` int(10) UNSIGNED NOT NULL,
  `userid` int(11) UNSIGNED NOT NULL,
  `timestamp` int(11) UNSIGNED NOT NULL,
  `ip` varchar(15) NOT NULL,
  `log_operation` text CHARACTER SET utf8 COLLATE utf8_bin NOT NULL
) ENGINE=MyISAM DEFAULT CHARSET=latin1;

-- --------------------------------------------------------

--
-- Table structure for table `mes`
--

CREATE TABLE `mes` (
  `mes_id` int(11) NOT NULL,
  `Enero` varchar(12) COLLATE utf8mb4_unicode_ci DEFAULT NULL
) ENGINE=MyISAM DEFAULT CHARSET=utf8mb4 COLLATE=utf8mb4_unicode_ci;

--
-- Dumping data for table `mes`
--

INSERT INTO `mes` (`mes_id`, `Enero`) VALUES
(1, 'Febrero'),
(2, 'Marzo'),
(3, 'Abril'),
(4, 'Mayo'),
(5, 'Junio'),
(6, 'Julio'),
(7, 'Agosto'),
(8, 'Septiembre'),
(9, 'Octubre'),
(10, 'Noviembre'),
(11, 'Diciembre');

-- --------------------------------------------------------

--
-- Table structure for table `migrations`
--

CREATE TABLE `migrations` (
  `id` int(10) UNSIGNED NOT NULL,
  `migration` varchar(255) COLLATE utf8mb4_unicode_ci NOT NULL,
  `batch` int(11) NOT NULL
) ENGINE=MyISAM DEFAULT CHARSET=utf8mb4 COLLATE=utf8mb4_unicode_ci;

--
-- Dumping data for table `migrations`
--

INSERT INTO `migrations` (`id`, `migration`, `batch`) VALUES
(1, '2014_10_12_100000_create_password_resets_table', 1),
(2, '2019_08_19_000000_create_failed_jobs_table', 1);

-- --------------------------------------------------------

--
-- Table structure for table `moneda`
--

CREATE TABLE `moneda` (
  `moneda_id` int(11) NOT NULL,
  `nombre` varchar(255) COLLATE utf8mb4_unicode_ci DEFAULT NULL
) ENGINE=MyISAM DEFAULT CHARSET=utf8mb4 COLLATE=utf8mb4_unicode_ci;

--
-- Dumping data for table `moneda`
--

INSERT INTO `moneda` (`moneda_id`, `nombre`) VALUES
(1, 'S/ soles'),
(2, '$ dólares');

-- --------------------------------------------------------

--
-- Table structure for table `ocupacion`
--

CREATE TABLE `ocupacion` (
  `ocupacion_id` int(11) NOT NULL,
  `nombre` varchar(255) COLLATE utf8mb4_unicode_ci DEFAULT NULL
) ENGINE=MyISAM DEFAULT CHARSET=utf8mb4 COLLATE=utf8mb4_unicode_ci;

--
-- Dumping data for table `ocupacion`
--

INSERT INTO `ocupacion` (`ocupacion_id`, `nombre`) VALUES
(1, 'Trabajador(a) Independiente'),
(3, 'Estudiante'),
(4, 'Jubilado(a)'),
(5, 'Obrero(a)'),
(6, 'Miembro de las fuerzas armadas/ miembro del clero'),
(2, 'Dependiente'),
(7, 'Ama de Casa'),
(8, 'Empleador(a)'),
(9, 'Desempleado'),
(10, 'Trabajador(a) del hogar'),
(11, 'No Declara');

-- --------------------------------------------------------

--
-- Table structure for table `operacion`
--

CREATE TABLE `operacion` (
  `operacion_id` int(11) NOT NULL,
  `cuentabancariae_id` int(11) NOT NULL,
  `cuentabancariad_id` int(11) NOT NULL,
  `monto` decimal(10,2) DEFAULT NULL,
  `moneda_id` int(11) NOT NULL,
  `tmoneda_id` int(11) NOT NULL,
  `cuentabancariat_id` int(11) DEFAULT NULL,
  `num_ope` varchar(255) COLLATE utf8mb4_unicode_ci DEFAULT NULL,
  `num_ope2` varchar(255) COLLATE utf8mb4_unicode_ci DEFAULT NULL,
  `num_ope3` varchar(255) COLLATE utf8mb4_unicode_ci DEFAULT NULL,
  `num_ope4` varchar(255) COLLATE utf8mb4_unicode_ci DEFAULT NULL,
  `voucher` varchar(255) COLLATE utf8mb4_unicode_ci DEFAULT NULL,
  `voucher2` varchar(255) COLLATE utf8mb4_unicode_ci DEFAULT NULL,
  `voucher3` varchar(255) COLLATE utf8mb4_unicode_ci DEFAULT NULL,
  `voucher4` varchar(255) COLLATE utf8mb4_unicode_ci DEFAULT NULL,
  `cambio` decimal(10,2) DEFAULT NULL,
  `taza` decimal(10,4) DEFAULT NULL,
  `origen_fondo_id` int(11) DEFAULT NULL,
  `origen_fondo_otro` varchar(255) COLLATE utf8mb4_unicode_ci DEFAULT NULL,
  `discount_code` varchar(255) COLLATE utf8mb4_unicode_ci DEFAULT NULL,
  `discount_amount` float DEFAULT NULL,
  `usuario_id` int(11) NOT NULL,
  `created_at` timestamp NULL DEFAULT current_timestamp(),
  `updated_at` timestamp NULL DEFAULT NULL,
  `estado` int(11) DEFAULT 0,
  `last_user` varchar(255) COLLATE utf8mb4_unicode_ci DEFAULT NULL
) ENGINE=MyISAM DEFAULT CHARSET=utf8mb4 COLLATE=utf8mb4_unicode_ci;

--
-- Dumping data for table `operacion`
--

INSERT INTO `operacion` (`operacion_id`, `cuentabancariae_id`, `cuentabancariad_id`, `monto`, `moneda_id`, `tmoneda_id`, `cuentabancariat_id`, `num_ope`, `num_ope2`, `num_ope3`, `num_ope4`, `voucher`, `voucher2`, `voucher3`, `voucher4`, `cambio`, `taza`, `origen_fondo_id`, `origen_fondo_otro`, `discount_code`, `discount_amount`, `usuario_id`, `created_at`, `updated_at`, `estado`, `last_user`) VALUES
(1, 25, 24, '1500.00', 1, 2, 1, NULL, NULL, NULL, NULL, 'test.jpg', NULL, NULL, NULL, '441.83', '3.4000', NULL, NULL, NULL, NULL, 3, '2019-10-04 22:41:38', '2019-10-04 22:44:26', 2, 'Administrador'),
(2, 36, 37, '5.00', 2, 1, 1, NULL, NULL, NULL, NULL, 'Transferencia Dolares..jpg', NULL, NULL, NULL, '16.85', '3.3700', NULL, NULL, NULL, NULL, 14, '2019-10-09 19:17:46', '2020-09-02 16:52:35', 2, 'Administrador'),
(3, 36, 37, '5.00', 2, 1, 1, NULL, NULL, NULL, NULL, 'Transferencia Dolares..jpg', NULL, NULL, NULL, '16.85', '3.3700', NULL, NULL, NULL, NULL, 14, '2019-10-09 19:18:44', '2019-10-14 21:34:26', 3, 'Administrador'),
(4, 18, 20, '1190.00', 1, 2, 1, NULL, NULL, NULL, NULL, 'Gerente General_Firma digital.png', NULL, NULL, NULL, '351.34', '3.3900', NULL, NULL, NULL, NULL, 8, '2019-10-09 20:12:56', '2019-10-10 23:05:38', 3, 'Administrador'),
(5, 44, 43, '1600.00', 2, 1, 29, NULL, NULL, NULL, NULL, 'Captura de pantalla 2019-10-10 a la(s) 12.47.09.png', NULL, NULL, NULL, '5392.00', '3.3700', NULL, NULL, NULL, NULL, 18, '2019-10-10 20:54:52', '2019-10-10 23:39:28', 2, 'Administrador'),
(6, 44, 43, '1600.00', 2, 1, 29, NULL, NULL, NULL, NULL, 'WhatsApp Image 2019-10-10 at 15.11.58.jpeg', NULL, NULL, NULL, '5392.00', '3.3700', NULL, NULL, NULL, NULL, 18, '2019-10-10 23:24:05', '2019-10-10 23:24:05', 0, NULL),
(7, 41, 42, '20.00', 2, 1, 33, NULL, NULL, NULL, NULL, '438A0053.jpg', NULL, NULL, NULL, '66.80', '3.3400', NULL, NULL, NULL, NULL, 17, '2019-10-14 17:23:19', '2019-10-14 19:39:39', 3, 'Administrador'),
(8, 56, 55, '1000.00', 2, 1, 50, NULL, NULL, NULL, NULL, '(BBVA)_transferencias.pdf', NULL, NULL, NULL, '3345.00', '3.3500', NULL, NULL, NULL, NULL, 18, '2019-10-17 17:07:17', '2019-10-17 17:07:17', 0, NULL),
(9, 54, 55, '1000.00', 2, 1, 50, NULL, NULL, NULL, NULL, '(BBVA)_transferencias.pdf', NULL, NULL, NULL, '3345.00', '3.3500', NULL, NULL, NULL, NULL, 18, '2019-10-17 17:34:25', '2019-10-17 17:34:25', 0, NULL),
(10, 34, 34, '1000.00', 2, 1, 31, NULL, NULL, NULL, NULL, 'test.jpg', NULL, NULL, NULL, '3340.00', '3.3400', NULL, NULL, NULL, NULL, 13, '2019-10-17 19:15:44', '2019-11-07 17:34:13', 2, 'Administrador'),
(11, 34, 35, '1000.00', 1, 2, 30, NULL, NULL, NULL, NULL, 'test.jpg', NULL, NULL, NULL, '297.18', '3.3700', NULL, NULL, NULL, NULL, 13, '2019-10-17 19:17:33', '2019-10-17 19:17:33', 0, NULL),
(12, 56, 55, '5000.00', 2, 1, 29, NULL, NULL, NULL, NULL, '15719482877084081924761653669729.jpg', NULL, NULL, NULL, '16715.00', '3.3400', NULL, NULL, NULL, NULL, 18, '2019-10-24 18:19:12', '2019-10-24 18:19:12', 0, NULL),
(13, 24, 25, '1500.00', 2, 1, 29, NULL, NULL, NULL, NULL, 'IMG-20191024-WA0008.jpg', NULL, NULL, NULL, '5014.50', '3.3400', NULL, NULL, NULL, NULL, 3, '2019-10-24 18:25:39', '2019-10-24 21:04:19', 2, 'Administrador'),
(14, 56, 53, '5000.00', 2, 1, 29, NULL, NULL, NULL, NULL, 'WhatsApp Image 2019-10-24 at 15.23.47.jpeg', NULL, NULL, NULL, '16715.00', '3.3400', NULL, NULL, NULL, NULL, 18, '2019-10-24 21:01:26', '2019-10-24 21:04:04', 2, 'Administrador'),
(15, 41, 41, '120.00', 2, 1, 48, NULL, NULL, NULL, NULL, '61569775PicsArt_10-14-01.49.56.jpg', NULL, NULL, NULL, '399.60', '3.3300', NULL, NULL, NULL, NULL, 17, '2019-10-25 19:41:43', '2019-10-25 19:43:09', 2, 'Administrador'),
(16, 27, 26, '10000.00', 1, 2, 28, NULL, NULL, NULL, NULL, '9847780c2921f4ccb3b9e77dd5b71cc4d22e30b.jpg', NULL, NULL, NULL, '2980.63', '3.3600', NULL, NULL, NULL, NULL, 10, '2019-10-28 13:57:17', '2019-11-05 13:55:38', 2, 'Administrador'),
(17, 26, 26, '109000.00', 1, 2, 28, NULL, NULL, NULL, NULL, '1984536c2921f4ccb3b9e77dd5b71cc4d22e30b.jpg', NULL, NULL, NULL, '32488.82', '3.3600', NULL, NULL, NULL, NULL, 10, '2019-10-29 13:25:23', '2019-11-05 13:55:29', 2, 'Administrador'),
(18, 27, 26, '10000.00', 2, 1, 31, NULL, NULL, NULL, NULL, '15969076c2921f4ccb3b9e77dd5b71cc4d22e30b.jpg', NULL, NULL, NULL, '33290.00', '3.3300', NULL, NULL, NULL, NULL, 10, '2019-11-05 12:36:21', '2019-11-05 13:52:54', 2, 'Administrador'),
(19, 66, 65, '10.00', 2, 1, 29, NULL, NULL, NULL, NULL, '46833349c2921f4ccb3b9e77dd5b71cc4d22e30b.jpg', NULL, NULL, NULL, '33.45', '3.3500', NULL, NULL, NULL, NULL, 2, '2019-11-07 13:15:11', '2019-11-07 13:46:29', 2, 'Administrador'),
(20, 66, 65, '10000.00', 1, 2, 28, NULL, NULL, NULL, NULL, '43730728c2921f4ccb3b9e77dd5b71cc4d22e30b.jpg', NULL, NULL, NULL, '2980.63', '3.3600', NULL, NULL, NULL, NULL, 2, '2019-11-07 15:10:15', '2019-11-07 15:10:15', 0, NULL),
(21, 66, 65, '3259.00', 2, 1, 29, NULL, NULL, NULL, NULL, '74992185c2921f4ccb3b9e77dd5b71cc4d22e30b.jpg', NULL, NULL, NULL, '10886.69', '3.3400', NULL, NULL, NULL, NULL, 2, '2019-11-07 15:11:49', '2019-11-07 15:11:49', 0, NULL),
(22, 64, 63, '850.00', 2, 1, 33, NULL, NULL, NULL, NULL, '23934995FORTUNE - Compra USD (850.00) - Operacion TBC - 08Nov2019 - INTERBANK - JVILLAMIL.pdf', NULL, NULL, NULL, '2834.75', '3.3400', NULL, NULL, NULL, NULL, 21, '2019-11-08 14:32:15', '2019-11-08 14:41:24', 2, 'Administrador'),
(23, 25, 60, '5000.00', 1, 2, 28, NULL, NULL, NULL, NULL, '58442871transferencia demo.jpg', NULL, NULL, NULL, '1490.31', '3.3600', NULL, NULL, NULL, NULL, 3, '2019-11-08 16:52:11', '2019-11-08 16:52:42', 2, 'Administrador'),
(24, 24, 25, '1200.00', 2, 1, 33, NULL, NULL, NULL, NULL, '82487198transferencia demo.jpg', NULL, NULL, NULL, '4016.40', '3.3500', NULL, NULL, NULL, NULL, 3, '2019-11-08 17:43:19', '2019-11-08 17:51:18', 2, 'Administrador'),
(25, 24, 25, '1200.00', 1, 2, 28, NULL, NULL, NULL, NULL, '98846224transferencia demo.jpg', NULL, NULL, NULL, '357.14', '3.3600', NULL, NULL, NULL, NULL, 3, '2019-11-08 17:43:45', '2019-11-08 18:14:59', 2, 'Administrador'),
(26, 24, 25, '1200.00', 1, 2, 28, NULL, NULL, NULL, NULL, '32472644transferencoa.jpg', NULL, NULL, NULL, '357.14', '3.3600', NULL, NULL, NULL, NULL, 3, '2019-11-08 17:44:05', '2019-11-08 17:44:05', 0, NULL),
(27, 25, 24, '4500.00', 1, 2, 30, NULL, NULL, NULL, NULL, '4131532transferencoa.jpg', NULL, NULL, NULL, '1339.29', '3.3600', NULL, NULL, NULL, NULL, 3, '2019-11-08 17:45:03', '2019-11-08 18:21:18', 3, 'Administrador'),
(28, 24, 24, '1400.00', 1, 2, 30, NULL, NULL, NULL, NULL, '10428972transferencoa.jpg', NULL, NULL, NULL, '416.67', '3.3600', NULL, NULL, NULL, NULL, 3, '2019-11-08 18:41:03', '2019-11-08 18:42:42', 2, 'Administrador'),
(29, 24, 25, '1000.00', 2, 1, 29, NULL, NULL, NULL, NULL, '47081545transferencia demo.jpg', NULL, NULL, NULL, '3347.00', '3.3500', NULL, NULL, NULL, NULL, 3, '2019-11-08 21:01:13', '2019-11-08 21:02:00', 2, 'Administrador'),
(30, 25, 24, '100.00', 1, 2, 28, NULL, NULL, NULL, NULL, '79486359transferencia demo.jpg', NULL, NULL, NULL, '29.76', '3.3600', NULL, NULL, NULL, NULL, 3, '2019-11-08 22:02:51', '2019-11-08 22:04:09', 2, 'Administrador'),
(31, 42, 41, '30.00', 2, 1, 29, NULL, NULL, NULL, NULL, '97697487Screen Shot 2019-11-11 at 15.05.15.png', NULL, NULL, NULL, '100.65', '3.3550', NULL, NULL, NULL, NULL, 17, '2019-11-11 18:05:31', '2019-11-11 18:05:47', 2, 'Administrador'),
(32, 54, 53, '1500.00', 2, 1, 29, NULL, NULL, NULL, NULL, '6762020WhatsApp Image 2019-11-11 at 18.14.49.jpeg', NULL, NULL, NULL, '5032.50', '3.3550', NULL, NULL, NULL, NULL, 18, '2019-11-11 21:19:45', '2019-11-12 15:51:12', 2, 'Administrador'),
(33, 25, 24, '1000.00', 1, 2, 28, NULL, NULL, NULL, NULL, '85646062transferencia demo.jpg', NULL, NULL, NULL, '295.86', '3.3800', NULL, NULL, NULL, NULL, 3, '2019-11-12 20:25:59', '2019-11-12 20:25:59', 0, NULL),
(34, 25, 24, '500.00', 1, 2, 28, NULL, NULL, NULL, NULL, '6074801comnpra.jpg', NULL, NULL, NULL, '147.93', '3.3800', NULL, NULL, NULL, NULL, 3, '2019-11-13 01:20:17', '2019-11-13 01:20:17', 0, NULL),
(35, 24, 25, '700.00', 2, 1, 29, NULL, NULL, NULL, NULL, '15242934comnpra.jpg', NULL, NULL, NULL, '2352.00', '3.3600', NULL, NULL, NULL, NULL, 3, '2019-11-13 02:08:25', '2019-11-13 02:08:25', 0, NULL),
(36, 24, 25, '700.00', 2, 1, 29, NULL, NULL, NULL, NULL, '43401182comnpra.jpg', NULL, NULL, NULL, '2352.00', '3.3600', NULL, NULL, NULL, NULL, 3, '2019-11-13 02:12:17', '2019-11-13 02:12:17', 0, NULL),
(37, 25, 24, '800.00', 1, 2, 28, NULL, NULL, NULL, NULL, '91965046comnpra.jpg', NULL, NULL, NULL, '236.69', '3.3800', NULL, NULL, NULL, NULL, 3, '2019-11-13 02:20:53', '2019-11-13 02:20:53', 0, NULL),
(38, 24, 24, '780.00', 2, 1, 29, NULL, NULL, NULL, NULL, '55817093comnpra.jpg', NULL, NULL, NULL, '2620.80', '3.3600', NULL, NULL, NULL, NULL, 3, '2019-11-13 02:35:34', '2019-11-13 06:29:11', 2, 'Administrador'),
(39, 25, 24, '987.00', 1, 2, 28, NULL, NULL, NULL, NULL, '63116685comnpra.jpg', NULL, NULL, NULL, '292.01', '3.3800', NULL, NULL, NULL, NULL, 3, '2019-11-13 02:36:52', '2019-11-13 06:29:04', 2, 'Administrador'),
(40, 18, 20, '100.00', 1, 2, 28, NULL, NULL, NULL, NULL, '48378655Nissan.jpg', NULL, NULL, NULL, '34.84', '2.8700', NULL, NULL, NULL, NULL, 8, '2019-11-13 06:39:22', '2019-11-13 06:43:37', 2, 'Administrador'),
(41, 24, 25, '450.00', 2, 1, 29, NULL, NULL, NULL, NULL, '64001646transferencia demo.jpg', NULL, NULL, NULL, '1512.00', '3.3600', NULL, NULL, NULL, NULL, 3, '2019-11-13 12:21:05', '2019-11-13 12:21:05', 0, NULL),
(42, 25, 24, '4700.00', 1, 2, 30, NULL, NULL, NULL, NULL, '70619047transferencia demo.jpg', NULL, NULL, NULL, '1390.53', '3.3800', NULL, NULL, NULL, NULL, 3, '2019-11-13 12:27:15', '2019-11-13 12:27:15', 0, NULL),
(43, 54, 55, '5000.00', 2, 1, 29, NULL, NULL, NULL, NULL, '69006668Screenshot_20191113_102928_com.whatsapp.jpg', NULL, NULL, NULL, '16800.00', '3.3600', NULL, NULL, NULL, NULL, 18, '2019-11-13 13:42:02', '2019-11-13 14:29:48', 2, 'Administrador'),
(44, 56, 55, '5500.00', 2, 1, 46, NULL, NULL, NULL, NULL, '7740276WhatsApp Image 2019-11-13 at 16.18.40.jpeg', NULL, NULL, NULL, '18562.50', '3.3750', NULL, NULL, NULL, NULL, 18, '2019-11-13 19:21:23', '2019-11-13 20:14:10', 2, 'Administrador'),
(45, 57, 67, '1000.00', 2, 1, 29, NULL, NULL, NULL, NULL, '71113402Bluenetwork.jpeg', NULL, NULL, NULL, '3353.00', '3.3530', NULL, NULL, NULL, NULL, 18, '2019-11-15 20:34:49', '2019-11-15 20:36:30', 2, 'Administrador'),
(46, 74, 75, '100.00', 2, 1, 33, NULL, NULL, NULL, NULL, '98015868Screenshot_2019-11-29-15-33-44-126_com.whatsapp.jpg', NULL, NULL, NULL, '339.00', '3.3900', NULL, NULL, NULL, NULL, 24, '2019-11-29 18:35:24', '2019-12-02 18:18:19', 2, 'Administrador'),
(47, 78, 79, '600.00', 1, 2, 28, NULL, NULL, NULL, NULL, '91013772Screen Shot 2020-02-17 at 12.46.06.png', NULL, NULL, NULL, '177.04', '3.3890', NULL, NULL, NULL, NULL, 41, '2020-02-17 19:46:53', '2020-02-17 19:47:54', 2, 'Administrador'),
(48, 80, 81, '17175.00', 1, 2, 28, NULL, NULL, NULL, NULL, '21635002FORTUNE.5000DOLAR.jpg', NULL, NULL, NULL, '4997.09', '3.4370', NULL, NULL, NULL, NULL, 51, '2020-02-27 20:36:44', '2020-02-27 20:44:41', 2, 'Administrador'),
(49, 83, 82, '5000.00', 2, 1, 31, NULL, NULL, NULL, NULL, '97013870fortune_030320.png', NULL, NULL, NULL, '17020.00', '3.4040', NULL, NULL, NULL, NULL, 54, '2020-03-03 15:27:55', '2020-03-03 16:39:12', 2, 'Administrador'),
(50, 87, 86, '10000.00', 2, 1, 29, NULL, NULL, NULL, NULL, '77756616WhatsApp Image 2020-03-10 at 16.42.28.jpeg', NULL, NULL, NULL, '34830.00', '3.4830', NULL, NULL, NULL, NULL, 22, '2020-03-10 18:55:35', '2020-03-10 18:57:34', 2, 'Administrador'),
(51, 92, 93, '200.00', 2, 1, 33, NULL, NULL, NULL, NULL, '52257315Screen Shot 2020-05-06 at 15.05.10.png', NULL, NULL, NULL, '680.00', '3.4000', NULL, NULL, NULL, NULL, 60, '2020-05-06 17:05:45', '2020-05-06 17:16:38', 2, 'Administrador'),
(52, 92, 94, '2800.00', 2, 1, 33, NULL, NULL, NULL, NULL, '82996650Screen Shot 2020-05-06 at 15.28.27.png', NULL, NULL, NULL, '9520.00', '3.4000', NULL, NULL, NULL, NULL, 60, '2020-05-06 17:28:50', '2020-05-06 17:36:50', 2, 'Administrador'),
(53, 26, 26, '50000.00', 1, 2, 28, NULL, NULL, NULL, NULL, '28598083DNI.jpeg', NULL, NULL, NULL, '14749.26', '3.3900', NULL, NULL, NULL, NULL, 10, '2020-05-14 18:19:00', '2020-05-15 12:14:24', 3, 'Administrador'),
(54, 92, 93, '1200.00', 2, 1, 33, NULL, NULL, NULL, NULL, '53038726Screen Shot 2020-05-28 at 12.19.10.png', NULL, NULL, NULL, '4116.00', '3.4300', NULL, NULL, NULL, NULL, 60, '2020-05-28 14:20:06', '2020-06-16 10:18:00', 2, 'Administrador'),
(55, 92, 93, '1000.00', 2, 1, 33, NULL, NULL, NULL, NULL, '71617696Screen Shot 2020-09-02 at 13.55.28.png', NULL, NULL, NULL, '3533.00', '3.5330', NULL, NULL, NULL, NULL, 60, '2020-09-02 16:56:07', '2020-10-21 19:56:09', 2, 'Administrador'),
(56, 92, 93, '2000.00', 2, 1, 33, NULL, NULL, NULL, NULL, '79924558Screen Shot 2020-11-05 at 18.42.39.png', NULL, NULL, NULL, '7180.00', '3.5900', NULL, NULL, NULL, NULL, 60, '2020-11-05 21:43:02', '2020-11-06 11:41:21', 3, 'Administrador'),
(57, 105, 104, '10000.00', 1, 2, 28, NULL, NULL, NULL, NULL, '62605301A36CDF1B-9A44-4FC0-9ACB-1BE19CC04C2D.jpeg', NULL, NULL, NULL, '2748.76', '3.6380', NULL, NULL, NULL, NULL, 77, '2020-11-17 14:26:00', '2020-11-17 14:43:27', 2, 'Administrador'),
(58, 92, 93, '1200.00', 2, 1, 33, NULL, NULL, NULL, NULL, '44438703Screen Shot 2021-01-05 at 14.49.34.png', NULL, NULL, NULL, '4344.00', '3.6200', NULL, NULL, NULL, NULL, 60, '2021-01-05 17:50:00', '2021-01-05 21:22:05', 3, 'Administrador'),
(59, 106, 93, '1200.00', 2, 1, 29, NULL, NULL, NULL, NULL, '56263601Screen Shot 2021-01-07 at 15.48.24.png', NULL, NULL, NULL, '4338.00', '3.6150', NULL, NULL, NULL, NULL, 60, '2021-01-07 18:48:56', '2021-01-08 09:39:52', 2, 'Administrador'),
(60, 117, 118, '4010.00', 1, 2, 28, NULL, NULL, NULL, NULL, '70005432Constancia de Transferencia.jpeg', NULL, NULL, NULL, '1094.13', '3.6650', NULL, NULL, NULL, NULL, 84, '2021-02-27 02:02:51', '2021-02-27 15:01:50', 2, 'Administrador'),
(61, 119, 120, '1500.00', 1, 2, 32, NULL, NULL, NULL, NULL, '56251704interbank constancia.jpeg', NULL, NULL, NULL, '409.28', '3.6650', NULL, NULL, NULL, NULL, 85, '2021-03-01 12:07:10', '2021-03-01 12:48:57', 2, 'Administrador'),
(62, 121, 122, '10800.00', 1, 2, 28, NULL, NULL, NULL, NULL, '15001102Justificante transferencia.jpeg', NULL, NULL, NULL, '2942.78', '3.6700', NULL, NULL, NULL, NULL, 86, '2021-03-01 20:45:43', '2021-03-03 12:19:46', 2, 'Administrador'),
(63, 117, 118, '4000.00', 1, 2, 28, NULL, NULL, NULL, NULL, '904388766CB58FC4-2536-40AA-9668-1AD087CEE4D9.png', NULL, NULL, NULL, '1076.72', '3.7150', NULL, NULL, NULL, NULL, 84, '2021-03-05 18:09:04', '2021-03-07 01:26:36', 2, 'Administrador'),
(64, 27, 26, '5000.00', 2, 1, 29, NULL, NULL, NULL, NULL, '65522894Digitalización de bienvenida.jpg', NULL, NULL, NULL, '17000.00', '3.4000', NULL, NULL, NULL, NULL, 10, '2021-03-12 02:01:52', '2021-03-27 16:47:52', 2, 'Administrador'),
(65, 132, 131, '3000.00', 2, 1, 29, NULL, NULL, NULL, NULL, '57360140Fortunier.jpeg', NULL, NULL, NULL, '11835.00', '3.9450', NULL, NULL, NULL, NULL, 93, '2021-07-06 14:26:30', '2021-07-06 14:33:04', 2, 'Administrador'),
(66, 106, 93, '2000.00', 2, 1, 29, NULL, NULL, NULL, NULL, '96501830Screen Shot 2021-07-08 at 10.48.39 AM.png', NULL, NULL, NULL, '7926.00', '3.9630', NULL, NULL, NULL, NULL, 60, '2021-07-08 13:48:50', '2021-07-08 14:02:34', 2, 'Administrador'),
(67, 137, 138, '16000.00', 1, 2, 28, NULL, NULL, NULL, NULL, '87320807ABONO.pdf', NULL, NULL, NULL, '4050.63', '3.9500', NULL, NULL, NULL, NULL, 97, '2021-07-30 11:51:58', '2021-07-30 13:34:32', 3, 'Administrador'),
(68, 140, 139, '3100.00', 1, 2, 32, NULL, NULL, NULL, NULL, '65474353ATerceros_Detalle_12082021.pdf', NULL, NULL, NULL, '753.34', '4.1150', NULL, NULL, NULL, NULL, 99, '2021-08-12 22:34:58', '2021-09-22 17:40:52', 1, 'Administrador'),
(69, 146, 146, '3930.00', 1, 2, 28, NULL, NULL, NULL, NULL, '28129425WhatsApp Image 2022-01-11 at 16.28.19.jpeg', NULL, NULL, NULL, '1000.00', '3.9300', NULL, NULL, NULL, NULL, 110, '2022-01-11 19:29:27', '2022-01-11 20:42:26', 2, 'Administrador'),
(70, 26, 27, '5000.00', 1, 2, 28, NULL, NULL, NULL, NULL, '65185321Captura de pantalla 2021-06-10 090525.png', NULL, NULL, NULL, '1474.93', '3.3900', NULL, NULL, NULL, NULL, 10, '2022-03-02 20:01:04', '2022-03-07 12:14:06', 3, 'Administrador'),
(71, 147, 148, '50000.00', 1, 2, 28, NULL, NULL, NULL, NULL, '40807657Captura de pantalla 2021-06-10 094019.png', NULL, NULL, NULL, '13368.98', '3.7400', 2, NULL, NULL, NULL, 115, '2022-03-29 18:15:58', '2022-03-29 18:20:33', 2, 'Administrador'),
(72, 147, 148, '10000.00', 1, 2, 28, NULL, NULL, NULL, NULL, '85228508Captura de pantalla 2022-03-05 195749.png', NULL, NULL, NULL, '2673.80', '3.7400', 2, NULL, NULL, NULL, 115, '2022-03-29 18:40:35', '2022-03-29 18:40:35', 0, NULL),
(73, 149, 150, '12.00', 1, 2, 28, NULL, NULL, NULL, NULL, '3109259202.png', NULL, NULL, NULL, '3.29', '3.6470', 1, NULL, NULL, NULL, 113, '2022-04-04 17:09:38', '2022-04-04 20:41:46', 2, 'Administrador'),
(74, 56, 55, '1000.00', 2, 1, 29, NULL, NULL, NULL, NULL, '24931424CAMPAÑA_ANALISIS LABORATORIO.png', NULL, NULL, NULL, '3588.00', '3.5880', 1, NULL, NULL, NULL, 18, '2022-04-04 17:17:38', '2022-04-04 17:17:38', 0, NULL),
(75, 26, 27, '10000.00', 1, 2, 28, NULL, NULL, NULL, NULL, '9355058Captura de pantalla 2022-03-05 195749.png', '24586449Captura de pantalla 2022-03-05 195749.png', NULL, NULL, '2949.85', '3.3900', 2, NULL, NULL, NULL, 10, '2022-04-09 01:20:45', '2022-04-09 01:20:45', 0, NULL),
(76, 27, 26, '5000.00', 2, 1, 33, NULL, NULL, NULL, NULL, '62656659Captura de pantalla 2022-03-05 195749.png', NULL, NULL, NULL, '17000.00', '3.4000', 2, NULL, NULL, NULL, 10, '2022-04-09 02:49:21', '2022-04-09 02:49:21', 0, NULL),
(77, 149, 150, '10.00', 1, 2, 28, NULL, NULL, NULL, NULL, '2070192901.png', NULL, NULL, NULL, '2.68', '3.7280', 1, NULL, NULL, NULL, 113, '2022-04-11 22:52:30', '2022-04-11 22:52:30', 0, NULL),
(78, 150, 149, '10.00', 2, 1, 29, NULL, NULL, NULL, NULL, '45647589image.jpg', NULL, NULL, NULL, '36.91', '3.6910', 1, NULL, NULL, NULL, 113, '2022-04-11 22:53:03', '2022-04-11 22:53:03', 0, NULL),
(79, 26, 27, '70000.00', 1, 2, 28, NULL, NULL, NULL, NULL, '29705572Captura de pantalla 2021-06-10 090204.png', NULL, NULL, NULL, '20648.97', '3.3900', 2, NULL, NULL, NULL, 10, '2022-04-18 12:57:15', '2022-04-21 20:32:51', 2, 'Administrador'),
(80, 154, 155, '8.00', 1, 2, 32, NULL, NULL, NULL, NULL, NULL, NULL, NULL, NULL, '2.09', '3.8250', 5, NULL, NULL, NULL, 120, '2022-04-26 03:38:33', '2022-04-26 03:38:33', 0, NULL),
(81, 26, 27, '10000.00', 1, 2, 28, NULL, NULL, NULL, NULL, '68590435Captura de pantalla 2021-06-10 090204.png', NULL, NULL, NULL, '2949.85', '3.3900', 2, NULL, NULL, NULL, 10, '2022-04-26 14:48:42', '2022-04-26 15:55:23', 3, 'Administrador'),
(82, 27, 26, '5000.00', 2, 1, 29, NULL, NULL, NULL, NULL, NULL, NULL, NULL, NULL, '17000.00', '3.4000', 2, NULL, NULL, NULL, 10, '2022-04-26 20:57:34', '2022-04-26 21:00:22', 3, 'Administrador'),
(83, 27, 26, '5000.00', 2, 1, 29, NULL, NULL, NULL, NULL, NULL, NULL, NULL, NULL, '17000.00', '3.4000', 2, NULL, NULL, NULL, 10, '2022-04-26 20:57:35', '2022-04-26 21:00:19', 3, 'Administrador'),
(84, 27, 26, '5000.00', 2, 1, 29, NULL, NULL, NULL, NULL, NULL, NULL, NULL, NULL, '17000.00', '3.4000', 2, NULL, NULL, NULL, 10, '2022-04-26 20:57:36', '2022-04-26 21:00:16', 3, 'Administrador'),
(85, 27, 26, '50000.00', 2, 1, 29, NULL, NULL, NULL, NULL, NULL, NULL, NULL, NULL, '170000.00', '3.4000', 2, NULL, NULL, NULL, 10, '2022-04-27 19:17:10', '2022-04-27 19:17:10', 0, NULL),
(86, 27, 26, '50000.00', 2, 1, 29, NULL, NULL, NULL, NULL, NULL, NULL, NULL, NULL, '170000.00', '3.4000', 2, NULL, NULL, NULL, 10, '2022-04-27 19:17:12', '2022-04-27 19:17:12', 0, NULL),
(87, 27, 26, '50000.00', 2, 1, 33, NULL, NULL, NULL, NULL, NULL, NULL, NULL, NULL, '170000.00', '3.4000', 2, NULL, NULL, NULL, 10, '2022-05-12 00:04:16', '2022-05-12 00:04:16', 0, NULL),
(88, 159, 158, '571.00', 1, 2, 32, NULL, NULL, NULL, NULL, '535914609E49743F-5259-416E-BEDB-5410B98D4CCD.jpeg', '9410438047616791-860D-4049-888E-849CF154AD01.png', NULL, NULL, '152.88', '3.7350', 1, NULL, NULL, NULL, 123, '2022-05-23 19:29:05', '2022-05-23 22:00:17', 2, 'Administrador'),
(89, 159, 158, '89.00', 1, 2, 32, NULL, NULL, NULL, NULL, '898241093BFB4444-E00C-4D39-8AF8-1B5FFA9D2C94.jpeg', NULL, NULL, NULL, '23.83', '3.7350', 1, NULL, NULL, NULL, 123, '2022-05-23 19:45:49', '2022-05-23 22:00:14', 2, 'Administrador'),
(90, 159, 158, '260.00', 1, 2, 32, NULL, NULL, NULL, NULL, '5479194WhatsApp Image 2022-05-27 at 9.05.32 AM.jpeg', NULL, NULL, NULL, '70.37', '3.6950', 1, NULL, NULL, NULL, 123, '2022-05-27 14:07:06', '2022-05-27 17:38:05', 2, 'Administrador');

-- --------------------------------------------------------

--
-- Table structure for table `origen_fondos`
--

CREATE TABLE `origen_fondos` (
  `id` bigint(20) UNSIGNED NOT NULL,
  `name` varchar(255) COLLATE utf8_unicode_ci NOT NULL,
  `code` varchar(255) COLLATE utf8_unicode_ci NOT NULL
) ENGINE=InnoDB DEFAULT CHARSET=utf8 COLLATE=utf8_unicode_ci;

--
-- Dumping data for table `origen_fondos`
--

INSERT INTO `origen_fondos` (`id`, `name`, `code`) VALUES
(1, 'Ahorros', 'ahorros'),
(2, 'Alquiler de bienes muebles', 'alquiler_bienes_muebles'),
(3, 'Alquiler de bienes inmuebles', 'alquiler_bienes_inmuebles'),
(4, 'Donacion / sorteo', 'donacion_sorteo'),
(5, 'Ingreso por trabajo independiente', 'ingreso_por_trabajo_independiente'),
(6, 'Ingreso por trabajo dependiente', 'ingreso_por_trabajo_dependiente'),
(7, 'Ingreso por regalias', 'ingreso_por_regalias'),
(8, 'Prestamos', 'prestamos'),
(9, 'Venta de bien mueble', 'venta_bien_mueble'),
(10, 'Venta de bien inmueble', 'venta_bien_inmueble'),
(11, 'Otros', 'otros');

-- --------------------------------------------------------

--
-- Table structure for table `pais`
--

CREATE TABLE `pais` (
  `pais_id` int(11) NOT NULL,
  `nombre` varchar(255) COLLATE utf8mb4_unicode_ci DEFAULT NULL
) ENGINE=MyISAM DEFAULT CHARSET=utf8mb4 COLLATE=utf8mb4_unicode_ci;

--
-- Dumping data for table `pais`
--

INSERT INTO `pais` (`pais_id`, `nombre`) VALUES
(1, 'Afganistán'),
(2, 'Albania'),
(3, 'Alemania'),
(4, 'Andorra'),
(5, 'Angola'),
(6, 'Antigua y Barbuda'),
(7, 'Arabia Saudita'),
(8, 'Argelia'),
(9, 'Argentina'),
(10, 'Armenia'),
(11, 'Australia'),
(12, 'Austria'),
(13, 'Azerbaiyán'),
(14, 'Bahamas'),
(15, 'Bangladés'),
(16, 'Barbados'),
(17, 'Baréin'),
(18, 'Bélgica'),
(19, 'Belice'),
(20, 'Benín'),
(21, 'Bielorrusia'),
(22, 'Bolivia'),
(23, 'Bosnia y Herzegovina'),
(24, 'Botsuana'),
(25, 'Brasil'),
(26, 'Brunéi'),
(27, 'Bulgaria'),
(28, 'Burkina Faso'),
(29, 'Burundi'),
(30, 'Bután'),
(31, 'Cabo Verde'),
(32, 'Camboya'),
(33, 'Camerún'),
(34, 'Canadá'),
(35, 'Catar'),
(36, 'Chad'),
(37, 'Chile'),
(38, 'China'),
(39, 'Chipre'),
(40, 'Colombia'),
(41, 'Comoras'),
(42, 'Corea del Norte'),
(43, 'Corea del Sur'),
(44, 'Costa de Marfil'),
(45, 'Costa Rica'),
(46, 'Croacia'),
(47, 'Cuba'),
(48, 'Dinamarca'),
(49, 'Dominica'),
(50, 'Ecuador'),
(51, 'Egipto'),
(52, 'El Salvador'),
(53, 'Emiratos Árabes Unidos'),
(54, 'Eritrea'),
(55, 'Eslovaquia'),
(56, 'Eslovenia'),
(57, 'España'),
(58, 'Estados Unidos'),
(59, 'Estonia'),
(60, 'Etiopía'),
(61, 'Filipinas'),
(62, 'Finlandia'),
(63, 'Fiyi'),
(64, 'Francia'),
(65, 'Gabón'),
(66, 'Gambia'),
(67, 'Georgia'),
(68, 'Ghana'),
(69, 'Granada'),
(70, 'Grecia'),
(71, 'Guatemala'),
(72, 'Guinea'),
(73, 'Guinea-Bisáu'),
(74, 'Guinea Ecuatorial'),
(75, 'Guyana'),
(76, 'Haití'),
(77, 'Honduras'),
(78, 'Hungría'),
(79, 'India'),
(80, 'Indonesia'),
(81, 'Irak'),
(82, 'Irán'),
(83, 'Irlanda'),
(84, 'Islandia'),
(85, 'Islas Marshall'),
(86, 'Islas Salomón'),
(87, 'Israel'),
(88, 'Italia'),
(89, 'Jamaica'),
(90, 'Japón'),
(91, 'Jordania'),
(92, 'Kazajistán'),
(93, 'Kenia'),
(94, 'Kirguistán'),
(95, 'Kiribati'),
(96, 'Kuwait'),
(97, 'Laos'),
(98, 'Lesoto'),
(99, 'Letonia'),
(100, 'Líbano'),
(101, 'Liberia'),
(102, 'Libia'),
(103, 'Liechtenstein'),
(104, 'Lituania'),
(105, 'Luxemburgo'),
(106, 'Macedonia del Norte'),
(107, 'Madagascar'),
(108, 'Malasia'),
(109, 'Malaui'),
(110, 'Maldivas'),
(111, 'Malí'),
(112, 'Malta'),
(113, 'Marruecos'),
(114, 'Mauricio'),
(115, 'Mauritania'),
(116, 'México'),
(117, 'Micronesia'),
(118, 'Moldavia'),
(119, 'Mónaco'),
(120, 'Mongolia'),
(121, 'Montenegro'),
(122, 'Mozambique'),
(123, 'Birmania'),
(124, 'Namibia'),
(125, 'Nauru'),
(126, 'Nepal'),
(127, 'Nicaragua'),
(128, 'Níger'),
(129, 'Nigeria'),
(130, 'Noruega'),
(131, 'Nueva Zelanda'),
(132, 'Omán'),
(133, 'Países Bajos'),
(134, 'Pakistán'),
(135, 'Palaos'),
(136, 'Panamá'),
(137, 'Papúa Nueva Guinea'),
(138, 'Paraguay'),
(139, 'Perú'),
(140, 'Polonia'),
(141, 'Portugal'),
(142, 'Reino Unido'),
(143, 'República Centroafricana'),
(144, 'República Checa'),
(145, 'República del Congo'),
(146, 'República Democrática del Congo'),
(147, 'República Dominicana'),
(148, 'Ruanda'),
(149, 'Rumania'),
(150, 'Rusia'),
(151, 'Samoa'),
(152, 'San Cristóbal y Nieves'),
(153, 'San Marino'),
(154, 'San Vicente y las Granadinas'),
(155, 'Santa Lucía'),
(156, 'Santo Tomé y Príncipe'),
(157, 'Senegal'),
(158, 'Serbia'),
(159, 'Seychelles'),
(160, 'Sierra Leona'),
(161, 'Singapur'),
(162, 'Siria'),
(163, 'Somalia'),
(164, 'Sri Lanka'),
(165, 'Suazilandia'),
(166, 'Sudáfrica'),
(167, 'Sudán'),
(168, 'Sudán del Sur'),
(169, 'Suecia'),
(170, 'Suiza'),
(171, 'Surinam'),
(172, 'Tailandia'),
(173, 'Tanzania'),
(174, 'Tayikistán'),
(175, 'Timor Oriental'),
(176, 'Togo'),
(177, 'Tonga'),
(178, 'Trinidad y Tobago'),
(179, 'Túnez'),
(180, 'Turkmenistán'),
(181, 'Turquía'),
(182, 'Tuvalu'),
(183, 'Ucrania'),
(184, 'Uganda'),
(185, 'Uruguay'),
(186, 'Uzbekistán'),
(187, 'Vanuatu'),
(188, 'Venezuela'),
(189, 'Vietnam'),
(190, 'Yemen'),
(191, 'Yibuti'),
(192, 'Zambia'),
(193, 'Zimbabue');

-- --------------------------------------------------------

--
-- Table structure for table `password_resets`
--

CREATE TABLE `password_resets` (
  `email` varchar(255) COLLATE utf8mb4_unicode_ci NOT NULL,
  `token` varchar(255) COLLATE utf8mb4_unicode_ci NOT NULL,
  `created_at` timestamp NULL DEFAULT NULL
) ENGINE=MyISAM DEFAULT CHARSET=utf8mb4 COLLATE=utf8mb4_unicode_ci;

--
-- Dumping data for table `password_resets`
--

INSERT INTO `password_resets` (`email`, `token`, `created_at`) VALUES
('yurac@hotmail.com', '$2y$10$Qo2GDbPpeymkW7U9rdVIIOpapg4ja.yPHHVzzz7n8l3G.VaCxZCHq', '2019-09-13 02:37:30'),
('man@man.com', '$2y$10$Al242nsBPGRfM0eASyuID.D02DUn1Nh6JPUbvCo47R.U7U9Cbzj1q', '2019-09-12 21:40:35'),
('cvalerarios@hotmail.com', '$2y$10$x3YCsnuUQhDX81v/4sfvEuRFAvkqNjxrC7F4/d0hkF069A9OWvDxu', '2019-09-25 20:21:05'),
('cvnetoficial@gmail.com', '$2y$10$GxSxnQ3Z8piuvIo//CGOEexbFUEYwyOBVnvGIgy9wjUuUCz9897U.', '2019-09-25 20:22:21'),
('fortuna7777@hotmail.com', '$2y$10$RmIR97s/P6S5hOY/SKCeRuuyqnwp8fjj5J7P35SqumIejF.dloAHa', '2019-10-16 16:56:09'),
('tesoreria@fortuneonline.com.pe', '$2y$10$qR0NZN.Hzk8RZlj4VET5u.2P1TaYXSt3gfTAbR6sTaAvUjG8uK52W', '2019-10-30 20:18:05'),
('carlos.retamozo@rhsirtel.com.pe', '$2y$10$Hg1tBcXaRwiRVP4KZKrKge9D2LYGTVErZEuH530YYHM6GGIqV2KAu', '2020-09-14 06:16:00'),
('edolar623@gmail.com', '$2y$10$GP2X7L8oAohu4PdqZkIhruY.J7HSJHvy3txSaGweX6gh5.RM/Ljq.', '2020-01-27 22:19:31'),
('mati_97_ziliotto@hotmail.com', '$2y$10$Sqo5nPaoMe8XhLySuTZsS.R1wwtPyU7dn8GDs/8KOLcnzCsOoBxNC', '2021-12-21 02:19:42'),
('anita@abejareinaperu.com', '$2y$10$krNUmITfSMs/VTvkynPnS.IvmfAB2CZVmt39rvts5udn.dUC9fG2u', '2020-07-25 23:36:57'),
('johannasalazarcuadros@gmail.com', '$2y$10$UFfM0G4M/Rl0F4am/x.RM.eY8VvEq/xPNxI38MOec17oAmYepNskK', '2020-09-15 18:33:04'),
('monica.carhuaz@gmail.com', '$2y$10$cKJ0UIs9/zI1KfE9ichNhuP9XUuGKeIK6hKLCw7dEZgtAKOYGAD1O', '2021-10-15 15:53:50'),
('dlg4591@gmail.com', '$2y$10$WEMCUiaSlXOwIX/Lsyftz.FmEsS5NQMW4mRy3.ZFz1174oMHDnrC.', '2021-07-19 18:07:02'),
('Jvidal1661@gmail.com', '$2y$10$aG30ttd2XRoZNKW3HMw7q.uMikz0pssWp3dZ8.IN5wfiUhf.qTYDm', '2021-05-31 17:05:41'),
('dlaychung@hotmail.com', '$2y$10$n.xD2nQPMKW/RmYgMS051ejeEI91injlnzVxTDTT7s5U.zjZ4ph2q', '2021-06-02 16:58:57'),
('cesar.galmen10@gmail.com', '$2y$10$FLR6HY/WUoLELlhfiPnnD.zY2e4iE.JYWkX5n8l5dobgIwPxJQDJq', '2021-06-04 18:14:07'),
('alfredolarez08@gmail.com', '$2y$10$oROahED6DNoXvaPuS6MQw.dzqplcu0fGEXRjTOGl0XpMBDPpHmreq', '2021-10-25 16:19:55'),
('bruno6340@hotmail.com', '$2y$10$1UjD6Inj/fd4/cegLKRM6u6XXvLe3Hrza3eE37jKsgxlv3V5czPVe', '2021-08-12 18:07:50'),
('ruthvivar@outlook.es', '$2y$10$LGdxbrJB/erkLF1WiTxYtOA7tENCL64kw4aapjSNgeqS0BnIb4EJe', '2021-06-18 21:02:03'),
('ruthvivar@outlook.es', '$2y$10$vYGNbNYHm3F19Y0tHC.vhe5YZenjLUp3xn5f82AGTjiWcefsGL1Hu', '2021-06-18 21:02:03'),
('ruthvivar@outlook.es', '$2y$10$ZdbEPdhCZUtTMcavsCOqZeYqt3J65hzDkf70FivBmyg01v/vAAH2y', '2021-06-18 21:02:03'),
('Lpitamanayalle1306@hotmail.com', '$2y$10$GeQ9L8qkP5nD/L8vXPFBXepb6l.OjZsEO1qTfYeyhwLXqHXd6XnOq', '2021-06-26 16:43:06'),
('jazmineginet@gmail.com', '$2y$10$EPQBlYLoY0REUs.VkBP95.qatDdr8.aL9O.tJQH4Ce05NcmkMw7SW', '2021-06-22 18:48:30'),
('emersontt@hotmail.com', '$2y$10$v5rWAp7mnehutXSDfwzHp.khENa6XeAtdjuQqv5DXJbyIpvzcoruO', '2021-06-28 23:10:10'),
('axelluna05@gmail.com', '$2y$10$RV8IPIKnLS9bQ4ZATpPwXuamDmADGGzeqrkFMdYwgIpVFtWgMsV52', '2021-06-28 19:56:41'),
('alzamoramaveri1@hotmail.com', '$2y$10$9cj2cQlMs5kyG9Q0Klbkle0w9qxY/ftOKOdk1/8478EBYKf4jlq3y', '2021-06-29 01:42:59'),
('hellenmiluskae@gmail.com', '$2y$10$OHSiO4Tbc99kneTdUiGOfu/71qv//DCKOERDVMufUy1gdRfFZMNuK', '2021-06-29 15:34:16'),
('lasd_ime@yahoo.es', '$2y$10$vY.S5NBYTWAL2gqz6Zi4YO92d71hGeUujOzBMxIagLG08G5lzzOsG', '2021-08-24 16:03:38'),
('anaraalvarezcesar@gmail.com', '$2y$10$JPKPtetKgKL9I66A7WfmOuaDJmSiZVNi.EqHplVC8kqE0U1OJwLdK', '2021-07-01 15:42:15'),
('jessypsp@hotmail.com', '$2y$10$vP3NtyFFuBkqM0ivlOBRBujvbDAaGUQKGNoT5FQcVloOB8HPLL5Q2', '2021-10-06 14:52:14'),
('inversionesrissan@gmail.com', '$2y$10$HL43iNnJrqPFN9B.b3q1seXB9Cb.SfEtx67VtNBVATfTDjYq5gwje', '2021-07-13 18:21:32'),
('valerosa967@gmail.com', '$2y$10$W0/4Don2AOsQo1boyugXruArULg6L7bOWXCZhn0MCfpmQkLWwKtwy', '2021-08-18 18:03:11'),
('gonzalo_a3@hotmail.com', '$2y$10$gGFDzcdXZlM7OYRjyL.UpOHRHUGOzJl/qDzvGUcJsDPqaHgHjQxfS', '2021-07-19 22:15:20'),
('lhesly_h@hotmail.com', '$2y$10$PlW8pPTO0Z1j9NA1D/0I4eobLgalgXTk0wxWoy1N1BoCoTXkKlY.O', '2021-07-16 23:54:32'),
('jventasperu@GMAIL.COM', '$2y$10$2EQfu0H/j0r2lcK96ZHLTuldpE7Lj2ZXOLPQ.JuuA.HVZWnlNrUxW', '2021-07-19 17:13:20'),
('janneth_mc@hotmail.com', '$2y$10$oRKbCj8Mp6asbhs3fC.ASe3d1Ve0kcHTGFs3PJXRqy5XkpFcDqGPG', '2021-07-20 16:53:30'),
('paolo.marengo.m@gmail.com', '$2y$10$956AwSeprzbjTutAEZKOlOQtVKT6djcQoGUOMfLI.aFYg1xCRBpz.', '2021-07-21 14:36:33'),
('claudia.manrique.h@gmail.com', '$2y$10$X/AIXUabJgPHuO.4h/8bleACApRteEtkJiISVJn24Jb8a0n01gLUu', '2021-10-13 17:15:28'),
('viviana.herrera@hotmail.com', '$2y$10$h.R02b3qaFgl5XXn9V.lj.q.t5tnfAjeF/vbUCCeVU5Kps.pCqWyK', '2021-07-23 02:54:26'),
('lubri_carlos75@hotmail.com', '$2y$10$cwmFbVKI9S1CitHdwMobFOVVpvcfeza4pgv8RY6kfe0qWRNaQR0vW', '2021-07-23 18:28:46'),
('petarnm@gmail.com', '$2y$10$wIT2Fq/w2ej8u5aeMUW.1eEVpWIIPMH51pFx14fpyZNJPaE2XLzEy', '2021-07-28 17:23:02'),
('redboneplay@gmail.com', '$2y$10$/yqWkO8H9ip6zbiR74frd.7SADJJfRtGceJXctj9vN1wrdSsUErLm', '2021-08-02 16:22:16'),
('gabrielajborja@gmail.com', '$2y$10$TxLB0Nd0HlDN68KH4MU0aeQivWefUAJPpE.b6N/JKrBOGo3IQBtJa', '2021-09-27 20:08:35'),
('javierriscomejia05@gmail.com', '$2y$10$I27yk8I8yaoWiDqjzKiKkOl.3972FCe2tE3MgSzerNVGZIr6ZAE32', '2021-08-31 21:05:51'),
('javierfisicadmi@hotmail.com', '$2y$10$N5w8exOjLWw2XIvDU/jmb.yPZ.L4MGyrky9qao9.n.r3Q.ZOKiVBi', '2021-08-11 01:58:20'),
('tponced@hotmail.com', '$2y$10$8JiYF0w.zarwRxN5JUyl3.f7NneOI54Sdd52EmcWz3mJ6iaaMoo0O', '2021-08-16 17:15:53'),
('ale.mc.95@gmail.com', '$2y$10$DxiIroudhACE4CyklU23pOjh258yeZ36sKFjTrSBnpjciEDADW3Yu', '2021-08-24 16:35:33'),
('ccaa1206@gmail.com', '$2y$10$lOP0s7t41v9Xk1o7DP5c7e7VVMLkm1cKkjZOQL361NgRw4HiKi.gG', '2021-11-17 20:47:20'),
('erosass@hotmail.com', '$2y$10$1ET7NFTFM1bt.mH4sQKPfevMjPSMOg9WJ5mrwo1tgm6GIac0DLHxm', '2021-11-08 17:18:52'),
('cont.salaverry3@iturri.com.pe', '$2y$10$jHiUopGAXLh6yLfGFyXtnuLqRuIGCS/vgBLJxeI3VCUJQZecwgk.S', '2021-09-23 17:12:42'),
('jk.mirandab@gmail.com', '$2y$10$gv9SPI3wSg8HhnlZHtNSUu3KChDQEqHpne/RqFSHL5AvGQra3datm', '2021-10-26 00:00:05'),
('emilio_3813@hotmail.com', '$2y$10$Jg5cxFulUH2RtkfRegRztO8u9uuMiZqY5hjbBNzdTlB/ZDwoR3pnW', '2021-09-21 00:50:29'),
('dianas_53@hotmail.com', '$2y$10$0r3uXp7.ag2X/kBxsqlZ..FzSPZVAu3GwFXxk439QXZLwnqYPu9e6', '2021-10-07 14:51:05'),
('vportilla@warinversiones.com', '$2y$10$sQTz7jib3xasgX/1XR6fsuySvDfJiXJb.8C2tNEFdRIQOzxtu/GIm', '2021-09-27 18:58:13'),
('ricardoccutipa@gmail.com', '$2y$10$ZVGM1rJs95OXFB6WUIrMbu/d1eikDeo77WsxBBKQocu.u6wv6DBM6', '2021-09-29 23:46:52'),
('ricardoccutipa@gmail.com', '$2y$10$A//utI4jsZdz0N7ll3W3uuaVdGxxYCS7Q5ARSeuQ6DQpDMGA8r2HO', '2021-09-29 23:46:52'),
('J.RODRIGO550@GMAIL.COM', '$2y$10$5sGrPBDGSRtJBByC7K3RDOxl5rbTw3wasL.2Uu4WkWkG5NvAs8VPO', '2021-11-15 17:47:57'),
('infantes2017@gmail.com', '$2y$10$vhuEITIPhMoeYSjAHcfh7.GmlZdLdFWhAXZzV14DnkIqHT9SaX3Bm', '2021-09-30 23:47:10'),
('Ceciliaamado24@gmail.com', '$2y$10$BD0CB.55n6ApWsa8jpE5KuBkxo2.bgWm32GMPpwfTLTUsLNFK6Q4e', '2021-10-02 17:33:44'),
('lromeroq78@gmail.com', '$2y$10$/mrP1dmqT8XKBo3edTelTu4PIyeK5GFUB6HGhKepDTBIOJOlGYdUK', '2021-10-11 21:10:30'),
('amorotocindy@gmail.com', '$2y$10$eN6THJfBdBaA/x4RTFXcs.fe.NN1YQZV1gQzHLzpqaWi9aWc8WASu', '2021-10-08 16:13:46'),
('bdiaz0058@gmail.com', '$2y$10$LdqJ4CXmckThWIwPdug2WuTGC8D97qLAttCMElv8rVWfKnz2MCMSS', '2021-10-11 17:36:40'),
('miguel.angel.nunez.castillo@gmail.com', '$2y$10$s3iyC8DQ8I2CtbXtwa1sv.ReajZhGR0m1teAkulakbkL2GyCvvJXS', '2021-10-14 23:20:39'),
('lauraparedesumeres@gmail.com', '$2y$10$kwhGw0ROa0r0BmGhG0O3MubYAk9TVfyDA40yTJQ1GHgomKMt5JcMq', '2021-10-14 03:34:27'),
('arianaparra613@gmail.com', '$2y$10$.Qo21z50.hy1tmHPhEKKcOO0md3.PRb4YZdQgQ.LbOomfD4.QztQW', '2021-10-14 23:36:15'),
('beellye@gmail.com', '$2y$10$jGHknQVQiV.D/cdUZG6hjuH0/L5QXe6XAtr5i/NimDhZzk.hWfLL.', '2021-10-14 23:59:37'),
('cchoquel@uni.pe', '$2y$10$5ldga0eolc7CX5RU3CmhW.0HXYCYLJl6vUsxOFkUbd64Y9kodqWfa', '2021-10-18 15:09:50'),
('melesiomulatillo@gmail.com', '$2y$10$Y9ccSQZNC2terI3MMvhK1e1JJPoEQh49XcMNV11F9d0MN0Mj1aQIq', '2021-10-16 19:47:55'),
('elizabethmaizondo@hotmail.com', '$2y$10$JDd7WBSVo5V17kJOFKuOs.Dev6YwVMt/3/.8qsn47HduFb5359kmC', '2021-10-18 22:18:54'),
('anita_j_s@hotmail.com', '$2y$10$LDB3DyQwaoFbqRwKjVKBneVWjG9joyDYl7nASwBpeWQTgPcTe9QqW', '2021-10-18 22:54:57'),
('medaly.vivas7028@gmail.com', '$2y$10$fZfAARxFLiodd8d.Vqv60uzZWdfcO/1n76MHZPLSrbCtxBWxNW2ni', '2021-10-30 00:09:30'),
('cfranco3112@gmail.com', '$2y$10$T7FN709U6RqQFXpjyMGlZO3PLTazbY6b1b8Hcsrj7.SqkL6GBEGS.', '2021-11-09 19:49:28'),
('costantini750@gmail.com', '$2y$10$j.yTtZyaPoPGDbNZiMR9P.3WcMRppjlBKQDugXPoldnIYmF3Nr7Iy', '2021-11-09 21:25:45'),
('CONTABILIDAD@CHTSAC.PE', '$2y$10$iz9zd0l4wXj4lPjX/mbTsO8ujXA9WuINVuRzh/QEc97/PwTDPRYkK', '2021-11-10 18:56:29'),
('claudina126@hotmail.com', '$2y$10$1PVSVAudDBuXElVoTmkNX.rB/QTJSMazYgL7cxvHUp8K0G5UNhWIq', '2021-11-11 00:54:36'),
('elizabethcrispinpolo@gmail.com', '$2y$10$ySva.XQoULfwpXiGfJSEpu113ZSiIywkxypN30c/OEhQqW2XIlC4S', '2021-11-15 23:12:40'),
('jdelgado@modasa.com.pe', '$2y$10$56fdDUpx73hWCiHYrtbkL.VGIFP7.5pPVIaAcYiWMSDjjQfYAHVWa', '2021-12-15 17:00:42'),
('ljroblescaballero@gmail.com', '$2y$10$6NP9xcsr2HmoOZ2kApNvAOOemzNp6rxOzoAXsu44pi8PqWbRKyuRy', '2021-12-01 17:47:55'),
('maggie15_2@hotmail.com', '$2y$10$DnxSzEX91GxMRukAZy7P3OvAM975/gu6mgjrkMG1mxUPD/LG.naP.', '2021-11-16 20:18:01'),
('segundo.barrera.c@gmail.com', '$2y$10$dnTYBmHRMUpFU.jH2kVaYuQZDjknPdbZCYYH20hlYU3YxoQf1TxOG', '2021-11-19 18:27:35'),
('MIGUEL.CUBA488@GMAIL.COM', '$2y$10$j53FwuSaLksedL87Jh8aX.xCLYQxnwo1bPZCnRbvTFT4ePRrvLpm.', '2021-11-25 22:12:27'),
('viviangrace24@hotmail.com', '$2y$10$KpXPiTibEAIQopElXeAY3uZ/MqijInMYYZLrRQ6.bPI/WW61PU60q', '2021-11-30 18:33:59'),
('carlo_villa2016@hotmail.com', '$2y$10$UVSGGe9DgJ19UJWPnBsmhu/p0yN8ayT9eJunXd.uVFBPQ.YxQiHSS', '2021-12-16 17:46:21'),
('wilsonpp_21@hotmail.com', '$2y$10$KZ2.uCQRQtYqAmBosO0ghOjEG3EUXoQl4qpLfCSIUBWC28OY2g9XO', '2021-12-07 22:21:07'),
('edgardgines@yahoo.es', '$2y$10$I2MYFGspsZuloyMb4DK6vOVxl4i0oe.p7VFVDY75j6aqTl5M7fLPa', '2021-12-05 02:30:32'),
('mialila1111@hotmail.com', '$2y$10$f8sxcmptPmlvqARX7K9ME.8dcB/Cxn12eN/6oNPt6D0soowJIkGia', '2021-12-07 00:43:01'),
('juanyyuncaccallo@gmail.com', '$2y$10$8k/16L0dgGH8qJdnIjKnl.0zIzwSTP2oVfTfVYczQJLXgSev0yY6O', '2021-12-07 23:48:35'),
('anayoga9@gmail.com', '$2y$10$b7nJUQlJAhYvFbfDfOEfXOPN2wkgtAWitVHWXdOMEpbFfFepyOnXG', '2021-12-08 01:31:17'),
('pzegarrarocha@gmail.com', '$2y$10$LVX8D8GW7DIz83vpU2K3r.Yut9nyKs6AW31MCJ5M6LVKD3XS6A0Fi', '2021-12-08 19:52:04'),
('aaallpas@gmail.com', '$2y$10$4a5oQWw3wmO6jZEbGf8VaO2bjrQKi/nPXNvkhrp1UT4iejaHywluG', '2021-12-10 00:02:22'),
('clazo.3794@gmail.com', '$2y$10$ZlaqaHZDjYFDsyHv8u13QeNwvTwbXYoCNbLWrhZ.XefBlXjeSc5XW', '2021-12-27 22:11:10'),
('chrischa64@hotmail.com', '$2y$10$UFMlchhE5G5Z0SfgFP/S6umQ6cArjxjwGdUMt0.qplHro8kvSmPSq', '2021-12-10 20:40:45'),
('mrodriguez080613@gmail.com', '$2y$10$R3HEXS.K7l0SfxXP/I6dBebC03/SoNgWV/uz8O2Iil89TZXc//Tzu', '2021-12-23 20:24:16'),
('j.more1@hotmail.com', '$2y$10$/EWGCxSRk30KAPx6ZVV1rOqzSCF7mM1lbXAfNxeCVgsleXY9M8Jn2', '2021-12-11 18:01:55'),
('jonatank199@gmail.com', '$2y$10$mVRUiHqsLUCGzKvacx4ofuum.h30mkS0dgYPo9q64FgpZNYTg7oDC', '2021-12-11 18:06:52'),
('teffybaldeon.a@gmail.com', '$2y$10$5R9wgF68wzbff8JIHCH8v.eSyMqHNrsxghYtST.uEvUn1CQmOyUW.', '2021-12-13 19:04:09'),
('juan.zevallosch@gmail.com', '$2y$10$kb0/iW5p4kFukJaQW6l5keXlnWLahuOu18nMU2tqjLakG6ZZJX9Ma', '2021-12-13 19:15:16'),
('eenriquezy3@gmail.com', '$2y$10$BOiAR4Npn9i8BrEhp7KkgeR8NS61oT6icrgkuX7qP.iadDbngSXYa', '2021-12-15 18:19:33'),
('vallenasc@gmail.com', '$2y$10$tTvlLtIkA.dZMprnhyttGe3IWVPJ5mIjS2/EI5D4k6lro/w9qTSgq', '2021-12-13 21:35:28'),
('hello1@grr.la', '$2y$10$09XuGm2tST6KuHeV3oUN0.laX/baGF0OoHcL2P8XQ50GBjM4ZI0uC', '2021-12-27 23:03:53'),
('miguel.bell@gmail.com', '$2y$10$ygpxdFN9TgRi7PVKH7oZxuyxX.IyFmpj.WdLIHu21yu3J/vks2Pbe', '2021-12-14 00:52:45'),
('anmoli4221@gmail.com', '$2y$10$zuYdzGEP8xx64euAR5caNedTMAqDEp.fFIwQvo.5Z9e8KRybxP9l.', '2022-01-08 02:27:56'),
('andrea24621@gmail.com', '$2y$10$1VB4jjkUNxTIojgCfMJkWOySzDbg1RIfsXnjTn4IIyVSaYK4fsYX6', '2022-01-12 22:21:07'),
('giuliana.ferrari@unmsm.edu.pe', '$2y$10$LLnApu6tiAzBoxr6jb/DPuzbguC4cuQYUhRv8bKyDvZyo4rOqFroC', '2021-12-16 18:15:43'),
('ray_hilario@hotmail.com', '$2y$10$aVmoa6ITpCJqJHU/fCS6UOLse2LEElBMdj0Y9pXyTtoDAzNB1YRoq', '2021-12-28 17:18:46'),
('Gerenciabricorp.2020@gmail.com', '$2y$10$WhSe2mrlpkr9C.0UTIpiFOFR9E1.r9pPm8qbt8/P9pRL61dnAQR3K', '2021-12-18 02:25:07'),
('Ysarmientoalv4@gmail.com', '$2y$10$JzQ9Eq7FXOQOhLplhAeS4eopLn8SyJPyb19rG4XYm8vi7GwFQr5h2', '2021-12-16 20:49:11'),
('omp@openmineral.com', '$2y$10$O6.Y0N7iIELfazGuXalffeF62UsWWydTHwUXWxmnqF.Gjqn0SplVi', '2021-12-24 16:58:30'),
('ray_hilario@hotmail.com', '$2y$10$A3hUIMD48x9uBUJQygR/u.BdoPpmQJtqMQvI6PYWGxSCqMp3y3Z1y', '2021-12-28 17:18:46'),
('carla.vtb@hotmail.com', '$2y$10$s8Z7U.fJPZlX9oarnOcz/eby5igiS0oJ7.j9guQG.iRwlHxmj2ECy', '2021-12-30 23:02:43'),
('may74lee@yahoo.com', '$2y$10$sfzRKV1tpwqCx06.E1HIg.jrwDK.ED7/wp5VV1JAm4VgCRdtMAdjK', '2022-01-12 23:08:47'),
('anaocon12613@gmail.com', '$2y$10$2r9sTgVknB1T14AfbwVtJObuDPdF9rA31Exw3PAm2AtiVqCYtS4Xy', '2022-01-11 22:41:18'),
('elpepe@elpepe.com', '$2y$10$xpRGj2lHc0a9xEwoBZTT0uRGjRf4SHCzLZgK0MjJF5rp5z337.2Ki', '2022-03-14 21:46:05'),
('asdasdsad@hotm.com', '$2y$10$jqcfrtwRHZ9utikZjzjnge2bXILhv4mHp7/RBETzKN8MEeuQNleFK', '2022-03-14 22:09:54'),
('vstore615@gmail.com', '$2y$10$JsROJmHqB19S5dhb4ZnBduAObpnqEVkbFawXYqpBOyhzW8zQqFkm6', '2022-04-09 03:07:42'),
('cambiosfortuna@gmail.com', '$2y$10$wq4RLnbCQoxeUrT25NvuZ.PMFvW7fx.BRr89R.YyO7CjAcWAMXhZ6', '2022-04-07 04:41:20'),
('macedonialovers@gmail.com', '$2y$10$DadpUPiTYJizoVUff8lZL.PjhupMUUNiNXVK.P6AOZWxr1zDSDtJi', '2022-08-03 22:22:07');

-- --------------------------------------------------------

--
-- Table structure for table `tipocambio`
--

CREATE TABLE `tipocambio` (
  `tipocambio_id` int(11) NOT NULL,
  `compra` varchar(255) COLLATE utf8mb4_unicode_ci DEFAULT NULL,
  `venta` varchar(255) COLLATE utf8mb4_unicode_ci DEFAULT NULL,
  `created_by` varchar(255) COLLATE utf8mb4_unicode_ci DEFAULT NULL,
  `created_at` varchar(255) COLLATE utf8mb4_unicode_ci DEFAULT NULL,
  `updated_at` varchar(255) COLLATE utf8mb4_unicode_ci DEFAULT NULL
) ENGINE=MyISAM DEFAULT CHARSET=utf8mb4 COLLATE=utf8mb4_unicode_ci;

--
-- Dumping data for table `tipocambio`
--

INSERT INTO `tipocambio` (`tipocambio_id`, `compra`, `venta`, `created_by`, `created_at`, `updated_at`) VALUES
(1, '3.76', '3.81', 'Administrador', '2022-03-21 09:40:40', '2022-03-21 09:40:40'),
(2, '3.76', '3.79', 'Administrador', '2022-03-23 10:14:56', '2022-03-23 10:14:56'),
(3, '3.753', '3.788', 'Administrador', '2022-03-24 09:12:37', '2022-03-24 09:12:37'),
(4, '3.723', '3.763', 'Administrador', '2022-03-24 14:27:41', '2022-03-24 14:27:41'),
(5, '3.711', '3.755', 'Administrador', '2022-03-25 09:11:22', '2022-03-25 09:11:22'),
(6, '3.73', '3.765', 'Administrador', '2022-03-26 09:26:35', '2022-03-26 09:26:35'),
(7, '3.715', '3.775', 'Administrador', '2022-03-26 14:41:37', '2022-03-26 14:41:37'),
(8, '3.711', '3.745', 'Administrador', '2022-03-29 09:08:03', '2022-03-29 09:08:03'),
(9, '3.715', '3.74', 'Administrador', '2022-03-29 11:26:16', '2022-03-29 11:26:16'),
(10, '3.718', '3.745', 'Administrador', '2022-03-29 13:56:07', '2022-03-29 13:56:07'),
(11, '3.712', '3.739', 'Administrador', '2022-03-30 12:42:02', '2022-03-30 12:42:02'),
(12, '3.71', '3.739', 'Administrador', '2022-03-30 13:50:06', '2022-03-30 13:50:06'),
(13, '3.661', '3.705', 'Administrador', '2022-04-01 09:28:44', '2022-04-01 09:28:44'),
(14, '3.635', '3.677', 'Administrador', '2022-04-01 10:42:02', '2022-04-01 10:42:02'),
(15, '3.635', '3.675', 'Administrador', '2022-04-02 09:35:23', '2022-04-02 09:35:23'),
(16, '3.611', '3.647', 'Administrador', '2022-04-04 10:18:39', '2022-04-04 10:18:39'),
(17, '3.631', '3.771', 'Administrador', '2022-04-04 15:27:51', '2022-04-04 15:27:51'),
(18, '3.642', '3.725', 'Administrador', '2022-04-05 10:15:50', '2022-04-05 10:15:50'),
(19, '3.652', '3.733', 'Administrador', '2022-04-05 12:40:18', '2022-04-05 12:40:18'),
(20, '3.685', '3.753', 'Administrador', '2022-04-06 09:30:19', '2022-04-06 09:30:19'),
(21, '3.692', '3.735', 'Administrador', '2022-04-06 10:02:49', '2022-04-06 10:02:49'),
(22, '3.698', '3.743', 'Administrador', '2022-04-06 10:33:52', '2022-04-06 10:33:52'),
(23, '3.711', '3.745', 'Administrador', '2022-04-06 11:14:38', '2022-04-06 11:14:38'),
(24, '3.69', '3.747', 'Administrador', '2022-04-06 17:20:16', '2022-04-06 17:20:16'),
(25, '3.693', '3.729', 'Administrador', '2022-04-07 10:00:04', '2022-04-07 10:00:04'),
(26, '3.701', '3.725', 'Administrador', '2022-04-07 10:54:33', '2022-04-07 10:54:33'),
(27, '3.705', '3.733', 'Administrador', '2022-04-07 11:21:29', '2022-04-07 11:21:29'),
(28, '3.695', '3.725', 'Administrador', '2022-04-07 12:15:39', '2022-04-07 12:15:39'),
(29, '3.700', '3.725', 'Administrador', '2022-04-07 13:06:27', '2022-04-07 13:06:27'),
(30, '3.681', '3.725', 'Administrador', '2022-04-08 09:07:18', '2022-04-08 09:07:18'),
(31, '3.692', '3.725', 'Administrador', '2022-04-08 11:35:14', '2022-04-08 11:35:14'),
(32, '3.699', '3.725', 'Administrador', '2022-04-08 12:06:23', '2022-04-08 12:06:23'),
(33, '3.705', '3.733', 'Administrador', '2022-04-08 12:45:46', '2022-04-08 12:45:46'),
(34, '3.705', '3.729', 'Administrador', '2022-04-08 13:38:04', '2022-04-08 13:38:04'),
(35, '3.700', '3.727', 'Administrador', '2022-04-11 09:55:20', '2022-04-11 09:55:20'),
(36, '3.71', '3.735', 'Administrador', '2022-04-11 11:23:45', '2022-04-11 11:23:45'),
(37, '3.705', '3.725', 'Administrador', '2022-04-11 12:01:34', '2022-04-11 12:01:34'),
(38, '3.71', '3.728', 'Administrador', '2022-04-11 13:39:01', '2022-04-11 13:39:01'),
(39, '3.707', '3.728', 'Administrador', '2022-04-11 14:59:14', '2022-04-11 14:59:14'),
(40, '3.691', '3.728', 'Administrador', '2022-04-11 15:50:08', '2022-04-11 15:50:08'),
(41, '3.687', '3.717', 'Administrador', '2022-04-12 09:29:46', '2022-04-12 09:29:46'),
(42, '3.69', '3.721', 'Administrador', '2022-04-12 09:47:52', '2022-04-12 09:47:52'),
(43, '3.701', '3.728', 'Administrador', '2022-04-12 12:06:15', '2022-04-12 12:06:15'),
(44, '3.702', '3.733', 'Administrador', '2022-04-12 12:23:20', '2022-04-12 12:23:20'),
(45, '3.705', '3.735', 'Administrador', '2022-04-12 13:09:58', '2022-04-12 13:09:58'),
(46, '3.707', '3.757', 'Administrador', '2022-04-12 13:29:40', '2022-04-12 13:29:40'),
(47, '3.71', '3.75', 'Administrador', '2022-04-12 14:58:23', '2022-04-12 14:58:23'),
(48, '3.71', '3.76', 'Administrador', '2022-04-13 09:32:39', '2022-04-13 09:32:39'),
(49, '3.712', '3.777', 'Administrador', '2022-04-13 09:43:57', '2022-04-13 09:43:57'),
(50, '3.722', '3.775', 'Administrador', '2022-04-13 10:15:59', '2022-04-13 10:15:59'),
(51, '3.72', '3.765', 'Administrador', '2022-04-13 10:37:13', '2022-04-13 10:37:13'),
(52, '3.718', '3.765', 'Administrador', '2022-04-13 11:32:49', '2022-04-13 11:32:49'),
(53, '3.721', '3.757', 'Administrador', '2022-04-13 13:50:45', '2022-04-13 13:50:45'),
(54, '3.715', '3.755', 'Administrador', '2022-04-13 15:47:43', '2022-04-13 15:47:43'),
(55, '3.711', '3.755', 'Administrador', '2022-04-13 18:37:03', '2022-04-13 18:37:03'),
(56, '3.713', '3.753', 'Administrador', '2022-04-16 09:49:57', '2022-04-16 09:49:57'),
(57, '3.725', '3.763', 'Administrador', '2022-04-18 09:24:34', '2022-04-18 09:24:34'),
(58, '3.72', '3.757', 'Administrador', '2022-04-18 09:33:48', '2022-04-18 09:33:48'),
(59, '3.72', '3.751', 'Administrador', '2022-04-18 10:38:33', '2022-04-18 10:38:33'),
(60, '3.725', '3.755', 'Administrador', '2022-04-18 13:23:44', '2022-04-18 13:23:44'),
(61, '3.73', '3.763', 'Administrador', '2022-04-19 09:13:49', '2022-04-19 09:13:49'),
(62, '3.722', '3.758', 'Administrador', '2022-04-19 09:37:46', '2022-04-19 09:37:46'),
(63, '3.721', '3.752', 'Administrador', '2022-04-19 10:54:34', '2022-04-19 10:54:34'),
(64, '3.712', '3.749', 'Administrador', '2022-04-19 11:33:59', '2022-04-19 11:33:59'),
(65, '3.712', '3.749', 'Administrador', '2022-04-19 11:33:59', '2022-04-19 11:33:59'),
(66, '3.711', '3.745', 'Administrador', '2022-04-19 12:21:56', '2022-04-19 12:21:56'),
(67, '3.711', '3.742', 'Administrador', '2022-04-19 13:10:55', '2022-04-19 13:10:55'),
(68, '3.701', '3.739', 'Administrador', '2022-04-19 13:20:19', '2022-04-19 13:20:19'),
(69, '3.705', '3.732', 'Administrador', '2022-04-19 15:49:52', '2022-04-19 15:49:52'),
(70, '3.711', '3.743', 'Administrador', '2022-04-20 09:13:58', '2022-04-20 09:13:58'),
(71, '3.702', '3.735', 'Administrador', '2022-04-20 09:34:55', '2022-04-20 09:34:55'),
(72, '3.691', '3.728', 'Administrador', '2022-04-20 09:38:24', '2022-04-20 09:38:24'),
(73, '3.681', '3.725', 'Administrador', '2022-04-20 10:03:45', '2022-04-20 10:03:45'),
(74, '3.695', '3.733', 'Administrador', '2022-04-20 10:18:20', '2022-04-20 10:18:20'),
(75, '3.703', '3.735', 'Administrador', '2022-04-20 11:36:47', '2022-04-20 11:36:47'),
(76, '3.70', '3.73', 'Administrador', '2022-04-20 11:58:12', '2022-04-20 11:58:12'),
(77, '3.705', '3.735', 'Administrador', '2022-04-20 13:34:40', '2022-04-20 13:34:40'),
(78, '3.711', '3.742', 'Administrador', '2022-04-20 16:57:19', '2022-04-20 16:57:19'),
(79, '3.695', '3.735', 'Administrador', '2022-04-21 08:56:08', '2022-04-21 08:56:08'),
(80, '3.711', '3.745', 'Administrador', '2022-04-21 09:06:48', '2022-04-21 09:06:48'),
(81, '3.711', '3.745', 'Administrador', '2022-04-21 09:07:22', '2022-04-21 09:07:22'),
(82, '3.715', '3.755', 'Administrador', '2022-04-21 09:21:04', '2022-04-21 09:21:04'),
(83, '3.718', '3.755', 'Administrador', '2022-04-21 10:11:35', '2022-04-21 10:11:35'),
(84, '3.717', '3.749', 'Administrador', '2022-04-21 10:22:59', '2022-04-21 10:22:59'),
(85, '3.72', '3.75', 'Administrador', '2022-04-21 10:44:31', '2022-04-21 10:44:31'),
(86, '3.718', '3.745', 'Administrador', '2022-04-21 11:37:11', '2022-04-21 11:37:11'),
(87, '3.721', '3.751', 'Administrador', '2022-04-21 12:33:53', '2022-04-21 12:33:53'),
(88, '3.723', '3.757', 'Administrador', '2022-04-21 13:34:13', '2022-04-21 13:34:13'),
(89, '3.723', '3.751', 'Administrador', '2022-04-21 15:46:34', '2022-04-21 15:46:34'),
(90, '3.718', '3.752', 'Administrador', '2022-04-21 17:00:31', '2022-04-21 17:00:31'),
(91, '3.72', '3.76', 'Administrador', '2022-04-21 17:58:14', '2022-04-21 17:58:14'),
(92, '3.731', '3.775', 'Administrador', '2022-04-22 09:15:00', '2022-04-22 09:15:00'),
(93, '3.741', '3.785', 'Administrador', '2022-04-22 10:09:33', '2022-04-22 10:09:33'),
(94, '3.745', '3.779', 'Administrador', '2022-04-22 11:01:05', '2022-04-22 11:01:05'),
(95, '3.748', '3.785', 'Administrador', '2022-04-22 11:09:33', '2022-04-22 11:09:33'),
(96, '3.753', '3.791', 'Administrador', '2022-04-22 11:59:31', '2022-04-22 11:59:31'),
(97, '3.757', '3.788', 'Administrador', '2022-04-22 14:18:15', '2022-04-22 14:18:15'),
(98, '3.751', '3.789', 'Administrador', '2022-04-23 12:15:03', '2022-04-23 12:15:03'),
(99, '3.758', '3.835', 'Administrador', '2022-04-25 08:58:04', '2022-04-25 08:58:04'),
(100, '3.772', '3.833', 'Administrador', '2022-04-25 09:17:00', '2022-04-25 09:17:00'),
(101, '3.788', '3.845', 'Administrador', '2022-04-25 10:38:53', '2022-04-25 10:38:53'),
(102, '3.788', '3.825', 'Administrador', '2022-04-25 11:51:22', '2022-04-25 11:51:22'),
(103, '3.788', '3.835', 'Administrador', '2022-04-25 11:51:39', '2022-04-25 11:51:39'),
(104, '3.791', '3.825', 'Administrador', '2022-04-25 13:52:08', '2022-04-25 13:52:08'),
(105, '3.801', '3.835', 'Administrador', '2022-04-26 09:10:49', '2022-04-26 09:10:49'),
(106, '3.803', '3.833', 'Administrador', '2022-04-26 11:18:40', '2022-04-26 11:18:40'),
(107, '3.803', '3.837', 'Administrador', '2022-04-26 11:31:24', '2022-04-26 11:31:24'),
(108, '3.811', '3.853', 'Administrador', '2022-04-26 13:23:24', '2022-04-26 13:23:24'),
(109, '3.814', '3.848', 'Administrador', '2022-04-26 14:55:59', '2022-04-26 14:55:59'),
(110, '3.814', '3.875', 'Administrador', '2022-04-26 19:24:26', '2022-04-26 19:24:26'),
(111, '3.818', '3.855', 'Administrador', '2022-04-27 09:19:37', '2022-04-27 09:19:37'),
(112, '3.818', '3.848', 'Administrador', '2022-04-27 09:49:47', '2022-04-27 09:49:47'),
(113, '3.812', '3.842', 'Administrador', '2022-04-27 09:59:56', '2022-04-27 09:59:56'),
(114, '3.814', '3.851', 'Administrador', '2022-04-27 10:05:15', '2022-04-27 10:05:15'),
(115, '3.823', '3.855', 'Administrador', '2022-04-27 11:03:06', '2022-04-27 11:03:06'),
(116, '3.821', '3.848', 'Administrador', '2022-04-27 13:53:12', '2022-04-27 13:53:12'),
(117, '3.831', '3.877', 'Administrador', '2022-04-28 09:11:51', '2022-04-28 09:11:51'),
(118, '3.835', '3.893', 'Administrador', '2022-04-28 09:25:51', '2022-04-28 09:25:51'),
(119, '3.843', '3.888', 'Administrador', '2022-04-28 12:43:15', '2022-04-28 12:43:15'),
(120, '3.84', '3.875', 'Administrador', '2022-04-28 13:19:55', '2022-04-28 13:19:55'),
(121, '3.836', '3.872', 'Administrador', '2022-04-28 13:38:22', '2022-04-28 13:38:22'),
(122, '3.83', '3.872', 'Administrador', '2022-04-28 17:17:52', '2022-04-28 17:17:52'),
(123, '3.815', '3.849', 'Administrador', '2022-04-29 09:13:20', '2022-04-29 09:13:20'),
(124, '3.825', '3.855', 'Administrador', '2022-04-29 09:41:17', '2022-04-29 09:41:17'),
(125, '3.821', '3.854', 'Administrador', '2022-04-29 10:50:10', '2022-04-29 10:50:10'),
(126, '3.815', '3.851', 'Administrador', '2022-04-29 10:59:39', '2022-04-29 10:59:39'),
(127, '3.825', '3.855', 'Administrador', '2022-04-29 13:02:57', '2022-04-29 13:02:57'),
(128, '3.82', '3.852', 'Administrador', '2022-04-30 10:19:25', '2022-04-30 10:19:25'),
(129, '3.825', '3.863', 'Administrador', '2022-05-02 09:16:56', '2022-05-02 09:16:56'),
(130, '3.83', '3.865', 'Administrador', '2022-05-02 09:48:40', '2022-05-02 09:48:40'),
(131, '3.835', '3.873', 'Administrador', '2022-05-02 10:28:13', '2022-05-02 10:28:13'),
(132, '3.835', '3.865', 'Administrador', '2022-05-02 11:47:01', '2022-05-02 11:47:01'),
(133, '3.827', '3.855', 'Administrador', '2022-05-02 13:38:22', '2022-05-02 13:38:22'),
(134, '3.823', '3.852', 'Administrador', '2022-05-02 14:18:58', '2022-05-02 14:18:58'),
(135, '3.808', '3.865', 'Administrador', '2022-05-02 18:16:12', '2022-05-02 18:16:12'),
(136, '3.815', '3.848', 'Administrador', '2022-05-03 09:15:18', '2022-05-03 09:15:18'),
(137, '3.81', '3.845', 'Administrador', '2022-05-03 09:48:32', '2022-05-03 09:48:32'),
(138, '3.811', '3.841', 'Administrador', '2022-05-03 10:18:20', '2022-05-03 10:18:20'),
(139, '3.805', '3.835', 'Administrador', '2022-05-03 10:31:03', '2022-05-03 10:31:03'),
(140, '3.811', '3.843', 'Administrador', '2022-05-03 11:11:27', '2022-05-03 11:11:27'),
(141, '3.801', '3.839', 'Administrador', '2022-05-04 09:23:30', '2022-05-04 09:23:30'),
(142, '3.795', '3.829', 'Administrador', '2022-05-04 10:35:23', '2022-05-04 10:35:23'),
(143, '3.792', '3.823', 'Administrador', '2022-05-04 10:56:14', '2022-05-04 10:56:14'),
(144, '3.775', '3.822', 'Administrador', '2022-05-04 11:16:03', '2022-05-04 11:16:03'),
(145, '3.791', '3.825', 'Administrador', '2022-05-04 11:44:14', '2022-05-04 11:44:14'),
(146, '3.785', '3.823', 'Administrador', '2022-05-04 12:02:02', '2022-05-04 12:02:02'),
(147, '3.78', '3.818', 'Administrador', '2022-05-04 12:32:40', '2022-05-04 12:32:40'),
(148, '3.761', '3.813', 'Administrador', '2022-05-04 13:24:41', '2022-05-04 13:24:41'),
(149, '3.762', '3.805', 'Administrador', '2022-05-05 09:58:42', '2022-05-05 09:58:42'),
(150, '3.781', '3.821', 'Administrador', '2022-05-05 11:03:34', '2022-05-05 11:03:34'),
(151, '3.775', '3.813', 'Administrador', '2022-05-05 12:13:27', '2022-05-05 12:13:27'),
(152, '3.78', '3.815', 'Administrador', '2022-05-05 13:40:21', '2022-05-05 13:40:21'),
(153, '3.782', '3.825', 'Administrador', '2022-05-06 09:16:36', '2022-05-06 09:16:36'),
(154, '3.791', '3.825', 'Administrador', '2022-05-06 09:17:59', '2022-05-06 09:17:59'),
(155, '3.795', '3.829', 'Administrador', '2022-05-06 10:03:04', '2022-05-06 10:03:04'),
(156, '3.791', '3.819', 'Administrador', '2022-05-06 10:34:33', '2022-05-06 10:34:33'),
(157, '3.798', '3.825', 'Administrador', '2022-05-06 10:46:15', '2022-05-06 10:46:15'),
(158, '3.801', '3.827', 'Administrador', '2022-05-06 11:53:02', '2022-05-06 11:53:02'),
(159, '3.801', '3.827', 'Administrador', '2022-05-06 12:26:08', '2022-05-06 12:26:08'),
(160, '3.806', '3.833', 'Administrador', '2022-05-06 13:42:24', '2022-05-06 13:42:24'),
(161, '3.801', '3.829', 'Administrador', '2022-05-06 14:37:43', '2022-05-06 14:37:43'),
(162, '3.803', '3.828', 'Administrador', '2022-05-07 10:24:35', '2022-05-07 10:24:35'),
(163, '3.803', '3.845', 'Administrador', '2022-05-09 09:00:35', '2022-05-09 09:00:35'),
(164, '3.808', '3.853', 'Administrador', '2022-05-09 09:19:06', '2022-05-09 09:19:06'),
(165, '3.811', '3.845', 'Administrador', '2022-05-09 10:28:39', '2022-05-09 10:28:39'),
(166, '3.818', '3.845', 'Administrador', '2022-05-09 11:52:25', '2022-05-09 11:52:25'),
(167, '3.814', '3.844', 'Administrador', '2022-05-09 13:31:55', '2022-05-09 13:31:55'),
(168, '3.817', '3.841', 'Administrador', '2022-05-09 16:35:01', '2022-05-09 16:35:01'),
(169, '3.808', '3.838', 'Administrador', '2022-05-10 09:23:56', '2022-05-10 09:23:56'),
(170, '3.801', '3.835', 'Administrador', '2022-05-10 09:42:22', '2022-05-10 09:42:22'),
(171, '3.791', '3.827', 'Administrador', '2022-05-10 12:28:06', '2022-05-10 12:28:06'),
(172, '3.795', '3.83', 'Administrador', '2022-05-10 12:46:57', '2022-05-10 12:46:57'),
(173, '3.781', '3.823', 'Administrador', '2022-05-10 12:57:38', '2022-05-10 12:57:38'),
(174, '3.771', '3.815', 'Administrador', '2022-05-11 09:29:38', '2022-05-11 09:29:38'),
(175, '3.778', '3.815', 'Administrador', '2022-05-11 12:11:02', '2022-05-11 12:11:02'),
(176, '3.783', '3.818', 'Administrador', '2022-05-11 12:24:31', '2022-05-11 12:24:31'),
(177, '3.775', '3.825', 'Administrador', '2022-05-11 19:23:03', '2022-05-11 19:23:03'),
(178, '3.788', '3.828', 'Administrador', '2022-05-12 09:15:35', '2022-05-12 09:15:35'),
(179, '3.795', '3.825', 'Administrador', '2022-05-12 09:56:11', '2022-05-12 09:56:11'),
(180, '3.793', '3.821', 'Administrador', '2022-05-12 11:19:58', '2022-05-12 11:19:58'),
(181, '3.79', '3.815', 'Administrador', '2022-05-12 12:34:01', '2022-05-12 12:34:01'),
(182, '3.785', '3.815', 'Administrador', '2022-05-12 13:05:44', '2022-05-12 13:05:44'),
(183, '3.78', '3.81', 'Administrador', '2022-05-12 13:22:17', '2022-05-12 13:22:17'),
(184, '3.771', '3.811', 'Administrador', '2022-05-12 13:28:09', '2022-05-12 13:28:09'),
(185, '3.755', '3.808', 'Administrador', '2022-05-12 13:34:58', '2022-05-12 13:34:58'),
(186, '3.763', '3.812', 'Administrador', '2022-05-13 09:52:45', '2022-05-13 09:52:45'),
(187, '3.772', '3.807', 'Administrador', '2022-05-13 12:25:08', '2022-05-13 12:25:08'),
(188, '3.781', '3.815', 'Administrador', '2022-05-13 13:36:43', '2022-05-13 13:36:43'),
(189, '3.781', '3.817', 'Administrador', '2022-05-13 17:24:49', '2022-05-13 17:24:49'),
(190, '3.775', '3.813', 'Administrador', '2022-05-14 09:45:39', '2022-05-14 09:45:39'),
(191, '3.765', '3.807', 'Administrador', '2022-05-16 09:21:44', '2022-05-16 09:21:44'),
(192, '3.771', '3.808', 'Administrador', '2022-05-16 10:08:20', '2022-05-16 10:08:20'),
(193, '3.778', '3.808', 'Administrador', '2022-05-16 10:50:41', '2022-05-16 10:50:41'),
(194, '3.775', '3.805', 'Administrador', '2022-05-16 11:30:34', '2022-05-16 11:30:34'),
(195, '3.771', '3.802', 'Administrador', '2022-05-16 13:11:31', '2022-05-16 13:11:31'),
(196, '3.765', '3.799', 'Administrador', '2022-05-16 13:53:10', '2022-05-16 13:53:10'),
(197, '3.735', '3.788', 'Administrador', '2022-05-17 09:10:51', '2022-05-17 09:10:51'),
(198, '3.755', '3.788', 'Administrador', '2022-05-17 10:01:24', '2022-05-17 10:01:24'),
(199, '3.751', '3.782', 'Administrador', '2022-05-17 11:48:29', '2022-05-17 11:48:29'),
(200, '3.757', '3.788', 'Administrador', '2022-05-17 13:44:51', '2022-05-17 13:44:51'),
(201, '3.755', '3.793', 'Administrador', '2022-05-17 18:04:24', '2022-05-17 18:04:24'),
(202, '3.762', '3.782', 'Administrador', '2022-05-18 10:07:42', '2022-05-18 10:07:42'),
(203, '3.764', '3.788', 'Administrador', '2022-05-18 10:40:33', '2022-05-18 10:40:33'),
(204, '3.768', '3.79', 'Administrador', '2022-05-18 12:59:02', '2022-05-18 12:59:02'),
(205, '3.77', '3.793', 'Administrador', '2022-05-18 17:20:00', '2022-05-18 17:20:00'),
(206, '3.754', '3.781', 'Administrador', '2022-05-19 09:11:40', '2022-05-19 09:11:40'),
(207, '3.748', '3.778', 'Administrador', '2022-05-19 09:18:00', '2022-05-19 09:18:00'),
(208, '3.738', '3.775', 'Administrador', '2022-05-19 09:36:59', '2022-05-19 09:36:59'),
(209, '3.745', '3.774', 'Administrador', '2022-05-19 10:05:42', '2022-05-19 10:05:42'),
(210, '3.747', '3.77', 'Administrador', '2022-05-19 10:23:33', '2022-05-19 10:23:33'),
(211, '3.745', '3.769', 'Administrador', '2022-05-19 11:28:19', '2022-05-19 11:28:19'),
(212, '3.741', '3.768', 'Administrador', '2022-05-19 11:54:20', '2022-05-19 11:54:20'),
(213, '3.735', '3.762', 'Administrador', '2022-05-19 12:37:05', '2022-05-19 12:37:05'),
(214, '3.728', '3.761', 'Administrador', '2022-05-19 13:04:49', '2022-05-19 13:04:49'),
(215, '3.728', '3.757', 'Administrador', '2022-05-19 13:41:11', '2022-05-19 13:41:11'),
(216, '3.73', '3.757', 'Administrador', '2022-05-19 14:41:11', '2022-05-19 14:41:11'),
(217, '3.735', '3.759', 'Administrador', '2022-05-19 15:35:06', '2022-05-19 15:35:06'),
(218, '3.715', '3.753', 'Administrador', '2022-05-20 09:06:54', '2022-05-20 09:06:54'),
(219, '3.723', '3.752', 'Administrador', '2022-05-20 09:10:33', '2022-05-20 09:10:33'),
(220, '3.725', '3.749', 'Administrador', '2022-05-20 09:27:20', '2022-05-20 09:27:20'),
(221, '3.731', '3.755', 'Administrador', '2022-05-20 10:05:42', '2022-05-20 10:05:42'),
(222, '3.722', '3.749', 'Administrador', '2022-05-20 10:23:27', '2022-05-20 10:23:27'),
(223, '3.72', '3.745', 'Administrador', '2022-05-20 10:40:36', '2022-05-20 10:40:36'),
(224, '3.725', '3.745', 'Administrador', '2022-05-20 11:11:22', '2022-05-20 11:11:22'),
(225, '3.728', '3.751', 'Administrador', '2022-05-20 11:18:33', '2022-05-20 11:18:33'),
(226, '3.725', '3.745', 'Administrador', '2022-05-20 11:33:43', '2022-05-20 11:33:43'),
(227, '3.72', '3.744', 'Administrador', '2022-05-20 12:05:36', '2022-05-20 12:05:36'),
(228, '3.727', '3.753', 'Administrador', '2022-05-20 13:35:17', '2022-05-20 13:35:17'),
(229, '3.727', '3.748', 'Administrador', '2022-05-20 13:38:11', '2022-05-20 13:38:11'),
(230, '3.73', '3.753', 'Administrador', '2022-05-20 17:59:45', '2022-05-20 17:59:45'),
(231, '3.72', '3.749', 'Administrador', '2022-05-23 09:09:34', '2022-05-23 09:09:34'),
(232, '3.711', '3.743', 'Administrador', '2022-05-23 09:25:24', '2022-05-23 09:25:24'),
(233, '3.705', '3.739', 'Administrador', '2022-05-23 09:43:45', '2022-05-23 09:43:45'),
(234, '3.701', '3.73', 'Administrador', '2022-05-23 09:54:25', '2022-05-23 09:54:25'),
(235, '3.70', '3.728', 'Administrador', '2022-05-23 11:00:56', '2022-05-23 11:00:56'),
(236, '3.708', '3.737', 'Administrador', '2022-05-23 12:00:22', '2022-05-23 12:00:22'),
(237, '3.711', '3.735', 'Administrador', '2022-05-23 12:25:57', '2022-05-23 12:25:57'),
(238, '3.714', '3.737', 'Administrador', '2022-05-23 15:42:38', '2022-05-23 15:42:38'),
(239, '3.705', '3.743', 'Administrador', '2022-05-23 19:56:12', '2022-05-23 19:56:12'),
(240, '3.71', '3.735', 'Administrador', '2022-05-24 09:28:52', '2022-05-24 09:28:52'),
(241, '3.716', '3.74', 'Administrador', '2022-05-24 10:03:50', '2022-05-24 10:03:50'),
(242, '3.711', '3.735', 'Administrador', '2022-05-24 11:31:20', '2022-05-24 11:31:20'),
(243, '3.705', '3.733', 'Administrador', '2022-05-24 11:44:38', '2022-05-24 11:44:38'),
(244, '3.702', '3.73', 'Administrador', '2022-05-24 12:05:22', '2022-05-24 12:05:22'),
(245, '3.70', '3.728', 'Administrador', '2022-05-24 12:36:29', '2022-05-24 12:36:29'),
(246, '3.692', '3.725', 'Administrador', '2022-05-24 12:46:21', '2022-05-24 12:46:21'),
(247, '3.695', '3.721', 'Administrador', '2022-05-24 13:39:54', '2022-05-24 13:39:54'),
(248, '3.69', '3.723', 'Administrador', '2022-05-24 16:30:49', '2022-05-24 16:30:49'),
(249, '3.683', '3.723', 'Administrador', '2022-05-24 16:38:26', '2022-05-24 16:38:26'),
(250, '3.692', '3.725', 'Administrador', '2022-05-25 09:26:15', '2022-05-25 09:26:15'),
(251, '3.681', '3.715', 'Administrador', '2022-05-25 10:45:18', '2022-05-25 10:45:18'),
(252, '3.675', '3.71', 'Administrador', '2022-05-25 12:17:06', '2022-05-25 12:17:06'),
(253, '3.671', '3.705', 'Administrador', '2022-05-25 12:40:28', '2022-05-25 12:40:28'),
(254, '3.675', '3.705', 'Administrador', '2022-05-25 13:52:57', '2022-05-25 13:52:57'),
(255, '3.671', '3.715', 'Administrador', '2022-05-25 17:10:53', '2022-05-25 17:10:53'),
(256, '3.675', '3.71', 'Administrador', '2022-05-26 09:24:01', '2022-05-26 09:24:01'),
(257, '3.665', '3.703', 'Administrador', '2022-05-26 09:29:06', '2022-05-26 09:29:06'),
(258, '3.651', '3.699', 'Administrador', '2022-05-26 09:53:20', '2022-05-26 09:53:20'),
(259, '3.635', '3.685', 'Administrador', '2022-05-26 10:29:59', '2022-05-26 10:29:59'),
(260, '3.631', '3.682', 'Administrador', '2022-05-26 10:44:42', '2022-05-26 10:44:42'),
(261, '3.651', '3.688', 'Administrador', '2022-05-26 10:51:05', '2022-05-26 10:51:05'),
(262, '3.651', '3.688', 'Administrador', '2022-05-26 10:52:21', '2022-05-26 10:52:21'),
(263, '3.652', '3.691', 'Administrador', '2022-05-26 11:18:26', '2022-05-26 11:18:26'),
(264, '3.647', '3.688', 'Administrador', '2022-05-26 11:21:58', '2022-05-26 11:21:58'),
(265, '3.643', '3.683', 'Administrador', '2022-05-26 11:30:27', '2022-05-26 11:30:27'),
(266, '3.64', '3.678', 'Administrador', '2022-05-26 12:13:22', '2022-05-26 12:13:22'),
(267, '3.648', '3.695', 'Administrador', '2022-05-26 12:52:29', '2022-05-26 12:52:29'),
(268, '3.655', '3.685', 'Administrador', '2022-05-26 15:11:45', '2022-05-26 15:11:45'),
(269, '3.648', '3.685', 'Administrador', '2022-05-26 16:30:45', '2022-05-26 16:30:45'),
(270, '3.651', '3.695', 'Administrador', '2022-05-26 19:36:03', '2022-05-26 19:36:03'),
(271, '3.661', '3.695', 'Administrador', '2022-05-27 09:42:22', '2022-05-27 09:42:22'),
(272, '3.661', '3.685', 'Administrador', '2022-05-27 10:13:46', '2022-05-27 10:13:46'),
(273, '3.66', '3.685', 'Administrador', '2022-05-27 11:29:16', '2022-05-27 11:29:16'),
(274, '3.665', '3.688', 'Administrador', '2022-05-27 12:04:18', '2022-05-27 12:04:18'),
(275, '3.668', '3.69', 'Administrador', '2022-05-27 12:16:55', '2022-05-27 12:16:55'),
(276, '3.67', '3.695', 'Administrador', '2022-05-27 12:38:23', '2022-05-27 12:38:23'),
(277, '3.672', '3.703', 'Administrador', '2022-05-27 12:52:15', '2022-05-27 12:52:15'),
(278, '3.675', '3.715', 'Administrador', '2022-05-27 13:39:04', '2022-05-27 13:39:04'),
(279, '3.675', '3.709', 'Administrador', '2022-05-27 13:47:04', '2022-05-27 13:47:04'),
(280, '3.68', '3.715', 'Administrador', '2022-05-28 12:17:24', '2022-05-28 12:17:24'),
(281, '3.67', '3.70', 'Administrador', '2022-05-30 09:13:18', '2022-05-30 09:13:18'),
(282, '3.672', '3.71', 'Administrador', '2022-05-30 09:17:52', '2022-05-30 09:17:52'),
(283, '3.665', '3.70', 'Administrador', '2022-05-30 10:15:06', '2022-05-30 10:15:06'),
(284, '3.665', '3.695', 'Administrador', '2022-05-30 11:09:35', '2022-05-30 11:09:35'),
(285, '3.675', '3.703', 'Administrador', '2022-05-30 13:27:35', '2022-05-30 13:27:35'),
(286, '3.677', '3.71', 'Administrador', '2022-05-31 09:37:19', '2022-05-31 09:37:19'),
(287, '3.685', '3.71', 'Administrador', '2022-05-31 10:23:51', '2022-05-31 10:23:51'),
(288, '3.688', '3.718', 'Administrador', '2022-05-31 11:29:06', '2022-05-31 11:29:06'),
(289, '3.698', '3.724', 'Administrador', '2022-05-31 13:21:10', '2022-05-31 13:21:10'),
(290, '3.704', '3.728', 'Administrador', '2022-05-31 13:25:39', '2022-05-31 13:25:39'),
(291, '3.691', '3.725', 'Administrador', '2022-05-31 18:06:12', '2022-05-31 18:06:12'),
(292, '3.695', '3.733', 'Administrador', '2022-05-31 18:56:25', '2022-05-31 18:56:25'),
(293, '3.691', '3.725', 'Administrador', '2022-05-31 19:12:04', '2022-05-31 19:12:04'),
(294, '3.695', '3.72', 'Administrador', '2022-06-01 09:17:56', '2022-06-01 09:17:56'),
(295, '3.711', '3.738', 'Administrador', '2022-06-01 09:34:13', '2022-06-01 09:34:13'),
(296, '3.712', '3.735', 'Administrador', '2022-06-01 09:48:17', '2022-06-01 09:48:17'),
(297, '3.715', '3.734', 'Administrador', '2022-06-01 10:05:51', '2022-06-01 10:05:51'),
(298, '3.718', '3.738', 'Administrador', '2022-06-01 12:14:11', '2022-06-01 12:14:11'),
(299, '3.72', '3.743', 'Administrador', '2022-06-01 12:51:33', '2022-06-01 12:51:33'),
(300, '3.717', '3.735', 'Administrador', '2022-06-01 13:41:07', '2022-06-01 13:41:07'),
(301, '3.72', '3.74', 'Administrador', '2022-06-01 14:26:44', '2022-06-01 14:26:44'),
(302, '3.722', '3.738', 'Administrador', '2022-06-01 16:53:20', '2022-06-01 16:53:20'),
(303, '3.715', '3.745', 'Administrador', '2022-06-01 18:16:26', '2022-06-01 18:16:26'),
(304, '3.705', '3.738', 'Administrador', '2022-06-02 09:08:58', '2022-06-02 09:08:58'),
(305, '3.705', '3.727', 'Administrador', '2022-06-02 11:03:08', '2022-06-02 11:03:08'),
(306, '3.701', '3.725', 'Administrador', '2022-06-02 11:03:55', '2022-06-02 11:03:55'),
(307, '3.707', '3.725', 'Administrador', '2022-06-02 11:41:36', '2022-06-02 11:41:36'),
(308, '3.705', '3.725', 'Administrador', '2022-06-02 13:02:20', '2022-06-02 13:02:20'),
(309, '3.692', '3.72', 'Administrador', '2022-06-02 13:26:49', '2022-06-02 13:26:49'),
(310, '3.692', '3.715', 'Administrador', '2022-06-02 15:34:41', '2022-06-02 15:34:41'),
(311, '3.69', '3.715', 'Administrador', '2022-06-03 09:10:49', '2022-06-03 09:10:49'),
(312, '3.694', '3.72', 'Administrador', '2022-06-03 09:30:00', '2022-06-03 09:30:00'),
(313, '3.70', '3.727', 'Administrador', '2022-06-03 09:44:45', '2022-06-03 09:44:45'),
(314, '3.701', '3.723', 'Administrador', '2022-06-03 11:23:10', '2022-06-03 11:23:10'),
(315, '3.697', '3.719', 'Administrador', '2022-06-03 11:42:41', '2022-06-03 11:42:41'),
(316, '3.70', '3.724', 'Administrador', '2022-06-03 12:20:54', '2022-06-03 12:20:54'),
(317, '3.698', '3.72', 'Administrador', '2022-06-03 13:40:21', '2022-06-03 13:40:21'),
(318, '3.695', '3.727', 'Administrador', '2022-06-04 11:42:44', '2022-06-04 11:42:44'),
(319, '3.701', '3.725', 'Administrador', '2022-06-06 09:20:30', '2022-06-06 09:20:30'),
(320, '3.705', '3.73', 'Administrador', '2022-06-06 09:38:30', '2022-06-06 09:38:30'),
(321, '3.711', '3.733', 'Administrador', '2022-06-06 10:04:53', '2022-06-06 10:04:53'),
(322, '3.705', '3.739', 'Administrador', '2022-06-06 10:09:35', '2022-06-06 10:09:35'),
(323, '3.721', '3.744', 'Administrador', '2022-06-06 11:03:33', '2022-06-06 11:03:33'),
(324, '3.724', '3.747', 'Administrador', '2022-06-06 11:51:01', '2022-06-06 11:51:01'),
(325, '3.735', '3.772', 'Administrador', '2022-06-07 09:10:59', '2022-06-07 09:10:59'),
(326, '3.737', '3.79', 'Administrador', '2022-06-07 09:18:09', '2022-06-07 09:18:09'),
(327, '3.735', '3.781', 'Administrador', '2022-06-07 09:26:42', '2022-06-07 09:26:42'),
(328, '3.74', '3.771', 'Administrador', '2022-06-07 11:14:01', '2022-06-07 11:14:01'),
(329, '3.737', '3.765', 'Administrador', '2022-06-07 15:24:35', '2022-06-07 15:24:35'),
(330, '3.731', '3.783', 'Administrador', '2022-06-07 17:42:10', '2022-06-07 17:42:10'),
(331, '3.732', '3.758', 'Administrador', '2022-06-08 09:07:06', '2022-06-08 09:07:06'),
(332, '3.725', '3.755', 'Administrador', '2022-06-08 09:17:31', '2022-06-08 09:17:31'),
(333, '3.732', '3.757', 'Administrador', '2022-06-08 09:44:04', '2022-06-08 09:44:04'),
(334, '3.738', '3.76', 'Administrador', '2022-06-08 09:54:08', '2022-06-08 09:54:08'),
(335, '3.74', '3.765', 'Administrador', '2022-06-08 10:48:45', '2022-06-08 10:48:45'),
(336, '3.746', '3.766', 'Administrador', '2022-06-08 11:28:13', '2022-06-08 11:28:13'),
(337, '3.748', '3.772', 'Administrador', '2022-06-08 12:11:02', '2022-06-08 12:11:02'),
(338, '3.752', '3.775', 'Administrador', '2022-06-08 13:59:21', '2022-06-08 13:59:21'),
(339, '3.751', '3.777', 'Administrador', '2022-06-08 16:55:53', '2022-06-08 16:55:53'),
(340, '3.755', '3.785', 'Administrador', '2022-06-08 18:49:36', '2022-06-08 18:49:36'),
(341, '3.754', '3.773', 'Administrador', '2022-06-09 09:47:06', '2022-06-09 09:47:06'),
(342, '3.75', '3.769', 'Administrador', '2022-06-09 10:02:15', '2022-06-09 10:02:15'),
(343, '3.748', '3.765', 'Administrador', '2022-06-09 11:14:45', '2022-06-09 11:14:45'),
(344, '3.75', '3.769', 'Administrador', '2022-06-09 11:35:44', '2022-06-09 11:35:44'),
(345, '3.745', '3.765', 'Administrador', '2022-06-09 12:05:07', '2022-06-09 12:05:07'),
(346, '3.745', '3.775', 'Administrador', '2022-06-09 17:12:59', '2022-06-09 17:12:59'),
(347, '3.74', '3.769', 'Administrador', '2022-06-09 18:14:49', '2022-06-09 18:14:49'),
(348, '3.755', '3.795', 'Administrador', '2022-06-10 09:13:26', '2022-06-10 09:13:26'),
(349, '3.755', '3.79', 'Administrador', '2022-06-10 10:20:06', '2022-06-10 10:20:06'),
(350, '3,761', '3.793', 'Administrador', '2022-06-10 10:41:24', '2022-06-10 10:41:24'),
(351, '3.765', '3.794', 'Administrador', '2022-06-10 11:13:30', '2022-06-10 11:13:30'),
(352, '3.771', '3.805', 'Administrador', '2022-06-10 12:16:51', '2022-06-10 12:16:51'),
(353, '3.77', '3.79', 'Administrador', '2022-06-10 12:54:54', '2022-06-10 12:54:54'),
(354, '3.767', '3.789', 'Administrador', '2022-06-10 13:05:09', '2022-06-10 13:05:09'),
(355, '3.77', '3.795', 'Administrador', '2022-06-10 13:15:18', '2022-06-10 13:15:18'),
(356, '3.761', '3.788', 'Administrador', '2022-06-10 13:28:40', '2022-06-10 13:28:40'),
(357, '3.758', '3.783', 'Administrador', '2022-06-10 13:41:24', '2022-06-10 13:41:24'),
(358, '3.755', '3.782', 'Administrador', '2022-06-10 19:35:33', '2022-06-10 19:35:33'),
(359, '3.755', '3.78', 'Administrador', '2022-06-11 09:27:00', '2022-06-11 09:27:00'),
(360, '3.755', '3.78', 'Administrador', '2022-06-11 09:28:20', '2022-06-11 09:28:20'),
(361, '3.761', '3.821', 'Administrador', '2022-06-13 09:06:42', '2022-06-13 09:06:42'),
(362, '3.761', '3.821', 'Administrador', '2022-06-13 09:07:34', '2022-06-13 09:07:34'),
(363, '3.761', '3.821', 'Administrador', '2022-06-13 09:09:11', '2022-06-13 09:09:11'),
(364, '3.77', '3.80', 'Administrador', '2022-06-13 10:48:27', '2022-06-13 10:48:27'),
(365, '3.761', '3.797', 'Administrador', '2022-06-13 11:04:14', '2022-06-13 11:04:14'),
(366, '3.755', '3.788', 'Administrador', '2022-06-13 12:24:49', '2022-06-13 12:24:49'),
(367, '3.748', '3.788', 'Administrador', '2022-06-13 12:35:04', '2022-06-13 12:35:04'),
(368, '3.731', '3.795', 'Administrador', '2022-06-13 13:56:30', '2022-06-13 13:56:30'),
(369, '3.74', '3.778', 'Administrador', '2022-06-14 09:09:58', '2022-06-14 09:09:58'),
(370, '3.745', '3.777', 'Administrador', '2022-06-14 11:29:29', '2022-06-14 11:29:29'),
(371, '3.747', '3.77', 'Administrador', '2022-06-14 14:54:02', '2022-06-14 14:54:02'),
(372, '3.731', '3.77', 'Administrador', '2022-06-15 09:20:51', '2022-06-15 09:20:51'),
(373, '3.72', '3.76', 'Administrador', '2022-06-15 09:44:53', '2022-06-15 09:44:53'),
(374, '3.702', '3.759', 'Administrador', '2022-06-15 09:59:54', '2022-06-15 09:59:54'),
(375, '3.705', '3.752', 'Administrador', '2022-06-15 10:39:00', '2022-06-15 10:39:00'),
(376, '3.705', '3.745', 'Administrador', '2022-06-15 10:55:36', '2022-06-15 10:55:36'),
(377, '3.715', '3.74', 'Administrador', '2022-06-15 12:15:03', '2022-06-15 12:15:03'),
(378, '3.718', '3.745', 'Administrador', '2022-06-15 12:44:49', '2022-06-15 12:44:49'),
(379, '3.718', '3.747', 'Administrador', '2022-06-15 13:38:50', '2022-06-15 13:38:50'),
(380, '3.721', '3.748', 'Administrador', '2022-06-15 14:56:18', '2022-06-15 14:56:18'),
(381, '3.725', '3.755', 'Administrador', '2022-06-16 09:07:21', '2022-06-16 09:07:21'),
(382, '3.715', '3.742', 'Administrador', '2022-06-16 10:08:01', '2022-06-16 10:08:01'),
(383, '3.721', '3.745', 'Administrador', '2022-06-16 10:22:47', '2022-06-16 10:22:47'),
(384, '3.717', '3.74', 'Administrador', '2022-06-16 10:46:27', '2022-06-16 10:46:27'),
(385, '3.701', '3.735', 'Administrador', '2022-06-16 12:13:35', '2022-06-16 12:13:35'),
(386, '3.705', '3.73', 'Administrador', '2022-06-16 13:36:34', '2022-06-16 13:36:34'),
(387, '3.70', '3.73', 'Administrador', '2022-06-16 18:23:03', '2022-06-16 18:23:03'),
(388, '3.707', '3.735', 'Administrador', '2022-06-17 09:06:32', '2022-06-17 09:06:32'),
(389, '3.715', '3.748', 'Administrador', '2022-06-17 09:31:49', '2022-06-17 09:31:49'),
(390, '3.715', '3.739', 'Administrador', '2022-06-17 11:47:41', '2022-06-17 11:47:41'),
(391, '3.715', '3.735', 'Administrador', '2022-06-17 12:32:06', '2022-06-17 12:32:06'),
(392, '3.717', '3.739', 'Administrador', '2022-06-17 13:11:34', '2022-06-17 13:11:34'),
(393, '3.72', '3.735', 'Administrador', '2022-06-18 09:43:54', '2022-06-18 09:43:54'),
(394, '3.72', '3.74', 'Administrador', '2022-06-18 13:04:19', '2022-06-18 13:04:19'),
(395, '3.712', '3.74', 'Administrador', '2022-06-20 09:17:39', '2022-06-20 09:17:39'),
(396, '3.715', '3.738', 'Administrador', '2022-06-20 10:01:41', '2022-06-20 10:01:41'),
(397, '3.72', '3.745', 'Administrador', '2022-06-20 10:17:24', '2022-06-20 10:17:24'),
(398, '3.718', '3.738', 'Administrador', '2022-06-20 10:39:38', '2022-06-20 10:39:38'),
(399, '3.715', '3.738', 'Administrador', '2022-06-20 11:01:05', '2022-06-20 11:01:05'),
(400, '3.713', '3.733', 'Administrador', '2022-06-21 10:45:59', '2022-06-21 10:45:59'),
(401, '3.716', '3.734', 'Administrador', '2022-06-21 12:26:33', '2022-06-21 12:26:33'),
(402, '3.718', '3.735', 'Administrador', '2022-06-21 13:37:23', '2022-06-21 13:37:23'),
(403, '3.715', '3.735', 'Administrador', '2022-06-21 18:27:24', '2022-06-21 18:27:24'),
(404, '3.718', '3.748', 'Administrador', '2022-06-22 09:03:35', '2022-06-22 09:03:35'),
(405, '3.723', '3.745', 'Administrador', '2022-06-22 10:19:32', '2022-06-22 10:19:32'),
(406, '3.721', '3.743', 'Administrador', '2022-06-22 12:43:01', '2022-06-22 12:43:01'),
(407, '3.717', '3.739', 'Administrador', '2022-06-22 13:20:19', '2022-06-22 13:20:19'),
(408, '3.721', '3.739', 'Administrador', '2022-06-22 13:38:25', '2022-06-22 13:38:25'),
(409, '3.721', '3.745', 'Administrador', '2022-06-22 18:09:39', '2022-06-22 18:09:39'),
(410, '3.727', '3.763', 'Administrador', '2022-06-23 09:12:09', '2022-06-23 09:12:09'),
(411, '3.733', '3.76', 'Administrador', '2022-06-23 10:12:01', '2022-06-23 10:12:01'),
(412, '3.735', '3.77', 'Administrador', '2022-06-23 11:08:12', '2022-06-23 11:08:12'),
(413, '3.74', '3.777', 'Administrador', '2022-06-23 12:24:17', '2022-06-23 12:24:17'),
(414, '3.745', '3.775', 'Administrador', '2022-06-23 14:01:11', '2022-06-23 14:01:11'),
(415, '3.741', '3.783', 'Administrador', '2022-06-23 18:58:19', '2022-06-23 18:58:19'),
(416, '3.755', '3.795', 'Administrador', '2022-06-24 09:24:42', '2022-06-24 09:24:42'),
(417, '3.762', '3.795', 'Administrador', '2022-06-24 10:16:44', '2022-06-24 10:16:44'),
(418, '3.768', '3.805', 'Administrador', '2022-06-24 11:17:48', '2022-06-24 11:17:48'),
(419, '3.775', '3.805', 'Administrador', '2022-06-24 13:52:40', '2022-06-24 13:52:40'),
(420, '3.775', '3.805', 'Administrador', '2022-06-24 13:53:11', '2022-06-24 13:53:11'),
(421, '3.77', '3.799', 'Administrador', '2022-06-24 16:22:57', '2022-06-24 16:22:57'),
(422, '3.762', '3.799', 'Administrador', '2022-06-24 17:47:02', '2022-06-24 17:47:02'),
(423, '3.765', '3.805', 'Administrador', '2022-06-24 18:51:58', '2022-06-24 18:51:58'),
(424, '3.77', '3.805', 'Administrador', '2022-06-25 10:04:19', '2022-06-25 10:04:19'),
(425, '3.761', '3.805', 'Administrador', '2022-06-25 11:35:56', '2022-06-25 11:35:56'),
(426, '3.76', '3.799', 'Administrador', '2022-06-27 09:17:45', '2022-06-27 09:17:45'),
(427, '3.775', '3.805', 'Administrador', '2022-06-27 11:15:09', '2022-06-27 11:15:09'),
(428, '3.775', '3.799', 'Administrador', '2022-06-27 12:21:36', '2022-06-27 12:21:36'),
(429, '3.761', '3.793', 'Administrador', '2022-06-27 14:36:17', '2022-06-27 14:36:17'),
(430, '3.763', '3.795', 'Administrador', '2022-06-28 09:20:22', '2022-06-28 09:20:22'),
(431, '3.772', '3.795', 'Administrador', '2022-06-28 10:35:20', '2022-06-28 10:35:20'),
(432, '3.775', '3.795', 'Administrador', '2022-06-28 12:33:33', '2022-06-28 12:33:33'),
(433, '3.771', '3.795', 'Administrador', '2022-06-28 13:53:17', '2022-06-28 13:53:17'),
(434, '3.77', '3.803', 'Administrador', '2022-06-28 16:56:47', '2022-06-28 16:56:47'),
(435, '3.76', '3.799', 'Administrador', '2022-06-28 18:35:27', '2022-06-28 18:35:27'),
(436, '3.761', '3.811', 'Administrador', '2022-06-28 19:21:20', '2022-06-28 19:21:20'),
(437, '3.775', '3.835', 'Administrador', '2022-06-30 09:14:18', '2022-06-30 09:14:18'),
(438, '3.78', '3.845', 'Administrador', '2022-06-30 10:02:36', '2022-06-30 10:02:36'),
(439, '3.801', '3.848', 'Administrador', '2022-06-30 10:46:11', '2022-06-30 10:46:11'),
(440, '3.801', '3.845', 'Administrador', '2022-06-30 10:56:46', '2022-06-30 10:56:46'),
(441, '3.803', '3.837', 'Administrador', '2022-06-30 12:43:18', '2022-06-30 12:43:18'),
(442, '3.801', '3.835', 'Administrador', '2022-06-30 13:16:16', '2022-06-30 13:16:16'),
(443, '3.801', '3.835', 'Administrador', '2022-06-30 13:17:33', '2022-06-30 13:17:33'),
(444, '3.805', '3.841', 'Administrador', '2022-06-30 15:28:56', '2022-06-30 15:28:56'),
(445, '3.821', '3.871', 'Administrador', '2022-07-01 10:18:36', '2022-07-01 10:18:36'),
(446, '3.83', '3.875', 'Administrador', '2022-07-01 10:47:18', '2022-07-01 10:47:18'),
(447, '3.835', '3.875', 'Administrador', '2022-07-01 12:08:08', '2022-07-01 12:08:08'),
(448, '3.835', '3.869', 'Administrador', '2022-07-01 13:01:22', '2022-07-01 13:01:22'),
(449, '3.831', '3.868', 'Administrador', '2022-07-01 13:53:47', '2022-07-01 13:53:47'),
(450, '3.821', '3.86', 'Administrador', '2022-07-02 11:09:28', '2022-07-02 11:09:28'),
(451, '3.812', '3.865', 'Administrador', '2022-07-02 13:44:40', '2022-07-02 13:44:40'),
(452, '3.815', '3.858', 'Administrador', '2022-07-04 09:29:15', '2022-07-04 09:29:15'),
(453, '3.815', '3.858', 'Administrador', '2022-07-04 09:33:34', '2022-07-04 09:33:34'),
(454, '3.812', '3.839', 'Administrador', '2022-07-04 10:53:59', '2022-07-04 10:53:59'),
(455, '3.817', '3.843', 'Administrador', '2022-07-04 12:07:29', '2022-07-04 12:07:29'),
(456, '3.812', '3.841', 'Administrador', '2022-07-04 12:52:51', '2022-07-04 12:52:51'),
(457, '3.817', '3.838', 'Administrador', '2022-07-04 14:57:41', '2022-07-04 14:57:41'),
(458, '3.805', '3.855', 'Administrador', '2022-07-04 19:05:29', '2022-07-04 19:05:29'),
(459, '3.823', '3.875', 'Administrador', '2022-07-05 09:14:55', '2022-07-05 09:14:55'),
(460, '3.823', '3.893', 'Administrador', '2022-07-05 09:23:07', '2022-07-05 09:23:07'),
(461, '3.835', '3.881', 'Administrador', '2022-07-05 10:19:48', '2022-07-05 10:19:48'),
(462, '3.835', '3.875', 'Administrador', '2022-07-05 10:50:42', '2022-07-05 10:50:42'),
(463, '3.835', '3.88', 'Administrador', '2022-07-05 11:19:42', '2022-07-05 11:19:42'),
(464, '3.835', '3.873', 'Administrador', '2022-07-05 11:55:36', '2022-07-05 11:55:36'),
(465, '3.845', '3.875', 'Administrador', '2022-07-05 13:45:10', '2022-07-05 13:45:10'),
(466, '3.84', '3.87', 'Administrador', '2022-07-05 16:44:28', '2022-07-05 16:44:28'),
(467, '3.85', '3.895', 'Administrador', '2022-07-06 09:13:24', '2022-07-06 09:13:24'),
(468, '3.855', '3.898', 'Administrador', '2022-07-06 10:04:01', '2022-07-06 10:04:01'),
(469, '3.861', '3.905', 'Administrador', '2022-07-06 11:02:11', '2022-07-06 11:02:11'),
(470, '3.875', '3.905', 'Administrador', '2022-07-06 14:08:10', '2022-07-06 14:08:10'),
(471, '3.87', '3.915', 'Administrador', '2022-07-06 17:45:50', '2022-07-06 17:45:50'),
(472, '3.855', '3.895', 'Administrador', '2022-07-07 09:10:59', '2022-07-07 09:10:59'),
(473, '3.873', '3.902', 'Administrador', '2022-07-07 10:35:43', '2022-07-07 10:35:43'),
(474, '3.875', '3.900', 'Administrador', '2022-07-07 12:04:33', '2022-07-07 12:04:33'),
(475, '3.877', '3.90', 'Administrador', '2022-07-07 15:08:19', '2022-07-07 15:08:19'),
(476, '3.88', '3.905', 'Administrador', '2022-07-07 17:15:35', '2022-07-07 17:15:35'),
(477, '3.865', '3.918', 'Administrador', '2022-07-07 18:50:33', '2022-07-07 18:50:33'),
(478, '3.871', '3.903', 'Administrador', '2022-07-08 09:06:08', '2022-07-08 09:06:08'),
(479, '3.88', '3.908', 'Administrador', '2022-07-08 09:17:44', '2022-07-08 09:17:44'),
(480, '3.882', '3.915', 'Administrador', '2022-07-08 09:27:01', '2022-07-08 09:27:01'),
(481, '3.881', '3.909', 'Administrador', '2022-07-08 09:50:11', '2022-07-08 09:50:11'),
(482, '3.886', '3.912', 'Administrador', '2022-07-08 10:29:54', '2022-07-08 10:29:54'),
(483, '3.891', '3.92', 'Administrador', '2022-07-08 10:47:58', '2022-07-08 10:47:58'),
(484, '3.895', '3.918', 'Administrador', '2022-07-08 16:12:47', '2022-07-08 16:12:47'),
(485, '3.895', '3.925', 'Administrador', '2022-07-08 18:12:36', '2022-07-08 18:12:36'),
(486, '3.873', '3.934', 'Administrador', '2022-07-09 13:59:17', '2022-07-09 13:59:17'),
(487, '3.882', '3.973', 'Administrador', '2022-07-11 09:08:21', '2022-07-11 09:08:21'),
(488, '3.902', '3.955', 'Administrador', '2022-07-11 09:09:19', '2022-07-11 09:09:19'),
(489, '3.905', '3.955', 'Administrador', '2022-07-11 10:04:23', '2022-07-11 10:04:23'),
(490, '3.918', '3.965', 'Administrador', '2022-07-11 10:35:19', '2022-07-11 10:35:19'),
(491, '3.925', '3.972', 'Administrador', '2022-07-11 12:04:21', '2022-07-11 12:04:21'),
(492, '3.931', '3.985', 'Administrador', '2022-07-11 13:02:29', '2022-07-11 13:02:29'),
(493, '3.935', '3.981', 'Administrador', '2022-07-11 13:41:25', '2022-07-11 13:41:25'),
(494, '3.931', '3.995', 'Administrador', '2022-07-11 19:07:28', '2022-07-11 19:07:28'),
(495, '3.945', '4.025', 'Administrador', '2022-07-12 09:07:49', '2022-07-12 09:07:49'),
(496, '3.945', '3.999', 'Administrador', '2022-07-12 09:49:10', '2022-07-12 09:49:10'),
(497, '3.945', '3.988', 'Administrador', '2022-07-12 10:13:53', '2022-07-12 10:13:53'),
(498, '3.948', '3.995', 'Administrador', '2022-07-12 10:49:48', '2022-07-12 10:49:48'),
(499, '3.955', '4.005', 'Administrador', '2022-07-12 11:39:34', '2022-07-12 11:39:34'),
(500, '3.957', '3.99', 'Administrador', '2022-07-12 13:13:24', '2022-07-12 13:13:24'),
(501, '3.843', '3.885', 'Administrador', '2022-07-13 09:08:08', '2022-07-13 09:08:08'),
(502, '3.941', '3.985', 'Administrador', '2022-07-13 09:20:42', '2022-07-13 09:20:42'),
(503, '3.933', '3.971', 'Administrador', '2022-07-13 09:50:56', '2022-07-13 09:50:56'),
(504, '3.94', '3.975', 'Administrador', '2022-07-13 10:33:45', '2022-07-13 10:33:45'),
(505, '3.94', '3.975', 'Administrador', '2022-07-13 10:33:45', '2022-07-13 10:33:45'),
(506, '3.942', '3.984', 'Administrador', '2022-07-13 10:36:36', '2022-07-13 10:36:36'),
(507, '3.953', '3.998', 'Administrador', '2022-07-13 12:12:04', '2022-07-13 12:12:04'),
(508, '3.947', '3.982', 'Administrador', '2022-07-13 13:38:52', '2022-07-13 13:38:52'),
(509, '3.931', '3.983', 'Administrador', '2022-07-13 17:43:09', '2022-07-13 17:43:09'),
(510, '3.955', '3.991', 'Administrador', '2022-07-14 10:53:19', '2022-07-14 10:53:19'),
(511, '3.944', '3.985', 'Administrador', '2022-07-14 11:02:11', '2022-07-14 11:02:11'),
(512, '3.921', '3.971', 'Administrador', '2022-07-14 12:21:33', '2022-07-14 12:21:33'),
(513, '3.915', '3.957', 'Administrador', '2022-07-14 12:30:20', '2022-07-14 12:30:20'),
(514, '3.91', '3.951', 'Administrador', '2022-07-14 12:42:00', '2022-07-14 12:42:00'),
(515, '3.901', '3.951', 'Administrador', '2022-07-14 12:45:39', '2022-07-14 12:45:39'),
(516, '3.872', '3.945', 'Administrador', '2022-07-14 13:08:54', '2022-07-14 13:08:54'),
(517, '3.875', '3.939', 'Administrador', '2022-07-14 13:41:29', '2022-07-14 13:41:29'),
(518, '3.812', '3.925', 'Administrador', '2022-07-15 09:07:17', '2022-07-15 09:07:17'),
(519, '3.835', '3.923', 'Administrador', '2022-07-15 09:19:54', '2022-07-15 09:19:54'),
(520, '3.861', '3.915', 'Administrador', '2022-07-15 09:57:04', '2022-07-15 09:57:04'),
(521, '3.872', '3.912', 'Administrador', '2022-07-15 10:49:00', '2022-07-15 10:49:00'),
(522, '3.881', '3.915', 'Administrador', '2022-07-15 11:23:05', '2022-07-15 11:23:05'),
(523, '3.887', '3.92', 'Administrador', '2022-07-15 11:39:28', '2022-07-15 11:39:28'),
(524, '3.89', '3.925', 'Administrador', '2022-07-15 12:55:31', '2022-07-15 12:55:31'),
(525, '3.895', '3.925', 'Administrador', '2022-07-15 13:38:46', '2022-07-15 13:38:46'),
(526, '3.89', '3.925', 'Administrador', '2022-07-15 18:23:47', '2022-07-15 18:23:47'),
(527, '3.881', '3.93', 'Administrador', '2022-07-16 12:23:00', '2022-07-16 12:23:00'),
(528, '3.865', '3.905', 'Administrador', '2022-07-18 09:53:26', '2022-07-18 09:53:26'),
(529, '3.875', '3.907', 'Administrador', '2022-07-18 10:17:28', '2022-07-18 10:17:28'),
(530, '3.875', '3.915', 'Administrador', '2022-07-18 18:07:51', '2022-07-18 18:07:51'),
(531, '3.855', '3.893', 'Administrador', '2022-07-19 09:35:01', '2022-07-19 09:35:01'),
(532, '3.847', '3.89', 'Administrador', '2022-07-19 09:45:34', '2022-07-19 09:45:34'),
(533, '3.855', '3.898', 'Administrador', '2022-07-19 09:52:59', '2022-07-19 09:52:59'),
(534, '3.862', '3.895', 'Administrador', '2022-07-19 11:04:33', '2022-07-19 11:04:33'),
(535, '3.865', '3.903', 'Administrador', '2022-07-19 11:22:41', '2022-07-19 11:22:41'),
(536, '3.865', '3.893', 'Administrador', '2022-07-19 16:21:20', '2022-07-19 16:21:20'),
(537, '3.861', '3.89', 'Administrador', '2022-07-19 16:49:35', '2022-07-19 16:49:35'),
(538, '3.854', '3.887', 'Administrador', '2022-07-20 09:05:56', '2022-07-20 09:05:56'),
(539, '3.86', '3.897', 'Administrador', '2022-07-20 09:13:23', '2022-07-20 09:13:23'),
(540, '3.871', '3.905', 'Administrador', '2022-07-20 09:47:58', '2022-07-20 09:47:58'),
(541, '3.878', '3.905', 'Administrador', '2022-07-20 11:08:34', '2022-07-20 11:08:34'),
(542, '3.882', '3.908', 'Administrador', '2022-07-20 14:18:08', '2022-07-20 14:18:08'),
(543, '3.875', '3.918', 'Administrador', '2022-07-20 19:50:41', '2022-07-20 19:50:41'),
(544, '3.884', '3.915', 'Administrador', '2022-07-21 09:12:34', '2022-07-21 09:12:34'),
(545, '3.887', '3.919', 'Administrador', '2022-07-21 09:22:55', '2022-07-21 09:22:55'),
(546, '3.895', '3.933', 'Administrador', '2022-07-21 09:26:02', '2022-07-21 09:26:02'),
(547, '3.891', '3.925', 'Administrador', '2022-07-21 09:44:41', '2022-07-21 09:44:41'),
(548, '3.895', '3.934', 'Administrador', '2022-07-21 10:06:01', '2022-07-21 10:06:01'),
(549, '3.902', '3.932', 'Administrador', '2022-07-21 13:53:41', '2022-07-21 13:53:41'),
(550, '3.906', '3.935', 'Administrador', '2022-07-21 16:28:06', '2022-07-21 16:28:06'),
(551, '3.895', '3.928', 'Administrador', '2022-07-22 09:11:03', '2022-07-22 09:11:03'),
(552, '3.895', '3.93', 'Administrador', '2022-07-22 09:39:38', '2022-07-22 09:39:38'),
(553, '3.905', '3.933', 'Administrador', '2022-07-22 10:05:25', '2022-07-22 10:05:25'),
(554, '3.908', '3.935', 'Administrador', '2022-07-22 12:09:46', '2022-07-22 12:09:46'),
(555, '3.90', '3.933', 'Administrador', '2022-07-23 09:29:20', '2022-07-23 09:29:20'),
(556, '3.905', '3.933', 'Administrador', '2022-07-25 10:24:42', '2022-07-25 10:24:42'),
(557, '3.91', '3.938', 'Administrador', '2022-07-25 11:46:28', '2022-07-25 11:46:28'),
(558, '3.905', '3.928', 'Administrador', '2022-07-25 13:39:58', '2022-07-25 13:39:58'),
(559, '3.91', '3.935', 'Administrador', '2022-07-26 09:19:55', '2022-07-26 09:19:55'),
(560, '3.911', '3.945', 'Administrador', '2022-07-26 09:38:42', '2022-07-26 09:38:42'),
(561, '3.911', '3.935', 'Administrador', '2022-07-26 11:26:53', '2022-07-26 11:26:53'),
(562, '3.905', '3.93', 'Administrador', '2022-07-26 11:43:38', '2022-07-26 11:43:38'),
(563, '3.91', '3.935', 'Administrador', '2022-07-26 12:06:53', '2022-07-26 12:06:53'),
(564, '3.912', '3.932', 'Administrador', '2022-07-26 15:29:36', '2022-07-26 15:29:36'),
(565, '3.902', '3.938', 'Administrador', '2022-07-26 18:23:35', '2022-07-26 18:23:35'),
(566, '3.901', '3.93', 'Administrador', '2022-07-27 09:14:03', '2022-07-27 09:14:03'),
(567, '3.908', '3.843', 'Administrador', '2022-07-27 09:52:14', '2022-07-27 09:52:14'),
(568, '3.91', '3.938', 'Administrador', '2022-07-27 10:39:08', '2022-07-27 10:39:08'),
(569, '3.913', '3.935', 'Administrador', '2022-07-27 11:57:43', '2022-07-27 11:57:43'),
(570, '3.915', '3.94', 'Administrador', '2022-07-27 13:36:57', '2022-07-27 13:36:57'),
(571, '3.913', '3.938', 'Administrador', '2022-07-27 13:56:26', '2022-07-27 13:56:26'),
(572, '3.915', '3.938', 'Administrador', '2022-07-27 15:12:29', '2022-07-27 15:12:29'),
(573, '3.914', '3.938', 'Administrador', '2022-07-27 16:39:19', '2022-07-27 16:39:19'),
(574, '3.913', '3.938', 'Administrador', '2022-07-27 16:51:33', '2022-07-27 16:51:33'),
(575, '3.905', '3.935', 'Administrador', '2022-07-27 18:08:51', '2022-07-27 18:08:51'),
(576, '3.91', '3.938', 'Administrador', '2022-07-30 09:43:26', '2022-07-30 09:43:26'),
(577, '3.901', '3.934', 'Administrador', '2022-07-30 13:20:36', '2022-07-30 13:20:36'),
(578, '3.88', '3.923', 'Administrador', '2022-08-01 09:35:40', '2022-08-01 09:35:40'),
(579, '3.875', '3.915', 'Administrador', '2022-08-01 09:53:39', '2022-08-01 09:53:39'),
(580, '3.878', '3.909', 'Administrador', '2022-08-01 12:29:41', '2022-08-01 12:29:41'),
(581, '3.882', '3.914', 'Administrador', '2022-08-01 14:39:20', '2022-08-01 14:39:20'),
(582, '3.875', '3.917', 'Administrador', '2022-08-01 19:31:22', '2022-08-01 19:31:22'),
(583, '3.90', '3.93', 'Administrador', '2022-08-02 09:16:47', '2022-08-02 09:16:47');
INSERT INTO `tipocambio` (`tipocambio_id`, `compra`, `venta`, `created_by`, `created_at`, `updated_at`) VALUES
(584, '3.895', '3.928', 'Administrador', '2022-08-02 09:17:43', '2022-08-02 09:17:43'),
(585, '3.895', '3.935', 'Administrador', '2022-08-02 09:25:53', '2022-08-02 09:25:53'),
(586, '3.905', '3.943', 'Administrador', '2022-08-02 09:51:44', '2022-08-02 09:51:44'),
(587, '3.913', '3.936', 'Administrador', '2022-08-02 13:39:13', '2022-08-02 13:39:13'),
(588, '3.915', '3.945', 'Administrador', '2022-08-02 16:53:53', '2022-08-02 16:53:53'),
(589, '3.895', '3.945', 'Administrador', '2022-08-02 17:20:55', '2022-08-02 17:20:55'),
(590, '3.906', '3.93', 'Administrador', '2022-08-03 09:17:35', '2022-08-03 09:17:35'),
(591, '3.906', '3.93', 'Administrador', '2022-08-03 09:17:36', '2022-08-03 09:17:36'),
(592, '3.912', '3.938', 'Administrador', '2022-08-03 09:24:36', '2022-08-03 09:24:36'),
(593, '3.915', '3.945', 'Administrador', '2022-08-03 09:31:24', '2022-08-03 09:31:24'),
(594, '3.91', '3.933', 'Administrador', '2022-08-03 09:54:45', '2022-08-03 09:54:45'),
(595, '3.905', '3.933', 'Administrador', '2022-08-03 09:59:07', '2022-08-03 09:59:07'),
(596, '3.908', '3.93', 'Administrador', '2022-08-03 11:03:26', '2022-08-03 11:03:26'),
(597, '3.911', '3.933', 'Administrador', '2022-08-03 12:40:25', '2022-08-03 12:40:25'),
(598, '3.913', '3.938', 'Administrador', '2022-08-03 12:44:29', '2022-08-03 12:44:29'),
(599, '3.901', '3.929', 'Administrador', '2022-08-03 16:36:02', '2022-08-03 16:36:02'),
(600, '3.89', '3.925', 'Administrador', '2022-08-04 09:17:54', '2022-08-04 09:17:54'),
(601, '3.87', '3.908', 'Administrador', '2022-08-04 10:46:55', '2022-08-04 10:46:55'),
(602, '3.88', '3.91', 'Administrador', '2022-08-04 11:43:05', '2022-08-04 11:43:05'),
(603, '3.885', '3.915', 'Administrador', '2022-08-04 12:06:01', '2022-08-04 12:06:01'),
(604, '3.881', '3.912', 'Administrador', '2022-08-04 12:28:43', '2022-08-04 12:28:43'),
(605, '3.883', '3.91', 'Administrador', '2022-08-04 13:36:24', '2022-08-04 13:36:24'),
(606, '3.885', '3.915', 'Administrador', '2022-08-04 17:53:29', '2022-08-04 17:53:29'),
(607, '3.895', '3.925', 'Administrador', '2022-08-05 10:55:52', '2022-08-05 10:55:52'),
(608, '3.898', '3.93', 'Administrador', '2022-08-05 14:03:19', '2022-08-05 14:03:19'),
(609, '3.881', '3.925', 'Administrador', '2022-08-08 09:05:15', '2022-08-08 09:05:15'),
(610, '3.895', '3.925', 'Administrador', '2022-08-08 09:50:27', '2022-08-08 09:50:27'),
(611, '3.90', '3.928', 'Administrador', '2022-08-08 11:09:38', '2022-08-08 11:09:38'),
(612, '3.911', '3,939', 'Administrador', '2022-08-08 13:38:03', '2022-08-08 13:38:03'),
(613, '3.912', '3.945', 'Administrador', '2022-08-08 13:46:01', '2022-08-08 13:46:01'),
(614, '3.903', '3.94', 'Administrador', '2022-08-09 09:07:44', '2022-08-09 09:07:44'),
(615, '3.913', '3.945', 'Administrador', '2022-08-09 09:26:57', '2022-08-09 09:26:57'),
(616, '3.915', '3.951', 'Administrador', '2022-08-09 09:31:43', '2022-08-09 09:31:43'),
(617, '3.918', '3.953', 'Administrador', '2022-08-09 10:03:43', '2022-08-09 10:03:43'),
(618, '3.923', '3.948', 'Administrador', '2022-08-09 15:14:28', '2022-08-09 15:14:28'),
(619, '3.89', '3.943', 'Administrador', '2022-08-10 09:05:41', '2022-08-10 09:05:41'),
(620, '3.892', '3.933', 'Administrador', '2022-08-10 09:23:11', '2022-08-10 09:23:11'),
(621, '3.885', '3.925', 'Administrador', '2022-08-10 09:59:22', '2022-08-10 09:59:22'),
(622, '3.871', '3.921', 'Administrador', '2022-08-10 10:14:09', '2022-08-10 10:14:09'),
(623, '3.885', '3.928', 'Administrador', '2022-08-10 10:21:50', '2022-08-10 10:21:50'),
(624, '3.887', '3.924', 'Administrador', '2022-08-10 12:28:18', '2022-08-10 12:28:18'),
(625, '3.875', '3.91', 'Administrador', '2022-08-11 10:33:47', '2022-08-11 10:33:47'),
(626, '3.87', '3.905', 'Administrador', '2022-08-11 13:38:14', '2022-08-11 13:38:14'),
(627, '3.865', '3.899', 'Administrador', '2022-08-11 13:59:38', '2022-08-11 13:59:38'),
(628, '3.865', '3.915', 'Administrador', '2022-08-12 09:02:41', '2022-08-12 09:02:41'),
(629, '3.865', '3.905', 'Administrador', '2022-08-12 09:21:37', '2022-08-12 09:21:37'),
(630, '3.861', '3.899', 'Administrador', '2022-08-12 09:35:08', '2022-08-12 09:35:08'),
(631, '3.845', '3.89', 'Administrador', '2022-08-12 10:44:26', '2022-08-12 10:44:26'),
(632, '3.835', '3.881', 'Administrador', '2022-08-12 11:46:29', '2022-08-12 11:46:29'),
(633, '3.85', '3.885', 'Administrador', '2022-08-12 12:56:41', '2022-08-12 12:56:41'),
(634, '3.841', '3.881', 'Administrador', '2022-08-12 18:14:15', '2022-08-12 18:14:15'),
(635, '3.861', '3.899', 'Administrador', '2022-08-15 09:07:36', '2022-08-15 09:07:36'),
(636, '3.855', '3.89', 'Administrador', '2022-08-15 09:37:38', '2022-08-15 09:37:38'),
(637, '3.851', '3.884', 'Administrador', '2022-08-15 09:40:47', '2022-08-15 09:40:47'),
(638, '3.841', '3.87', 'Administrador', '2022-08-15 11:08:32', '2022-08-15 11:08:32'),
(639, '3.835', '3.875', 'Administrador', '2022-08-15 11:58:51', '2022-08-15 11:58:51'),
(640, '3.831', '3.865', 'Administrador', '2022-08-15 12:48:04', '2022-08-15 12:48:04'),
(641, '3.84', '3.874', 'Administrador', '2022-08-15 13:20:45', '2022-08-15 13:20:45'),
(642, '3.852', '3.898', 'Administrador', '2022-08-16 09:17:24', '2022-08-16 09:17:24'),
(643, '3.861', '3.899', 'Administrador', '2022-08-16 10:05:56', '2022-08-16 10:05:56'),
(644, '3.855', '3.885', 'Administrador', '2022-08-16 11:03:16', '2022-08-16 11:03:16'),
(645, '3.85', '3.881', 'Administrador', '2022-08-16 11:40:38', '2022-08-16 11:40:38'),
(646, '3.835', '3.87', 'Administrador', '2022-08-16 14:45:01', '2022-08-16 14:45:01'),
(647, '3.837', '3.87', 'Administrador', '2022-08-17 09:45:57', '2022-08-17 09:45:57'),
(648, '3.827', '3.862', 'Administrador', '2022-08-17 11:49:20', '2022-08-17 11:49:20'),
(649, '3.821', '3.859', 'Administrador', '2022-08-17 12:12:10', '2022-08-17 12:12:10'),
(650, '3.821', '3.859', 'Administrador', '2022-08-17 12:12:11', '2022-08-17 12:12:11'),
(651, '3.821', '3.859', 'Administrador', '2022-08-17 12:12:11', '2022-08-17 12:12:11'),
(652, '3.811', '3.855', 'Administrador', '2022-08-17 12:23:01', '2022-08-17 12:23:01'),
(653, '3.828', '3.863', 'Administrador', '2022-08-17 13:59:48', '2022-08-17 13:59:48'),
(654, '3.835', '3.873', 'Administrador', '2022-08-18 09:05:23', '2022-08-18 09:05:23'),
(655, '3.831', '3.864', 'Administrador', '2022-08-18 10:21:20', '2022-08-18 10:21:20'),
(656, '3.835', '3.865', 'Administrador', '2022-08-18 11:40:30', '2022-08-18 11:40:30'),
(657, '3.838', '3.865', 'Administrador', '2022-08-18 12:27:57', '2022-08-18 12:27:57'),
(658, '3.841', '3.885', 'Administrador', '2022-08-19 09:07:23', '2022-08-19 09:07:23'),
(659, '3.838', '3.868', 'Administrador', '2022-08-19 09:22:08', '2022-08-19 09:22:08'),
(660, '3.843', '3.874', 'Administrador', '2022-08-19 09:40:34', '2022-08-19 09:40:34'),
(661, '3.847', '3.875', 'Administrador', '2022-08-19 10:23:08', '2022-08-19 10:23:08'),
(662, '3.851', '3.892', 'Administrador', '2022-08-19 13:31:07', '2022-08-19 13:31:07'),
(663, '3.855', '3.885', 'Administrador', '2022-08-19 13:37:25', '2022-08-19 13:37:25'),
(664, '3.85', '3.885', 'Administrador', '2022-08-20 09:10:28', '2022-08-20 09:10:28'),
(665, '3.855', '3.901', 'Administrador', '2022-08-22 09:06:28', '2022-08-22 09:06:28'),
(666, '3.861', '3.903', 'Administrador', '2022-08-22 10:10:30', '2022-08-22 10:10:30'),
(667, '3.863', '3.897', 'Administrador', '2022-08-22 11:26:28', '2022-08-22 11:26:28'),
(668, '3.865', '3.895', 'Administrador', '2022-08-22 11:58:47', '2022-08-22 11:58:47'),
(669, '3.87', '3.898', 'Administrador', '2022-08-22 14:28:42', '2022-08-22 14:28:42'),
(670, '3.861', '3.913', 'Administrador', '2022-08-22 19:11:31', '2022-08-22 19:11:31'),
(671, '3.855', '3.889', 'Administrador', '2022-08-23 09:12:01', '2022-08-23 09:12:01'),
(672, '3.851', '3.881', 'Administrador', '2022-08-23 09:56:40', '2022-08-23 09:56:40'),
(673, '3.851', '3.883', 'Administrador', '2022-08-23 12:02:01', '2022-08-23 12:02:01'),
(674, '3.856', '3.885', 'Administrador', '2022-08-23 14:35:46', '2022-08-23 14:35:46'),
(675, '3.85', '3.885', 'Administrador', '2022-08-23 17:40:50', '2022-08-23 17:40:50'),
(676, '3.855', '3.89', 'Administrador', '2022-08-24 09:25:00', '2022-08-24 09:25:00'),
(677, '3.855', '3.883', 'Administrador', '2022-08-24 10:18:00', '2022-08-24 10:18:00'),
(678, '3.86', '3.885', 'Administrador', '2022-08-24 12:37:19', '2022-08-24 12:37:19'),
(679, '3.863', '3.891', 'Administrador', '2022-08-24 12:50:39', '2022-08-24 12:50:39'),
(680, '3.86', '3.888', 'Administrador', '2022-08-24 14:53:05', '2022-08-24 14:53:05'),
(681, '3.86', '3.895', 'Administrador', '2022-08-24 17:50:58', '2022-08-24 17:50:58'),
(682, '3.851', '3.88', 'Administrador', '2022-08-25 09:30:13', '2022-08-25 09:30:13'),
(683, '3.845', '3.875', 'Administrador', '2022-08-25 10:21:42', '2022-08-25 10:21:42'),
(684, '3.84', '3.87', 'Administrador', '2022-08-25 11:16:28', '2022-08-25 11:16:28');

-- --------------------------------------------------------

--
-- Table structure for table `tipocambio_aux`
--

CREATE TABLE `tipocambio_aux` (
  `id` int(11) NOT NULL,
  `compra` varchar(255) NOT NULL,
  `venta` varchar(255) NOT NULL,
  `id_user` varchar(255) NOT NULL,
  `hora_seteado` varchar(255) NOT NULL
) ENGINE=InnoDB DEFAULT CHARSET=utf8mb4;

-- --------------------------------------------------------

--
-- Table structure for table `tipocuenta`
--

CREATE TABLE `tipocuenta` (
  `tipocuenta_id` int(11) NOT NULL,
  `nombre` varchar(255) COLLATE utf8mb4_unicode_ci DEFAULT NULL
) ENGINE=MyISAM DEFAULT CHARSET=utf8mb4 COLLATE=utf8mb4_unicode_ci;

--
-- Dumping data for table `tipocuenta`
--

INSERT INTO `tipocuenta` (`tipocuenta_id`, `nombre`) VALUES
(1, 'Ahorro'),
(2, 'Corriente'),
(3, 'Cuentas nómina'),
(4, 'Cuentas bancaria para empresas o negocio');

-- --------------------------------------------------------

--
-- Table structure for table `tiposdocumento`
--

CREATE TABLE `tiposdocumento` (
  `tiposdocumento_id` int(11) NOT NULL,
  `nombre` varchar(255) COLLATE utf8mb4_unicode_ci DEFAULT NULL
) ENGINE=MyISAM DEFAULT CHARSET=utf8mb4 COLLATE=utf8mb4_unicode_ci;

--
-- Dumping data for table `tiposdocumento`
--

INSERT INTO `tiposdocumento` (`tiposdocumento_id`, `nombre`) VALUES
(1, 'DNI'),
(2, 'PASAPORTE'),
(3, 'RUC 10'),
(4, 'RUC 20'),
(5, 'Carnet de Extranjería');

-- --------------------------------------------------------

--
-- Table structure for table `ubigeo`
--

CREATE TABLE `ubigeo` (
  `ubigeo_id` int(11) NOT NULL,
  `dDepartamento` int(2) DEFAULT NULL,
  `codProvincia` int(2) DEFAULT NULL,
  `codDistrito` int(2) DEFAULT NULL,
  `Descripcion` varchar(36) DEFAULT NULL
) ENGINE=MyISAM DEFAULT CHARSET=utf8;

--
-- Dumping data for table `ubigeo`
--

INSERT INTO `ubigeo` (`ubigeo_id`, `dDepartamento`, `codProvincia`, `codDistrito`, `Descripcion`) VALUES
(1, 1, 0, 0, 'AMAZONAS'),
(2, 1, 1, 0, 'CHACHAPOYAS'),
(3, 1, 1, 1, 'CHACHAPOYAS'),
(4, 1, 1, 2, 'ASUNCION'),
(5, 1, 1, 3, 'BALSAS'),
(6, 1, 1, 4, 'CHETO'),
(7, 1, 1, 5, 'CHILIQUIN'),
(8, 1, 1, 6, 'CHUQUIBAMBA'),
(9, 1, 1, 7, 'GRANADA'),
(10, 1, 1, 8, 'HUANCAS'),
(11, 1, 1, 9, 'LA JALCA'),
(12, 1, 1, 10, 'LEIMEBAMBA'),
(13, 1, 1, 11, 'LEVANTO'),
(14, 1, 1, 12, 'MAGDALENA'),
(15, 1, 1, 13, 'MARISCAL CASTILLA'),
(16, 1, 1, 14, 'MOLINOPAMPA'),
(17, 1, 1, 15, 'MONTEVIDEO'),
(18, 1, 1, 16, 'OLLEROS'),
(19, 1, 1, 17, 'QUINJALCA'),
(20, 1, 1, 18, 'SAN FRANCISCO DE DAGUAS'),
(21, 1, 1, 19, 'SAN ISIDRO DE MAINO'),
(22, 1, 1, 20, 'SOLOCO'),
(23, 1, 1, 21, 'SONCHE'),
(24, 1, 2, 0, 'BAGUA'),
(25, 1, 2, 1, 'BAGUA'),
(26, 1, 2, 2, 'ARAMANGO'),
(27, 1, 2, 3, 'COPALLIN'),
(28, 1, 2, 4, 'EL PARCO'),
(29, 1, 2, 5, 'IMAZA'),
(30, 1, 2, 6, 'LA PECA'),
(31, 1, 3, 0, 'BONGARA'),
(32, 1, 3, 1, 'JUMBILLA'),
(33, 1, 3, 2, 'CHISQUILLA'),
(34, 1, 3, 3, 'CHURUJA'),
(35, 1, 3, 4, 'COROSHA'),
(36, 1, 3, 5, 'CUISPES'),
(37, 1, 3, 6, 'FLORIDA'),
(38, 1, 3, 7, 'JAZAN'),
(39, 1, 3, 8, 'RECTA'),
(40, 1, 3, 9, 'SAN CARLOS'),
(41, 1, 3, 10, 'SHIPASBAMBA'),
(42, 1, 3, 11, 'VALERA'),
(43, 1, 3, 12, 'YAMBRASBAMBA'),
(44, 1, 4, 0, 'CONDORCANQUI'),
(45, 1, 4, 1, 'NIEVA'),
(46, 1, 4, 2, 'EL CENEPA'),
(47, 1, 4, 3, 'RIO SANTIAGO'),
(48, 1, 5, 0, 'LUYA'),
(49, 1, 5, 1, 'LAMUD'),
(50, 1, 5, 2, 'CAMPORREDONDO'),
(51, 1, 5, 3, 'COCABAMBA'),
(52, 1, 5, 4, 'COLCAMAR'),
(53, 1, 5, 5, 'CONILA'),
(54, 1, 5, 6, 'INGUILPATA'),
(55, 1, 5, 7, 'LONGUITA'),
(56, 1, 5, 8, 'LONYA CHICO'),
(57, 1, 5, 9, 'LUYA'),
(58, 1, 5, 10, 'LUYA VIEJO'),
(59, 1, 5, 11, 'MARIA'),
(60, 1, 5, 12, 'OCALLI'),
(61, 1, 5, 13, 'OCUMAL'),
(62, 1, 5, 14, 'PISUQUIA'),
(63, 1, 5, 15, 'PROVIDENCIA'),
(64, 1, 5, 16, 'SAN CRISTOBAL'),
(65, 1, 5, 17, 'SAN FRANCISCO DEL YESO'),
(66, 1, 5, 18, 'SAN JERONIMO'),
(67, 1, 5, 19, 'SAN JUAN DE LOPECANCHA'),
(68, 1, 5, 20, 'SANTA CATALINA'),
(69, 1, 5, 21, 'SANTO TOMAS'),
(70, 1, 5, 22, 'TINGO'),
(71, 1, 5, 23, 'TRITA'),
(72, 1, 6, 0, 'RODRIGUEZ DE MENDOZA'),
(73, 1, 6, 1, 'SAN NICOLAS'),
(74, 1, 6, 2, 'CHIRIMOTO'),
(75, 1, 6, 3, 'COCHAMAL'),
(76, 1, 6, 4, 'HUAMBO'),
(77, 1, 6, 5, 'LIMABAMBA'),
(78, 1, 6, 6, 'LONGAR'),
(79, 1, 6, 7, 'MARISCAL BENAVIDES'),
(80, 1, 6, 8, 'MILPUC'),
(81, 1, 6, 9, 'OMIA'),
(82, 1, 6, 10, 'SANTA ROSA'),
(83, 1, 6, 11, 'TOTORA'),
(84, 1, 6, 12, 'VISTA ALEGRE'),
(85, 1, 7, 0, 'UTCUBAMBA'),
(86, 1, 7, 1, 'BAGUA GRANDE'),
(87, 1, 7, 2, 'CAJARURO'),
(88, 1, 7, 3, 'CUMBA'),
(89, 1, 7, 4, 'EL MILAGRO'),
(90, 1, 7, 5, 'JAMALCA'),
(91, 1, 7, 6, 'LONYA GRANDE'),
(92, 1, 7, 7, 'YAMON'),
(93, 2, 0, 0, 'ANCASH'),
(94, 2, 1, 0, 'HUARAZ'),
(95, 2, 1, 1, 'HUARAZ'),
(96, 2, 1, 2, 'COCHABAMBA'),
(97, 2, 1, 3, 'COLCABAMBA'),
(98, 2, 1, 4, 'HUANCHAY'),
(99, 2, 1, 5, 'INDEPENDENCIA'),
(100, 2, 1, 6, 'JANGAS'),
(101, 2, 1, 7, 'LA LIBERTAD'),
(102, 2, 1, 8, 'OLLEROS'),
(103, 2, 1, 9, 'PAMPAS'),
(104, 2, 1, 10, 'PARIACOTO'),
(105, 2, 1, 11, 'PIRA'),
(106, 2, 1, 12, 'TARICA'),
(107, 2, 2, 0, 'AIJA'),
(108, 2, 2, 1, 'AIJA'),
(109, 2, 2, 2, 'CORIS'),
(110, 2, 2, 3, 'HUACLLAN'),
(111, 2, 2, 4, 'LA MERCED'),
(112, 2, 2, 5, 'SUCCHA'),
(113, 2, 3, 0, 'ANTONIO RAYMONDI'),
(114, 2, 3, 1, 'LLAMELLIN'),
(115, 2, 3, 2, 'ACZO'),
(116, 2, 3, 3, 'CHACCHO'),
(117, 2, 3, 4, 'CHINGAS'),
(118, 2, 3, 5, 'MIRGAS'),
(119, 2, 3, 6, 'SAN JUAN DE RONTOY'),
(120, 2, 4, 0, 'ASUNCION'),
(121, 2, 4, 1, 'CHACAS'),
(122, 2, 4, 2, 'ACOCHACA'),
(123, 2, 5, 0, 'BOLOGNESI'),
(124, 2, 5, 1, 'CHIQUIAN'),
(125, 2, 5, 2, 'ABELARDO PARDO LEZAMETA'),
(126, 2, 5, 3, 'ANTONIO RAYMONDI'),
(127, 2, 5, 4, 'AQUIA'),
(128, 2, 5, 5, 'CAJACAY'),
(129, 2, 5, 6, 'CANIS'),
(130, 2, 5, 7, 'COLQUIOC'),
(131, 2, 5, 8, 'HUALLANCA'),
(132, 2, 5, 9, 'HUASTA'),
(133, 2, 5, 10, 'HUAYLLACAYAN'),
(134, 2, 5, 11, 'LA PRIMAVERA'),
(135, 2, 5, 12, 'MANGAS'),
(136, 2, 5, 13, 'PACLLON'),
(137, 2, 5, 14, 'SAN MIGUEL DE CORPANQUI'),
(138, 2, 5, 15, 'TICLLOS'),
(139, 2, 6, 0, 'CARHUAZ'),
(140, 2, 6, 1, 'CARHUAZ'),
(141, 2, 6, 2, 'ACOPAMPA'),
(142, 2, 6, 3, 'AMASHCA'),
(143, 2, 6, 4, 'ANTA'),
(144, 2, 6, 5, 'ATAQUERO'),
(145, 2, 6, 6, 'MARCARA'),
(146, 2, 6, 7, 'PARIAHUANCA'),
(147, 2, 6, 8, 'SAN MIGUEL DE ACO'),
(148, 2, 6, 9, 'SHILLA'),
(149, 2, 6, 10, 'TINCO'),
(150, 2, 6, 11, 'YUNGAR'),
(151, 2, 7, 0, 'CARLOS FERMIN FITZCARRALD'),
(152, 2, 7, 1, 'SAN LUIS'),
(153, 2, 7, 2, 'SAN NICOLAS'),
(154, 2, 7, 3, 'YAUYA'),
(155, 2, 8, 0, 'CASMA'),
(156, 2, 8, 1, 'CASMA'),
(157, 2, 8, 2, 'BUENA VISTA ALTA'),
(158, 2, 8, 3, 'COMANDANTE NOEL'),
(159, 2, 8, 4, 'YAUTAN'),
(160, 2, 9, 0, 'CORONGO'),
(161, 2, 9, 1, 'CORONGO'),
(162, 2, 9, 2, 'ACO'),
(163, 2, 9, 3, 'BAMBAS'),
(164, 2, 9, 4, 'CUSCA'),
(165, 2, 9, 5, 'LA PAMPA'),
(166, 2, 9, 6, 'YANAC'),
(167, 2, 9, 7, 'YUPAN'),
(168, 2, 10, 0, 'HUARI'),
(169, 2, 10, 1, 'HUARI'),
(170, 2, 10, 2, 'ANRA'),
(171, 2, 10, 3, 'CAJAY'),
(172, 2, 10, 4, 'CHAVIN DE HUANTAR'),
(173, 2, 10, 5, 'HUACACHI'),
(174, 2, 10, 6, 'HUACCHIS'),
(175, 2, 10, 7, 'HUACHIS'),
(176, 2, 10, 8, 'HUANTAR'),
(177, 2, 10, 9, 'MASIN'),
(178, 2, 10, 10, 'PAUCAS'),
(179, 2, 10, 11, 'PONTO'),
(180, 2, 10, 12, 'RAHUAPAMPA'),
(181, 2, 10, 13, 'RAPAYAN'),
(182, 2, 10, 14, 'SAN MARCOS'),
(183, 2, 10, 15, 'SAN PEDRO DE CHANA'),
(184, 2, 10, 16, 'UCO'),
(185, 2, 11, 0, 'HUARMEY'),
(186, 2, 11, 1, 'HUARMEY'),
(187, 2, 11, 2, 'COCHAPETI'),
(188, 2, 11, 3, 'CULEBRAS'),
(189, 2, 11, 4, 'HUAYAN'),
(190, 2, 11, 5, 'MALVAS'),
(191, 2, 12, 0, 'HUAYLAS'),
(192, 2, 12, 1, 'CARAZ'),
(193, 2, 12, 2, 'HUALLANCA'),
(194, 2, 12, 3, 'HUATA'),
(195, 2, 12, 4, 'HUAYLAS'),
(196, 2, 12, 5, 'MATO'),
(197, 2, 12, 6, 'PAMPAROMAS'),
(198, 2, 12, 7, 'PUEBLO LIBRE'),
(199, 2, 12, 8, 'SANTA CRUZ'),
(200, 2, 12, 9, 'SANTO TORIBIO'),
(201, 2, 12, 10, 'YURACMARCA'),
(202, 2, 13, 0, 'MARISCAL LUZURIAGA'),
(203, 2, 13, 1, 'PISCOBAMBA'),
(204, 2, 13, 2, 'CASCA'),
(205, 2, 13, 3, 'ELEAZAR GUZMAN BARRON'),
(206, 2, 13, 4, 'FIDEL OLIVAS ESCUDERO'),
(207, 2, 13, 5, 'LLAMA'),
(208, 2, 13, 6, 'LLUMPA'),
(209, 2, 13, 7, 'LUCMA'),
(210, 2, 13, 8, 'MUSGA'),
(211, 2, 14, 0, 'OCROS'),
(212, 2, 14, 1, 'OCROS'),
(213, 2, 14, 2, 'ACAS'),
(214, 2, 14, 3, 'CAJAMARQUILLA'),
(215, 2, 14, 4, 'CARHUAPAMPA'),
(216, 2, 14, 5, 'COCHAS'),
(217, 2, 14, 6, 'CONGAS'),
(218, 2, 14, 7, 'LLIPA'),
(219, 2, 14, 8, 'SAN CRISTOBAL DE RAJAN'),
(220, 2, 14, 9, 'SAN PEDRO'),
(221, 2, 14, 10, 'SANTIAGO DE CHILCAS'),
(222, 2, 15, 0, 'PALLASCA'),
(223, 2, 15, 1, 'CABANA'),
(224, 2, 15, 2, 'BOLOGNESI'),
(225, 2, 15, 3, 'CONCHUCOS'),
(226, 2, 15, 4, 'HUACASCHUQUE'),
(227, 2, 15, 5, 'HUANDOVAL'),
(228, 2, 15, 6, 'LACABAMBA'),
(229, 2, 15, 7, 'LLAPO'),
(230, 2, 15, 8, 'PALLASCA'),
(231, 2, 15, 9, 'PAMPAS'),
(232, 2, 15, 10, 'SANTA ROSA'),
(233, 2, 15, 11, 'TAUCA'),
(234, 2, 16, 0, 'POMABAMBA'),
(235, 2, 16, 1, 'POMABAMBA'),
(236, 2, 16, 2, 'HUAYLLAN'),
(237, 2, 16, 3, 'PAROBAMBA'),
(238, 2, 16, 4, 'QUINUABAMBA'),
(239, 2, 17, 0, 'RECUAY'),
(240, 2, 17, 1, 'RECUAY'),
(241, 2, 17, 2, 'CATAC'),
(242, 2, 17, 3, 'COTAPARACO'),
(243, 2, 17, 4, 'HUAYLLAPAMPA'),
(244, 2, 17, 5, 'LLACLLIN'),
(245, 2, 17, 6, 'MARCA'),
(246, 2, 17, 7, 'PAMPAS CHICO'),
(247, 2, 17, 8, 'PARARIN'),
(248, 2, 17, 9, 'TAPACOCHA'),
(249, 2, 17, 10, 'TICAPAMPA'),
(250, 2, 18, 0, 'SANTA'),
(251, 2, 18, 1, 'CHIMBOTE'),
(252, 2, 18, 2, 'CACERES DEL PERU'),
(253, 2, 18, 3, 'COISHCO'),
(254, 2, 18, 4, 'MACATE'),
(255, 2, 18, 5, 'MORO'),
(256, 2, 18, 6, 'NEPEÑA'),
(257, 2, 18, 7, 'SAMANCO'),
(258, 2, 18, 8, 'SANTA'),
(259, 2, 18, 9, 'NUEVO CHIMBOTE'),
(260, 2, 19, 0, 'SIHUAS'),
(261, 2, 19, 1, 'SIHUAS'),
(262, 2, 19, 2, 'ACOBAMBA'),
(263, 2, 19, 3, 'ALFONSO UGARTE'),
(264, 2, 19, 4, 'CASHAPAMPA'),
(265, 2, 19, 5, 'CHINGALPO'),
(266, 2, 19, 6, 'HUAYLLABAMBA'),
(267, 2, 19, 7, 'QUICHES'),
(268, 2, 19, 8, 'RAGASH'),
(269, 2, 19, 9, 'SAN JUAN'),
(270, 2, 19, 10, 'SICSIBAMBA'),
(271, 2, 20, 0, 'YUNGAY'),
(272, 2, 20, 1, 'YUNGAY'),
(273, 2, 20, 2, 'CASCAPARA'),
(274, 2, 20, 3, 'MANCOS'),
(275, 2, 20, 4, 'MATACOTO'),
(276, 2, 20, 5, 'QUILLO'),
(277, 2, 20, 6, 'RANRAHIRCA'),
(278, 2, 20, 7, 'SHUPLUY'),
(279, 2, 20, 8, 'YANAMA'),
(280, 3, 0, 0, 'APURIMAC'),
(281, 3, 1, 0, 'ABANCAY'),
(282, 3, 1, 1, 'ABANCAY'),
(283, 3, 1, 2, 'CHACOCHE'),
(284, 3, 1, 3, 'CIRCA'),
(285, 3, 1, 4, 'CURAHUASI'),
(286, 3, 1, 5, 'HUANIPACA'),
(287, 3, 1, 6, 'LAMBRAMA'),
(288, 3, 1, 7, 'PICHIRHUA'),
(289, 3, 1, 8, 'SAN PEDRO DE CACHORA'),
(290, 3, 1, 9, 'TAMBURCO'),
(291, 3, 2, 0, 'ANDAHUAYLAS'),
(292, 3, 2, 1, 'ANDAHUAYLAS'),
(293, 3, 2, 2, 'ANDARAPA'),
(294, 3, 2, 3, 'CHIARA'),
(295, 3, 2, 4, 'HUANCARAMA'),
(296, 3, 2, 5, 'HUANCARAY'),
(297, 3, 2, 6, 'HUAYANA'),
(298, 3, 2, 7, 'KISHUARA'),
(299, 3, 2, 8, 'PACOBAMBA'),
(300, 3, 2, 9, 'PACUCHA'),
(301, 3, 2, 10, 'PAMPACHIRI'),
(302, 3, 2, 11, 'POMACOCHA'),
(303, 3, 2, 12, 'SAN ANTONIO DE CACHI'),
(304, 3, 2, 13, 'SAN JERONIMO'),
(305, 3, 2, 14, 'SAN MIGUEL DE CHACCRAMPA'),
(306, 3, 2, 15, 'SANTA MARIA DE CHICMO'),
(307, 3, 2, 16, 'TALAVERA'),
(308, 3, 2, 17, 'TUMAY HUARACA'),
(309, 3, 2, 18, 'TURPO'),
(310, 3, 2, 19, 'KAQUIABAMBA'),
(311, 3, 3, 0, 'ANTABAMBA'),
(312, 3, 3, 1, 'ANTABAMBA'),
(313, 3, 3, 2, 'EL ORO'),
(314, 3, 3, 3, 'HUAQUIRCA'),
(315, 3, 3, 4, 'JUAN ESPINOZA MEDRANO'),
(316, 3, 3, 5, 'OROPESA'),
(317, 3, 3, 6, 'PACHACONAS'),
(318, 3, 3, 7, 'SABAINO'),
(319, 3, 4, 0, 'AYMARAES'),
(320, 3, 4, 1, 'CHALHUANCA'),
(321, 3, 4, 2, 'CAPAYA'),
(322, 3, 4, 3, 'CARAYBAMBA'),
(323, 3, 4, 4, 'CHAPIMARCA'),
(324, 3, 4, 5, 'COLCABAMBA'),
(325, 3, 4, 6, 'COTARUSE'),
(326, 3, 4, 7, 'HUAYLLO'),
(327, 3, 4, 8, 'JUSTO APU SAHUARAURA'),
(328, 3, 4, 9, 'LUCRE'),
(329, 3, 4, 10, 'POCOHUANCA'),
(330, 3, 4, 11, 'SAN JUAN DE CHACÑA'),
(331, 3, 4, 12, 'SAÑAYCA'),
(332, 3, 4, 13, 'SORAYA'),
(333, 3, 4, 14, 'TAPAIRIHUA'),
(334, 3, 4, 15, 'TINTAY'),
(335, 3, 4, 16, 'TORAYA'),
(336, 3, 4, 17, 'YANACA'),
(337, 3, 5, 0, 'COTABAMBAS'),
(338, 3, 5, 1, 'TAMBOBAMBA'),
(339, 3, 5, 2, 'COTABAMBAS'),
(340, 3, 5, 3, 'COYLLURQUI'),
(341, 3, 5, 4, 'HAQUIRA'),
(342, 3, 5, 5, 'MARA'),
(343, 3, 5, 6, 'CHALLHUAHUACHO'),
(344, 3, 6, 0, 'CHINCHEROS'),
(345, 3, 6, 1, 'CHINCHEROS'),
(346, 3, 6, 2, 'ANCO_HUALLO'),
(347, 3, 6, 3, 'COCHARCAS'),
(348, 3, 6, 4, 'HUACCANA'),
(349, 3, 6, 5, 'OCOBAMBA'),
(350, 3, 6, 6, 'ONGOY'),
(351, 3, 6, 7, 'URANMARCA'),
(352, 3, 6, 8, 'RANRACANCHA'),
(353, 3, 7, 0, 'GRAU'),
(354, 3, 7, 1, 'CHUQUIBAMBILLA'),
(355, 3, 7, 2, 'CURPAHUASI'),
(356, 3, 7, 3, 'GAMARRA'),
(357, 3, 7, 4, 'HUAYLLATI'),
(358, 3, 7, 5, 'MAMARA'),
(359, 3, 7, 6, 'MICAELA BASTIDAS'),
(360, 3, 7, 7, 'PATAYPAMPA'),
(361, 3, 7, 8, 'PROGRESO'),
(362, 3, 7, 9, 'SAN ANTONIO'),
(363, 3, 7, 10, 'SANTA ROSA'),
(364, 3, 7, 11, 'TURPAY'),
(365, 3, 7, 12, 'VILCABAMBA'),
(366, 3, 7, 13, 'VIRUNDO'),
(367, 3, 7, 14, 'CURASCO'),
(368, 4, 0, 0, 'AREQUIPA'),
(369, 4, 1, 0, 'AREQUIPA'),
(370, 4, 1, 1, 'AREQUIPA'),
(371, 4, 1, 2, 'ALTO SELVA ALEGRE'),
(372, 4, 1, 3, 'CAYMA'),
(373, 4, 1, 4, 'CERRO COLORADO'),
(374, 4, 1, 5, 'CHARACATO'),
(375, 4, 1, 6, 'CHIGUATA'),
(376, 4, 1, 7, 'JACOBO HUNTER'),
(377, 4, 1, 8, 'LA JOYA'),
(378, 4, 1, 9, 'MARIANO MELGAR'),
(379, 4, 1, 10, 'MIRAFLORES'),
(380, 4, 1, 11, 'MOLLEBAYA'),
(381, 4, 1, 12, 'PAUCARPATA'),
(382, 4, 1, 13, 'POCSI'),
(383, 4, 1, 14, 'POLOBAYA'),
(384, 4, 1, 15, 'QUEQUEÑA'),
(385, 4, 1, 16, 'SABANDIA'),
(386, 4, 1, 17, 'SACHACA'),
(387, 4, 1, 18, 'SAN JUAN DE SIGUAS'),
(388, 4, 1, 19, 'SAN JUAN DE TARUCANI'),
(389, 4, 1, 20, 'SANTA ISABEL DE SIGUAS'),
(390, 4, 1, 21, 'SANTA RITA DE SIGUAS'),
(391, 4, 1, 22, 'SOCABAYA'),
(392, 4, 1, 23, 'TIABAYA'),
(393, 4, 1, 24, 'UCHUMAYO'),
(394, 4, 1, 25, 'VITOR'),
(395, 4, 1, 26, 'YANAHUARA'),
(396, 4, 1, 27, 'YARABAMBA'),
(397, 4, 1, 28, 'YURA'),
(398, 4, 1, 29, 'JOSE LUIS BUSTAMANTE Y RIVERO'),
(399, 4, 2, 0, 'CAMANA'),
(400, 4, 2, 1, 'CAMANA'),
(401, 4, 2, 2, 'JOSE MARIA QUIMPER'),
(402, 4, 2, 3, 'MARIANO NICOLAS VALCARCEL'),
(403, 4, 2, 4, 'MARISCAL CACERES'),
(404, 4, 2, 5, 'NICOLAS DE PIEROLA'),
(405, 4, 2, 6, 'OCOÑA'),
(406, 4, 2, 7, 'QUILCA'),
(407, 4, 2, 8, 'SAMUEL PASTOR'),
(408, 4, 3, 0, 'CARAVELI'),
(409, 4, 3, 1, 'CARAVELI'),
(410, 4, 3, 2, 'ACARI'),
(411, 4, 3, 3, 'ATICO'),
(412, 4, 3, 4, 'ATIQUIPA'),
(413, 4, 3, 5, 'BELLA UNION'),
(414, 4, 3, 6, 'CAHUACHO'),
(415, 4, 3, 7, 'CHALA'),
(416, 4, 3, 8, 'CHAPARRA'),
(417, 4, 3, 9, 'HUANUHUANU'),
(418, 4, 3, 10, 'JAQUI'),
(419, 4, 3, 11, 'LOMAS'),
(420, 4, 3, 12, 'QUICACHA'),
(421, 4, 3, 13, 'YAUCA'),
(422, 4, 4, 0, 'CASTILLA'),
(423, 4, 4, 1, 'APLAO'),
(424, 4, 4, 2, 'ANDAGUA'),
(425, 4, 4, 3, 'AYO'),
(426, 4, 4, 4, 'CHACHAS'),
(427, 4, 4, 5, 'CHILCAYMARCA'),
(428, 4, 4, 6, 'CHOCO'),
(429, 4, 4, 7, 'HUANCARQUI'),
(430, 4, 4, 8, 'MACHAGUAY'),
(431, 4, 4, 9, 'ORCOPAMPA'),
(432, 4, 4, 10, 'PAMPACOLCA'),
(433, 4, 4, 11, 'TIPAN'),
(434, 4, 4, 12, 'UÑON'),
(435, 4, 4, 13, 'URACA'),
(436, 4, 4, 14, 'VIRACO'),
(437, 4, 5, 0, 'CAYLLOMA'),
(438, 4, 5, 1, 'CHIVAY'),
(439, 4, 5, 2, 'ACHOMA'),
(440, 4, 5, 3, 'CABANACONDE'),
(441, 4, 5, 4, 'CALLALLI'),
(442, 4, 5, 5, 'CAYLLOMA'),
(443, 4, 5, 6, 'COPORAQUE'),
(444, 4, 5, 7, 'HUAMBO'),
(445, 4, 5, 8, 'HUANCA'),
(446, 4, 5, 9, 'ICHUPAMPA'),
(447, 4, 5, 10, 'LARI'),
(448, 4, 5, 11, 'LLUTA'),
(449, 4, 5, 12, 'MACA'),
(450, 4, 5, 13, 'MADRIGAL'),
(451, 4, 5, 14, 'SAN ANTONIO DE CHUCA'),
(452, 4, 5, 15, 'SIBAYO'),
(453, 4, 5, 16, 'TAPAY'),
(454, 4, 5, 17, 'TISCO'),
(455, 4, 5, 18, 'TUTI'),
(456, 4, 5, 19, 'YANQUE'),
(457, 4, 5, 20, 'MAJES'),
(458, 4, 6, 0, 'CONDESUYOS'),
(459, 4, 6, 1, 'CHUQUIBAMBA'),
(460, 4, 6, 2, 'ANDARAY'),
(461, 4, 6, 3, 'CAYARANI'),
(462, 4, 6, 4, 'CHICHAS'),
(463, 4, 6, 5, 'IRAY'),
(464, 4, 6, 6, 'RIO GRANDE'),
(465, 4, 6, 7, 'SALAMANCA'),
(466, 4, 6, 8, 'YANAQUIHUA'),
(467, 4, 7, 0, 'ISLAY'),
(468, 4, 7, 1, 'MOLLENDO'),
(469, 4, 7, 2, 'COCACHACRA'),
(470, 4, 7, 3, 'DEAN VALDIVIA'),
(471, 4, 7, 4, 'ISLAY'),
(472, 4, 7, 5, 'MEJIA'),
(473, 4, 7, 6, 'PUNTA DE BOMBON'),
(474, 4, 8, 0, 'LA UNION'),
(475, 4, 8, 1, 'COTAHUASI'),
(476, 4, 8, 2, 'ALCA'),
(477, 4, 8, 3, 'CHARCANA'),
(478, 4, 8, 4, 'HUAYNACOTAS'),
(479, 4, 8, 5, 'PAMPAMARCA'),
(480, 4, 8, 6, 'PUYCA'),
(481, 4, 8, 7, 'QUECHUALLA'),
(482, 4, 8, 8, 'SAYLA'),
(483, 4, 8, 9, 'TAURIA'),
(484, 4, 8, 10, 'TOMEPAMPA'),
(485, 4, 8, 11, 'TORO'),
(486, 5, 0, 0, 'AYACUCHO'),
(487, 5, 1, 0, 'HUAMANGA'),
(488, 5, 1, 1, 'AYACUCHO'),
(489, 5, 1, 2, 'ACOCRO'),
(490, 5, 1, 3, 'ACOS VINCHOS'),
(491, 5, 1, 4, 'CARMEN ALTO'),
(492, 5, 1, 5, 'CHIARA'),
(493, 5, 1, 6, 'OCROS'),
(494, 5, 1, 7, 'PACAYCASA'),
(495, 5, 1, 8, 'QUINUA'),
(496, 5, 1, 9, 'SAN JOSE DE TICLLAS'),
(497, 5, 1, 10, 'SAN JUAN BAUTISTA'),
(498, 5, 1, 11, 'SANTIAGO DE PISCHA'),
(499, 5, 1, 12, 'SOCOS'),
(500, 5, 1, 13, 'TAMBILLO'),
(501, 5, 1, 14, 'VINCHOS'),
(502, 5, 1, 15, 'JESUS NAZARENO'),
(503, 5, 2, 0, 'CANGALLO'),
(504, 5, 2, 1, 'CANGALLO'),
(505, 5, 2, 2, 'CHUSCHI'),
(506, 5, 2, 3, 'LOS MOROCHUCOS'),
(507, 5, 2, 4, 'MARIA PARADO DE BELLIDO'),
(508, 5, 2, 5, 'PARAS'),
(509, 5, 2, 6, 'TOTOS'),
(510, 5, 3, 0, 'HUANCA SANCOS'),
(511, 5, 3, 1, 'SANCOS'),
(512, 5, 3, 2, 'CARAPO'),
(513, 5, 3, 3, 'SACSAMARCA'),
(514, 5, 3, 4, 'SANTIAGO DE LUCANAMARCA'),
(515, 5, 4, 0, 'HUANTA'),
(516, 5, 4, 1, 'HUANTA'),
(517, 5, 4, 2, 'AYAHUANCO'),
(518, 5, 4, 3, 'HUAMANGUILLA'),
(519, 5, 4, 4, 'IGUAIN'),
(520, 5, 4, 5, 'LURICOCHA'),
(521, 5, 4, 6, 'SANTILLANA'),
(522, 5, 4, 7, 'SIVIA'),
(523, 5, 4, 8, 'LLOCHEGUA'),
(524, 5, 5, 0, 'LA MAR'),
(525, 5, 5, 1, 'SAN MIGUEL'),
(526, 5, 5, 2, 'ANCO'),
(527, 5, 5, 3, 'AYNA'),
(528, 5, 5, 4, 'CHILCAS'),
(529, 5, 5, 5, 'CHUNGUI'),
(530, 5, 5, 6, 'LUIS CARRANZA'),
(531, 5, 5, 7, 'SANTA ROSA'),
(532, 5, 5, 8, 'TAMBO'),
(533, 5, 6, 0, 'LUCANAS'),
(534, 5, 6, 1, 'PUQUIO'),
(535, 5, 6, 2, 'AUCARA'),
(536, 5, 6, 3, 'CABANA'),
(537, 5, 6, 4, 'CARMEN SALCEDO'),
(538, 5, 6, 5, 'CHAVIÑA'),
(539, 5, 6, 6, 'CHIPAO'),
(540, 5, 6, 7, 'HUAC-HUAS'),
(541, 5, 6, 8, 'LARAMATE'),
(542, 5, 6, 9, 'LEONCIO PRADO'),
(543, 5, 6, 10, 'LLAUTA'),
(544, 5, 6, 11, 'LUCANAS'),
(545, 5, 6, 12, 'OCAÑA'),
(546, 5, 6, 13, 'OTOCA'),
(547, 5, 6, 14, 'SAISA'),
(548, 5, 6, 15, 'SAN CRISTOBAL'),
(549, 5, 6, 16, 'SAN JUAN'),
(550, 5, 6, 17, 'SAN PEDRO'),
(551, 5, 6, 18, 'SAN PEDRO DE PALCO'),
(552, 5, 6, 19, 'SANCOS'),
(553, 5, 6, 20, 'SANTA ANA DE HUAYCAHUACHO'),
(554, 5, 6, 21, 'SANTA LUCIA'),
(555, 5, 7, 0, 'PARINACOCHAS'),
(556, 5, 7, 1, 'CORACORA'),
(557, 5, 7, 2, 'CHUMPI'),
(558, 5, 7, 3, 'CORONEL CASTAÑEDA'),
(559, 5, 7, 4, 'PACAPAUSA'),
(560, 5, 7, 5, 'PULLO'),
(561, 5, 7, 6, 'PUYUSCA'),
(562, 5, 7, 7, 'SAN FRANCISCO DE RAVACAYCO'),
(563, 5, 7, 8, 'UPAHUACHO'),
(564, 5, 8, 0, 'PAUCAR DEL SARA SARA'),
(565, 5, 8, 1, 'PAUSA'),
(566, 5, 8, 2, 'COLTA'),
(567, 5, 8, 3, 'CORCULLA'),
(568, 5, 8, 4, 'LAMPA'),
(569, 5, 8, 5, 'MARCABAMBA'),
(570, 5, 8, 6, 'OYOLO'),
(571, 5, 8, 7, 'PARARCA'),
(572, 5, 8, 8, 'SAN JAVIER DE ALPABAMBA'),
(573, 5, 8, 9, 'SAN JOSE DE USHUA'),
(574, 5, 8, 10, 'SARA SARA'),
(575, 5, 9, 0, 'SUCRE'),
(576, 5, 9, 1, 'QUEROBAMBA'),
(577, 5, 9, 2, 'BELEN'),
(578, 5, 9, 3, 'CHALCOS'),
(579, 5, 9, 4, 'CHILCAYOC'),
(580, 5, 9, 5, 'HUACAÑA'),
(581, 5, 9, 6, 'MORCOLLA'),
(582, 5, 9, 7, 'PAICO'),
(583, 5, 9, 8, 'SAN PEDRO DE LARCAY'),
(584, 5, 9, 9, 'SAN SALVADOR DE QUIJE'),
(585, 5, 9, 10, 'SANTIAGO DE PAUCARAY'),
(586, 5, 9, 11, 'SORAS'),
(587, 5, 10, 0, 'VICTOR FAJARDO'),
(588, 5, 10, 1, 'HUANCAPI'),
(589, 5, 10, 2, 'ALCAMENCA'),
(590, 5, 10, 3, 'APONGO'),
(591, 5, 10, 4, 'ASQUIPATA'),
(592, 5, 10, 5, 'CANARIA'),
(593, 5, 10, 6, 'CAYARA'),
(594, 5, 10, 7, 'COLCA'),
(595, 5, 10, 8, 'HUAMANQUIQUIA'),
(596, 5, 10, 9, 'HUANCARAYLLA'),
(597, 5, 10, 10, 'HUAYA'),
(598, 5, 10, 11, 'SARHUA'),
(599, 5, 10, 12, 'VILCANCHOS'),
(600, 5, 11, 0, 'VILCAS HUAMAN'),
(601, 5, 11, 1, 'VILCAS HUAMAN'),
(602, 5, 11, 2, 'ACCOMARCA'),
(603, 5, 11, 3, 'CARHUANCA'),
(604, 5, 11, 4, 'CONCEPCION'),
(605, 5, 11, 5, 'HUAMBALPA'),
(606, 5, 11, 6, 'INDEPENDENCIA'),
(607, 5, 11, 7, 'SAURAMA'),
(608, 5, 11, 8, 'VISCHONGO'),
(609, 6, 0, 0, 'CAJAMARCA'),
(610, 6, 1, 0, 'CAJAMARCA'),
(611, 6, 1, 1, 'CAJAMARCA'),
(612, 6, 1, 2, 'ASUNCION'),
(613, 6, 1, 3, 'CHETILLA'),
(614, 6, 1, 4, 'COSPAN'),
(615, 6, 1, 5, 'ENCAÑADA'),
(616, 6, 1, 6, 'JESUS'),
(617, 6, 1, 7, 'LLACANORA'),
(618, 6, 1, 8, 'LOS BAÑOS DEL INCA'),
(619, 6, 1, 9, 'MAGDALENA'),
(620, 6, 1, 10, 'MATARA'),
(621, 6, 1, 11, 'NAMORA'),
(622, 6, 1, 12, 'SAN JUAN'),
(623, 6, 2, 0, 'CAJABAMBA'),
(624, 6, 2, 1, 'CAJABAMBA'),
(625, 6, 2, 2, 'CACHACHI'),
(626, 6, 2, 3, 'CONDEBAMBA'),
(627, 6, 2, 4, 'SITACOCHA'),
(628, 6, 3, 0, 'CELENDIN'),
(629, 6, 3, 1, 'CELENDIN'),
(630, 6, 3, 2, 'CHUMUCH'),
(631, 6, 3, 3, 'CORTEGANA'),
(632, 6, 3, 4, 'HUASMIN'),
(633, 6, 3, 5, 'JORGE CHAVEZ'),
(634, 6, 3, 6, 'JOSE GALVEZ'),
(635, 6, 3, 7, 'MIGUEL IGLESIAS'),
(636, 6, 3, 8, 'OXAMARCA'),
(637, 6, 3, 9, 'SOROCHUCO'),
(638, 6, 3, 10, 'SUCRE'),
(639, 6, 3, 11, 'UTCO'),
(640, 6, 3, 12, 'LA LIBERTAD DE PALLAN'),
(641, 6, 4, 0, 'CHOTA'),
(642, 6, 4, 1, 'CHOTA'),
(643, 6, 4, 2, 'ANGUIA'),
(644, 6, 4, 3, 'CHADIN'),
(645, 6, 4, 4, 'CHIGUIRIP'),
(646, 6, 4, 5, 'CHIMBAN'),
(647, 6, 4, 6, 'CHOROPAMPA'),
(648, 6, 4, 7, 'COCHABAMBA'),
(649, 6, 4, 8, 'CONCHAN'),
(650, 6, 4, 9, 'HUAMBOS'),
(651, 6, 4, 10, 'LAJAS'),
(652, 6, 4, 11, 'LLAMA'),
(653, 6, 4, 12, 'MIRACOSTA'),
(654, 6, 4, 13, 'PACCHA'),
(655, 6, 4, 14, 'PION'),
(656, 6, 4, 15, 'QUEROCOTO'),
(657, 6, 4, 16, 'SAN JUAN DE LICUPIS'),
(658, 6, 4, 17, 'TACABAMBA'),
(659, 6, 4, 18, 'TOCMOCHE'),
(660, 6, 4, 19, 'CHALAMARCA'),
(661, 6, 5, 0, 'CONTUMAZA'),
(662, 6, 5, 1, 'CONTUMAZA'),
(663, 6, 5, 2, 'CHILETE'),
(664, 6, 5, 3, 'CUPISNIQUE'),
(665, 6, 5, 4, 'GUZMANGO'),
(666, 6, 5, 5, 'SAN BENITO'),
(667, 6, 5, 6, 'SANTA CRUZ DE TOLED'),
(668, 6, 5, 7, 'TANTARICA'),
(669, 6, 5, 8, 'YONAN'),
(670, 6, 6, 0, 'CUTERVO'),
(671, 6, 6, 1, 'CUTERVO'),
(672, 6, 6, 2, 'CALLAYUC'),
(673, 6, 6, 3, 'CHOROS'),
(674, 6, 6, 4, 'CUJILLO'),
(675, 6, 6, 5, 'LA RAMADA'),
(676, 6, 6, 6, 'PIMPINGOS'),
(677, 6, 6, 7, 'QUEROCOTILLO'),
(678, 6, 6, 8, 'SAN ANDRES DE CUTERVO'),
(679, 6, 6, 9, 'SAN JUAN DE CUTERVO'),
(680, 6, 6, 10, 'SAN LUIS DE LUCMA'),
(681, 6, 6, 11, 'SANTA CRUZ'),
(682, 6, 6, 12, 'SANTO DOMINGO DE LA CAPILLA'),
(683, 6, 6, 13, 'SANTO TOMAS'),
(684, 6, 6, 14, 'SOCOTA'),
(685, 6, 6, 15, 'TORIBIO CASANOVA'),
(686, 6, 7, 0, 'HUALGAYOC'),
(687, 6, 7, 1, 'BAMBAMARCA'),
(688, 6, 7, 2, 'CHUGUR'),
(689, 6, 7, 3, 'HUALGAYOC'),
(690, 6, 8, 0, 'JAEN'),
(691, 6, 8, 1, 'JAEN'),
(692, 6, 8, 2, 'BELLAVISTA'),
(693, 6, 8, 3, 'CHONTALI'),
(694, 6, 8, 4, 'COLASAY'),
(695, 6, 8, 5, 'HUABAL'),
(696, 6, 8, 6, 'LAS PIRIAS'),
(697, 6, 8, 7, 'POMAHUACA'),
(698, 6, 8, 8, 'PUCARA'),
(699, 6, 8, 9, 'SALLIQUE'),
(700, 6, 8, 10, 'SAN FELIPE'),
(701, 6, 8, 11, 'SAN JOSE DEL ALTO'),
(702, 6, 8, 12, 'SANTA ROSA'),
(703, 6, 9, 0, 'SAN IGNACIO'),
(704, 6, 9, 1, 'SAN IGNACIO'),
(705, 6, 9, 2, 'CHIRINOS'),
(706, 6, 9, 3, 'HUARANGO'),
(707, 6, 9, 4, 'LA COIPA'),
(708, 6, 9, 5, 'NAMBALLE'),
(709, 6, 9, 6, 'SAN JOSE DE LOURDES'),
(710, 6, 9, 7, 'TABACONAS'),
(711, 6, 10, 0, 'SAN MARCOS'),
(712, 6, 10, 1, 'PEDRO GALVEZ'),
(713, 6, 10, 2, 'CHANCAY'),
(714, 6, 10, 3, 'EDUARDO VILLANUEVA'),
(715, 6, 10, 4, 'GREGORIO PITA'),
(716, 6, 10, 5, 'ICHOCAN'),
(717, 6, 10, 6, 'JOSE MANUEL QUIROZ'),
(718, 6, 10, 7, 'JOSE SABOGAL'),
(719, 6, 11, 0, 'SAN MIGUEL'),
(720, 6, 11, 1, 'SAN MIGUEL'),
(721, 6, 11, 2, 'BOLIVAR'),
(722, 6, 11, 3, 'CALQUIS'),
(723, 6, 11, 4, 'CATILLUC'),
(724, 6, 11, 5, 'EL PRADO'),
(725, 6, 11, 6, 'LA FLORIDA'),
(726, 6, 11, 7, 'LLAPA'),
(727, 6, 11, 8, 'NANCHOC'),
(728, 6, 11, 9, 'NIEPOS'),
(729, 6, 11, 10, 'SAN GREGORIO'),
(730, 6, 11, 11, 'SAN SILVESTRE DE COCHAN'),
(731, 6, 11, 12, 'TONGOD'),
(732, 6, 11, 13, 'UNION AGUA BLANCA'),
(733, 6, 12, 0, 'SAN PABLO'),
(734, 6, 12, 1, 'SAN PABLO'),
(735, 6, 12, 2, 'SAN BERNARDINO'),
(736, 6, 12, 3, 'SAN LUIS'),
(737, 6, 12, 4, 'TUMBADEN'),
(738, 6, 13, 0, 'SANTA CRUZ'),
(739, 6, 13, 1, 'SANTA CRUZ'),
(740, 6, 13, 2, 'ANDABAMBA'),
(741, 6, 13, 3, 'CATACHE'),
(742, 6, 13, 4, 'CHANCAYBAÑOS'),
(743, 6, 13, 5, 'LA ESPERANZA'),
(744, 6, 13, 6, 'NINABAMBA'),
(745, 6, 13, 7, 'PULAN'),
(746, 6, 13, 8, 'SAUCEPAMPA'),
(747, 6, 13, 9, 'SEXI'),
(748, 6, 13, 10, 'UTICYACU'),
(749, 6, 13, 11, 'YAUYUCAN'),
(750, 7, 0, 0, 'CALLAO'),
(751, 7, 1, 0, 'CALLAO'),
(752, 7, 1, 1, 'CALLAO'),
(753, 7, 1, 2, 'BELLAVISTA'),
(754, 7, 1, 3, 'CARMEN DE LA LEGUA REYNOSO'),
(755, 7, 1, 4, 'LA PERLA'),
(756, 7, 1, 5, 'LA PUNTA'),
(757, 7, 1, 6, 'VENTANILLA'),
(758, 8, 0, 0, 'CUSCO'),
(759, 8, 1, 0, 'CUSCO'),
(760, 8, 1, 1, 'CUSCO'),
(761, 8, 1, 2, 'CCORCA'),
(762, 8, 1, 3, 'POROY'),
(763, 8, 1, 4, 'SAN JERONIMO'),
(764, 8, 1, 5, 'SAN SEBASTIAN'),
(765, 8, 1, 6, 'SANTIAGO'),
(766, 8, 1, 7, 'SAYLLA'),
(767, 8, 1, 8, 'WANCHAQ'),
(768, 8, 2, 0, 'ACOMAYO'),
(769, 8, 2, 1, 'ACOMAYO'),
(770, 8, 2, 2, 'ACOPIA'),
(771, 8, 2, 3, 'ACOS'),
(772, 8, 2, 4, 'MOSOC LLACTA'),
(773, 8, 2, 5, 'POMACANCHI'),
(774, 8, 2, 6, 'RONDOCAN'),
(775, 8, 2, 7, 'SANGARARA'),
(776, 8, 3, 0, 'ANTA'),
(777, 8, 3, 1, 'ANTA'),
(778, 8, 3, 2, 'ANCAHUASI'),
(779, 8, 3, 3, 'CACHIMAYO'),
(780, 8, 3, 4, 'CHINCHAYPUJIO'),
(781, 8, 3, 5, 'HUAROCONDO'),
(782, 8, 3, 6, 'LIMATAMBO'),
(783, 8, 3, 7, 'MOLLEPATA'),
(784, 8, 3, 8, 'PUCYURA'),
(785, 8, 3, 9, 'ZURITE'),
(786, 8, 4, 0, 'CALCA'),
(787, 8, 4, 1, 'CALCA'),
(788, 8, 4, 2, 'COYA'),
(789, 8, 4, 3, 'LAMAY'),
(790, 8, 4, 4, 'LARES'),
(791, 8, 4, 5, 'PISAC'),
(792, 8, 4, 6, 'SAN SALVADOR'),
(793, 8, 4, 7, 'TARAY'),
(794, 8, 4, 8, 'YANATILE'),
(795, 8, 5, 0, 'CANAS'),
(796, 8, 5, 1, 'YANAOCA'),
(797, 8, 5, 2, 'CHECCA'),
(798, 8, 5, 3, 'KUNTURKANKI'),
(799, 8, 5, 4, 'LANGUI'),
(800, 8, 5, 5, 'LAYO'),
(801, 8, 5, 6, 'PAMPAMARCA'),
(802, 8, 5, 7, 'QUEHUE'),
(803, 8, 5, 8, 'TUPAC AMARU'),
(804, 8, 6, 0, 'CANCHIS'),
(805, 8, 6, 1, 'SICUANI'),
(806, 8, 6, 2, 'CHECACUPE'),
(807, 8, 6, 3, 'COMBAPATA'),
(808, 8, 6, 4, 'MARANGANI'),
(809, 8, 6, 5, 'PITUMARCA'),
(810, 8, 6, 6, 'SAN PABLO'),
(811, 8, 6, 7, 'SAN PEDRO'),
(812, 8, 6, 8, 'TINTA'),
(813, 8, 7, 0, 'CHUMBIVILCAS'),
(814, 8, 7, 1, 'SANTO TOMAS'),
(815, 8, 7, 2, 'CAPACMARCA'),
(816, 8, 7, 3, 'CHAMACA'),
(817, 8, 7, 4, 'COLQUEMARCA'),
(818, 8, 7, 5, 'LIVITACA'),
(819, 8, 7, 6, 'LLUSCO'),
(820, 8, 7, 7, 'QUIÑOTA'),
(821, 8, 7, 8, 'VELILLE'),
(822, 8, 8, 0, 'ESPINAR'),
(823, 8, 8, 1, 'ESPINAR'),
(824, 8, 8, 2, 'CONDOROMA'),
(825, 8, 8, 3, 'COPORAQUE'),
(826, 8, 8, 4, 'OCORURO'),
(827, 8, 8, 5, 'PALLPATA'),
(828, 8, 8, 6, 'PICHIGUA'),
(829, 8, 8, 7, 'SUYCKUTAMBO'),
(830, 8, 8, 8, 'ALTO PICHIGUA'),
(831, 8, 9, 0, 'LA CONVENCION'),
(832, 8, 9, 1, 'SANTA ANA'),
(833, 8, 9, 2, 'ECHARATE'),
(834, 8, 9, 3, 'HUAYOPATA'),
(835, 8, 9, 4, 'MARANURA'),
(836, 8, 9, 5, 'OCOBAMBA'),
(837, 8, 9, 6, 'QUELLOUNO'),
(838, 8, 9, 7, 'KIMBIRI'),
(839, 8, 9, 8, 'SANTA TERESA'),
(840, 8, 9, 9, 'VILCABAMBA'),
(841, 8, 9, 10, 'PICHARI'),
(842, 8, 10, 0, 'PARURO'),
(843, 8, 10, 1, 'PARURO'),
(844, 8, 10, 2, 'ACCHA'),
(845, 8, 10, 3, 'CCAPI'),
(846, 8, 10, 4, 'COLCHA'),
(847, 8, 10, 5, 'HUANOQUITE'),
(848, 8, 10, 6, 'OMACHA'),
(849, 8, 10, 7, 'PACCARITAMBO'),
(850, 8, 10, 8, 'PILLPINTO'),
(851, 8, 10, 9, 'YAURISQUE'),
(852, 8, 11, 0, 'PAUCARTAMBO'),
(853, 8, 11, 1, 'PAUCARTAMBO'),
(854, 8, 11, 2, 'CAICAY'),
(855, 8, 11, 3, 'CHALLABAMBA'),
(856, 8, 11, 4, 'COLQUEPATA'),
(857, 8, 11, 5, 'HUANCARANI'),
(858, 8, 11, 6, 'KOSÑIPATA'),
(859, 8, 12, 0, 'QUISPICANCHI'),
(860, 8, 12, 1, 'URCOS'),
(861, 8, 12, 2, 'ANDAHUAYLILLAS'),
(862, 8, 12, 3, 'CAMANTI'),
(863, 8, 12, 4, 'CCARHUAYO'),
(864, 8, 12, 5, 'CCATCA'),
(865, 8, 12, 6, 'CUSIPATA'),
(866, 8, 12, 7, 'HUARO'),
(867, 8, 12, 8, 'LUCRE'),
(868, 8, 12, 9, 'MARCAPATA'),
(869, 8, 12, 10, 'OCONGATE'),
(870, 8, 12, 11, 'OROPESA'),
(871, 8, 12, 12, 'QUIQUIJANA'),
(872, 8, 13, 0, 'URUBAMBA'),
(873, 8, 13, 1, 'URUBAMBA'),
(874, 8, 13, 2, 'CHINCHERO'),
(875, 8, 13, 3, 'HUAYLLABAMBA'),
(876, 8, 13, 4, 'MACHUPICCHU'),
(877, 8, 13, 5, 'MARAS'),
(878, 8, 13, 6, 'OLLANTAYTAMBO'),
(879, 8, 13, 7, 'YUCAY'),
(880, 9, 0, 0, 'HUANCAVELICA'),
(881, 9, 1, 0, 'HUANCAVELICA'),
(882, 9, 1, 1, 'HUANCAVELICA'),
(883, 9, 1, 2, 'ACOBAMBILLA'),
(884, 9, 1, 3, 'ACORIA'),
(885, 9, 1, 4, 'CONAYCA'),
(886, 9, 1, 5, 'CUENCA'),
(887, 9, 1, 6, 'HUACHOCOLPA'),
(888, 9, 1, 7, 'HUAYLLAHUARA'),
(889, 9, 1, 8, 'IZCUCHACA'),
(890, 9, 1, 9, 'LARIA'),
(891, 9, 1, 10, 'MANTA'),
(892, 9, 1, 11, 'MARISCAL CACERES'),
(893, 9, 1, 12, 'MOYA'),
(894, 9, 1, 13, 'NUEVO OCCORO'),
(895, 9, 1, 14, 'PALCA'),
(896, 9, 1, 15, 'PILCHACA'),
(897, 9, 1, 16, 'VILCA'),
(898, 9, 1, 17, 'YAULI'),
(899, 9, 1, 18, 'ASCENSION'),
(900, 9, 1, 19, 'HUANDO'),
(901, 9, 2, 0, 'ACOBAMBA'),
(902, 9, 2, 1, 'ACOBAMBA'),
(903, 9, 2, 2, 'ANDABAMBA'),
(904, 9, 2, 3, 'ANTA'),
(905, 9, 2, 4, 'CAJA'),
(906, 9, 2, 5, 'MARCAS'),
(907, 9, 2, 6, 'PAUCARA'),
(908, 9, 2, 7, 'POMACOCHA'),
(909, 9, 2, 8, 'ROSARIO'),
(910, 9, 3, 0, 'ANGARAES'),
(911, 9, 3, 1, 'LIRCAY'),
(912, 9, 3, 2, 'ANCHONGA'),
(913, 9, 3, 3, 'CALLANMARCA'),
(914, 9, 3, 4, 'CCOCHACCASA'),
(915, 9, 3, 5, 'CHINCHO'),
(916, 9, 3, 6, 'CONGALLA'),
(917, 9, 3, 7, 'HUANCA-HUANCA'),
(918, 9, 3, 8, 'HUAYLLAY GRANDE'),
(919, 9, 3, 9, 'JULCAMARCA'),
(920, 9, 3, 10, 'SAN ANTONIO DE ANTAPARCO'),
(921, 9, 3, 11, 'SANTO TOMAS DE PATA'),
(922, 9, 3, 12, 'SECCLLA'),
(923, 9, 4, 0, 'CASTROVIRREYNA'),
(924, 9, 4, 1, 'CASTROVIRREYNA'),
(925, 9, 4, 2, 'ARMA'),
(926, 9, 4, 3, 'AURAHUA'),
(927, 9, 4, 4, 'CAPILLAS'),
(928, 9, 4, 5, 'CHUPAMARCA'),
(929, 9, 4, 6, 'COCAS'),
(930, 9, 4, 7, 'HUACHOS'),
(931, 9, 4, 8, 'HUAMATAMBO'),
(932, 9, 4, 9, 'MOLLEPAMPA'),
(933, 9, 4, 10, 'SAN JUAN'),
(934, 9, 4, 11, 'SANTA ANA'),
(935, 9, 4, 12, 'TANTARA'),
(936, 9, 4, 13, 'TICRAPO'),
(937, 9, 5, 0, 'CHURCAMPA'),
(938, 9, 5, 1, 'CHURCAMPA'),
(939, 9, 5, 2, 'ANCO'),
(940, 9, 5, 3, 'CHINCHIHUASI'),
(941, 9, 5, 4, 'EL CARMEN'),
(942, 9, 5, 5, 'LA MERCED'),
(943, 9, 5, 6, 'LOCROJA'),
(944, 9, 5, 7, 'PAUCARBAMBA'),
(945, 9, 5, 8, 'SAN MIGUEL DE MAYOCC'),
(946, 9, 5, 9, 'SAN PEDRO DE CORIS'),
(947, 9, 5, 10, 'PACHAMARCA'),
(948, 9, 6, 0, 'HUAYTARA'),
(949, 9, 6, 1, 'HUAYTARA'),
(950, 9, 6, 2, 'AYAVI'),
(951, 9, 6, 3, 'CORDOVA'),
(952, 9, 6, 4, 'HUAYACUNDO ARMA'),
(953, 9, 6, 5, 'LARAMARCA'),
(954, 9, 6, 6, 'OCOYO'),
(955, 9, 6, 7, 'PILPICHACA'),
(956, 9, 6, 8, 'QUERCO'),
(957, 9, 6, 9, 'QUITO-ARMA'),
(958, 9, 6, 10, 'SAN ANTONIO DE CUSICANCHA'),
(959, 9, 6, 11, 'SAN FRANCISCO DE SANGAYAICO'),
(960, 9, 6, 12, 'SAN ISIDRO'),
(961, 9, 6, 13, 'SANTIAGO DE CHOCORVOS'),
(962, 9, 6, 14, 'SANTIAGO DE QUIRAHUARA'),
(963, 9, 6, 15, 'SANTO DOMINGO DE CAPILLAS'),
(964, 9, 6, 16, 'TAMBO'),
(965, 9, 7, 0, 'TAYACAJA'),
(966, 9, 7, 1, 'PAMPAS'),
(967, 9, 7, 2, 'ACOSTAMBO'),
(968, 9, 7, 3, 'ACRAQUIA'),
(969, 9, 7, 4, 'AHUAYCHA'),
(970, 9, 7, 5, 'COLCABAMBA'),
(971, 9, 7, 6, 'DANIEL HERNANDEZ'),
(972, 9, 7, 7, 'HUACHOCOLPA'),
(973, 9, 7, 9, 'HUARIBAMBA'),
(974, 9, 7, 10, 'ÑAHUIMPUQUIO'),
(975, 9, 7, 11, 'PAZOS'),
(976, 9, 7, 13, 'QUISHUAR'),
(977, 9, 7, 14, 'SALCABAMBA'),
(978, 9, 7, 15, 'SALCAHUASI'),
(979, 9, 7, 16, 'SAN MARCOS DE ROCCHAC'),
(980, 9, 7, 17, 'SURCUBAMBA'),
(981, 9, 7, 18, 'TINTAY PUNCU'),
(982, 10, 0, 0, 'HUANUCO'),
(983, 10, 1, 0, 'HUANUCO'),
(984, 10, 1, 1, 'HUANUCO'),
(985, 10, 1, 2, 'AMARILIS'),
(986, 10, 1, 3, 'CHINCHAO'),
(987, 10, 1, 4, 'CHURUBAMBA'),
(988, 10, 1, 5, 'MARGOS'),
(989, 10, 1, 6, 'QUISQUI'),
(990, 10, 1, 7, 'SAN FRANCISCO DE CAYRAN'),
(991, 10, 1, 8, 'SAN PEDRO DE CHAULAN'),
(992, 10, 1, 9, 'SANTA MARIA DEL VALLE'),
(993, 10, 1, 10, 'YARUMAYO'),
(994, 10, 1, 11, 'PILLCO MARCA'),
(995, 10, 2, 0, 'AMBO'),
(996, 10, 2, 1, 'AMBO'),
(997, 10, 2, 2, 'CAYNA'),
(998, 10, 2, 3, 'COLPAS'),
(999, 10, 2, 4, 'CONCHAMARCA'),
(1000, 10, 2, 5, 'HUACAR'),
(1001, 10, 2, 6, 'SAN FRANCISCO'),
(1002, 10, 2, 7, 'SAN RAFAEL'),
(1003, 10, 2, 8, 'TOMAY KICHWA'),
(1004, 10, 3, 0, 'DOS DE MAYO'),
(1005, 10, 3, 1, 'LA UNION'),
(1006, 10, 3, 7, 'CHUQUIS'),
(1007, 10, 3, 11, 'MARIAS'),
(1008, 10, 3, 13, 'PACHAS'),
(1009, 10, 3, 16, 'QUIVILLA'),
(1010, 10, 3, 17, 'RIPAN'),
(1011, 10, 3, 21, 'SHUNQUI'),
(1012, 10, 3, 22, 'SILLAPATA'),
(1013, 10, 3, 23, 'YANAS'),
(1014, 10, 4, 0, 'HUACAYBAMBA'),
(1015, 10, 4, 1, 'HUACAYBAMBA'),
(1016, 10, 4, 2, 'CANCHABAMBA'),
(1017, 10, 4, 3, 'COCHABAMBA'),
(1018, 10, 4, 4, 'PINRA'),
(1019, 10, 5, 0, 'HUAMALIES'),
(1020, 10, 5, 1, 'LLATA'),
(1021, 10, 5, 2, 'ARANCAY'),
(1022, 10, 5, 3, 'CHAVIN DE PARIARCA'),
(1023, 10, 5, 4, 'JACAS GRANDE'),
(1024, 10, 5, 5, 'JIRCAN'),
(1025, 10, 5, 6, 'MIRAFLORES'),
(1026, 10, 5, 7, 'MONZON'),
(1027, 10, 5, 8, 'PUNCHAO'),
(1028, 10, 5, 9, 'PUÑOS'),
(1029, 10, 5, 10, 'SINGA'),
(1030, 10, 5, 11, 'TANTAMAYO'),
(1031, 10, 6, 0, 'LEONCIO PRADO'),
(1032, 10, 6, 1, 'RUPA-RUPA'),
(1033, 10, 6, 2, 'DANIEL ALOMIAS ROBLES'),
(1034, 10, 6, 3, 'HERMILIO VALDIZAN'),
(1035, 10, 6, 4, 'JOSE CRESPO Y CASTILLO'),
(1036, 10, 6, 5, 'LUYANDO'),
(1037, 10, 6, 6, 'MARIANO DAMASO BERAUN'),
(1038, 10, 7, 0, 'MARAÑON'),
(1039, 10, 7, 1, 'HUACRACHUCO'),
(1040, 10, 7, 2, 'CHOLON'),
(1041, 10, 7, 3, 'SAN BUENAVENTURA'),
(1042, 10, 8, 0, 'PACHITEA'),
(1043, 10, 8, 1, 'PANAO'),
(1044, 10, 8, 2, 'CHAGLLA'),
(1045, 10, 8, 3, 'MOLINO'),
(1046, 10, 8, 4, 'UMARI'),
(1047, 10, 9, 0, 'PUERTO INCA'),
(1048, 10, 9, 1, 'PUERTO INCA'),
(1049, 10, 9, 2, 'CODO DEL POZUZO'),
(1050, 10, 9, 3, 'HONORIA'),
(1051, 10, 9, 4, 'TOURNAVISTA'),
(1052, 10, 9, 5, 'YUYAPICHIS'),
(1053, 10, 10, 0, 'LAURICOCHA'),
(1054, 10, 10, 1, 'JESUS'),
(1055, 10, 10, 2, 'BAÑOS'),
(1056, 10, 10, 3, 'JIVIA'),
(1057, 10, 10, 4, 'QUEROPALCA'),
(1058, 10, 10, 5, 'RONDOS'),
(1059, 10, 10, 6, 'SAN FRANCISCO DE ASIS'),
(1060, 10, 10, 7, 'SAN MIGUEL DE CAURI'),
(1061, 10, 11, 0, 'YAROWILCA'),
(1062, 10, 11, 1, 'CHAVINILLO'),
(1063, 10, 11, 2, 'CAHUAC'),
(1064, 10, 11, 3, 'CHACABAMBA'),
(1065, 10, 11, 4, 'APARICIO POMARES'),
(1066, 10, 11, 5, 'JACAS CHICO'),
(1067, 10, 11, 6, 'OBAS'),
(1068, 10, 11, 7, 'PAMPAMARCA'),
(1069, 10, 11, 8, 'CHORAS'),
(1070, 11, 0, 0, 'ICA'),
(1071, 11, 1, 0, 'ICA'),
(1072, 11, 1, 1, 'ICA'),
(1073, 11, 1, 2, 'LA TINGUIÑA'),
(1074, 11, 1, 3, 'LOS AQUIJES'),
(1075, 11, 1, 4, 'OCUCAJE'),
(1076, 11, 1, 5, 'PACHACUTEC'),
(1077, 11, 1, 6, 'PARCONA'),
(1078, 11, 1, 7, 'PUEBLO NUEVO'),
(1079, 11, 1, 8, 'SALAS'),
(1080, 11, 1, 9, 'SAN JOSE DE LOS MOLINOS'),
(1081, 11, 1, 10, 'SAN JUAN BAUTISTA'),
(1082, 11, 1, 11, 'SANTIAGO'),
(1083, 11, 1, 12, 'SUBTANJALLA'),
(1084, 11, 1, 13, 'TATE'),
(1085, 11, 1, 14, 'YAUCA DEL ROSARIO'),
(1086, 11, 2, 0, 'CHINCHA'),
(1087, 11, 2, 1, 'CHINCHA ALTA'),
(1088, 11, 2, 2, 'ALTO LARAN'),
(1089, 11, 2, 3, 'CHAVIN'),
(1090, 11, 2, 4, 'CHINCHA BAJA'),
(1091, 11, 2, 5, 'EL CARMEN'),
(1092, 11, 2, 6, 'GROCIO PRADO'),
(1093, 11, 2, 7, 'PUEBLO NUEVO'),
(1094, 11, 2, 8, 'SAN JUAN DE YANAC'),
(1095, 11, 2, 9, 'SAN PEDRO DE HUACARPANA'),
(1096, 11, 2, 10, 'SUNAMPE'),
(1097, 11, 2, 11, 'TAMBO DE MORA'),
(1098, 11, 3, 0, 'NAZCA'),
(1099, 11, 3, 1, 'NAZCA'),
(1100, 11, 3, 2, 'CHANGUILLO'),
(1101, 11, 3, 3, 'EL INGENIO'),
(1102, 11, 3, 4, 'MARCONA'),
(1103, 11, 3, 5, 'VISTA ALEGRE'),
(1104, 11, 4, 0, 'PALPA'),
(1105, 11, 4, 1, 'PALPA'),
(1106, 11, 4, 2, 'LLIPATA'),
(1107, 11, 4, 3, 'RIO GRANDE'),
(1108, 11, 4, 4, 'SANTA CRUZ'),
(1109, 11, 4, 5, 'TIBILLO'),
(1110, 11, 5, 0, 'PISCO'),
(1111, 11, 5, 1, 'PISCO'),
(1112, 11, 5, 2, 'HUANCANO'),
(1113, 11, 5, 3, 'HUMAY'),
(1114, 11, 5, 4, 'INDEPENDENCIA'),
(1115, 11, 5, 5, 'PARACAS'),
(1116, 11, 5, 6, 'SAN ANDRES'),
(1117, 11, 5, 7, 'SAN CLEMENTE'),
(1118, 11, 5, 8, 'TUPAC AMARU INCA'),
(1119, 12, 0, 0, 'JUNIN'),
(1120, 12, 1, 0, 'HUANCAYO'),
(1121, 12, 1, 1, 'HUANCAYO'),
(1122, 12, 1, 4, 'CARHUACALLANGA'),
(1123, 12, 1, 5, 'CHACAPAMPA'),
(1124, 12, 1, 6, 'CHICCHE'),
(1125, 12, 1, 7, 'CHILCA'),
(1126, 12, 1, 8, 'CHONGOS ALTO'),
(1127, 12, 1, 11, 'CHUPURO'),
(1128, 12, 1, 12, 'COLCA'),
(1129, 12, 1, 13, 'CULLHUAS'),
(1130, 12, 1, 14, 'EL TAMBO'),
(1131, 12, 1, 16, 'HUACRAPUQUIO'),
(1132, 12, 1, 17, 'HUALHUAS'),
(1133, 12, 1, 19, 'HUANCAN'),
(1134, 12, 1, 20, 'HUASICANCHA'),
(1135, 12, 1, 21, 'HUAYUCACHI'),
(1136, 12, 1, 22, 'INGENIO'),
(1137, 12, 1, 24, 'PARIAHUANCA'),
(1138, 12, 1, 25, 'PILCOMAYO'),
(1139, 12, 1, 26, 'PUCARA'),
(1140, 12, 1, 27, 'QUICHUAY'),
(1141, 12, 1, 28, 'QUILCAS'),
(1142, 12, 1, 29, 'SAN AGUSTIN'),
(1143, 12, 1, 30, 'SAN JERONIMO DE TUNAN'),
(1144, 12, 1, 32, 'SAÑO'),
(1145, 12, 1, 33, 'SAPALLANGA'),
(1146, 12, 1, 34, 'SICAYA'),
(1147, 12, 1, 35, 'SANTO DOMINGO DE ACOBAMBA'),
(1148, 12, 1, 36, 'VIQUES'),
(1149, 12, 2, 0, 'CONCEPCION'),
(1150, 12, 2, 1, 'CONCEPCION'),
(1151, 12, 2, 2, 'ACO'),
(1152, 12, 2, 3, 'ANDAMARCA'),
(1153, 12, 2, 4, 'CHAMBARA'),
(1154, 12, 2, 5, 'COCHAS'),
(1155, 12, 2, 6, 'COMAS'),
(1156, 12, 2, 7, 'HEROINAS TOLEDO'),
(1157, 12, 2, 8, 'MANZANARES'),
(1158, 12, 2, 9, 'MARISCAL CASTILLA'),
(1159, 12, 2, 10, 'MATAHUASI'),
(1160, 12, 2, 11, 'MITO'),
(1161, 12, 2, 12, 'NUEVE DE JULIO'),
(1162, 12, 2, 13, 'ORCOTUNA'),
(1163, 12, 2, 14, 'SAN JOSE DE QUERO'),
(1164, 12, 2, 15, 'SANTA ROSA DE OCOPA'),
(1165, 12, 3, 0, 'CHANCHAMAYO'),
(1166, 12, 3, 1, 'CHANCHAMAYO'),
(1167, 12, 3, 2, 'PERENE'),
(1168, 12, 3, 3, 'PICHANAQUI'),
(1169, 12, 3, 4, 'SAN LUIS DE SHUARO'),
(1170, 12, 3, 5, 'SAN RAMON'),
(1171, 12, 3, 6, 'VITOC'),
(1172, 12, 4, 0, 'JAUJA'),
(1173, 12, 4, 1, 'JAUJA'),
(1174, 12, 4, 2, 'ACOLLA'),
(1175, 12, 4, 3, 'APATA'),
(1176, 12, 4, 4, 'ATAURA'),
(1177, 12, 4, 5, 'CANCHAYLLO'),
(1178, 12, 4, 6, 'CURICACA'),
(1179, 12, 4, 7, 'EL MANTARO'),
(1180, 12, 4, 8, 'HUAMALI'),
(1181, 12, 4, 9, 'HUARIPAMPA'),
(1182, 12, 4, 10, 'HUERTAS'),
(1183, 12, 4, 11, 'JANJAILLO'),
(1184, 12, 4, 12, 'JULCAN'),
(1185, 12, 4, 13, 'LEONOR ORDOÑEZ'),
(1186, 12, 4, 14, 'LLOCLLAPAMPA'),
(1187, 12, 4, 15, 'MARCO'),
(1188, 12, 4, 16, 'MASMA'),
(1189, 12, 4, 17, 'MASMA CHICCHE'),
(1190, 12, 4, 18, 'MOLINOS'),
(1191, 12, 4, 19, 'MONOBAMBA'),
(1192, 12, 4, 20, 'MUQUI'),
(1193, 12, 4, 21, 'MUQUIYAUYO'),
(1194, 12, 4, 22, 'PACA'),
(1195, 12, 4, 23, 'PACCHA'),
(1196, 12, 4, 24, 'PANCAN'),
(1197, 12, 4, 25, 'PARCO'),
(1198, 12, 4, 26, 'POMACANCHA'),
(1199, 12, 4, 27, 'RICRAN'),
(1200, 12, 4, 28, 'SAN LORENZO'),
(1201, 12, 4, 29, 'SAN PEDRO DE CHUNAN'),
(1202, 12, 4, 30, 'SAUSA'),
(1203, 12, 4, 31, 'SINCOS'),
(1204, 12, 4, 32, 'TUNAN MARCA'),
(1205, 12, 4, 33, 'YAULI'),
(1206, 12, 4, 34, 'YAUYOS'),
(1207, 12, 5, 0, 'JUNIN'),
(1208, 12, 5, 1, 'JUNIN'),
(1209, 12, 5, 2, 'CARHUAMAYO'),
(1210, 12, 5, 3, 'ONDORES'),
(1211, 12, 5, 4, 'ULCUMAYO'),
(1212, 12, 6, 0, 'SATIPO'),
(1213, 12, 6, 1, 'SATIPO'),
(1214, 12, 6, 2, 'COVIRIALI'),
(1215, 12, 6, 3, 'LLAYLLA'),
(1216, 12, 6, 4, 'MAZAMARI'),
(1217, 12, 6, 5, 'PAMPA HERMOSA'),
(1218, 12, 6, 6, 'PANGOA'),
(1219, 12, 6, 7, 'RIO NEGRO'),
(1220, 12, 6, 8, 'RIO TAMBO'),
(1221, 12, 7, 0, 'TARMA'),
(1222, 12, 7, 1, 'TARMA'),
(1223, 12, 7, 2, 'ACOBAMBA'),
(1224, 12, 7, 3, 'HUARICOLCA'),
(1225, 12, 7, 4, 'HUASAHUASI'),
(1226, 12, 7, 5, 'LA UNION'),
(1227, 12, 7, 6, 'PALCA'),
(1228, 12, 7, 7, 'PALCAMAYO'),
(1229, 12, 7, 8, 'SAN PEDRO DE CAJAS'),
(1230, 12, 7, 9, 'TAPO'),
(1231, 12, 8, 0, 'YAULI'),
(1232, 12, 8, 1, 'LA OROYA'),
(1233, 12, 8, 2, 'CHACAPALPA'),
(1234, 12, 8, 3, 'HUAY-HUAY'),
(1235, 12, 8, 4, 'MARCAPOMACOCHA'),
(1236, 12, 8, 5, 'MOROCOCHA'),
(1237, 12, 8, 6, 'PACCHA'),
(1238, 12, 8, 7, 'SANTA BARBARA DE CARHUACAYAN'),
(1239, 12, 8, 8, 'SANTA ROSA DE SACCO'),
(1240, 12, 8, 9, 'SUITUCANCHA'),
(1241, 12, 8, 10, 'YAULI'),
(1242, 12, 9, 0, 'CHUPACA'),
(1243, 12, 9, 1, 'CHUPACA'),
(1244, 12, 9, 2, 'AHUAC'),
(1245, 12, 9, 3, 'CHONGOS BAJO'),
(1246, 12, 9, 4, 'HUACHAC'),
(1247, 12, 9, 5, 'HUAMANCACA CHICO'),
(1248, 12, 9, 6, 'SAN JUAN DE YSCOS'),
(1249, 12, 9, 7, 'SAN JUAN DE JARPA'),
(1250, 12, 9, 8, 'TRES DE DICIEMBRE'),
(1251, 12, 9, 9, 'YANACANCHA'),
(1252, 13, 0, 0, 'LA LIBERTAD'),
(1253, 13, 1, 0, 'TRUJILLO'),
(1254, 13, 1, 1, 'TRUJILLO'),
(1255, 13, 1, 2, 'EL PORVENIR'),
(1256, 13, 1, 3, 'FLORENCIA DE MORA'),
(1257, 13, 1, 4, 'HUANCHACO'),
(1258, 13, 1, 5, 'LA ESPERANZA'),
(1259, 13, 1, 6, 'LAREDO'),
(1260, 13, 1, 7, 'MOCHE'),
(1261, 13, 1, 8, 'POROTO'),
(1262, 13, 1, 9, 'SALAVERRY'),
(1263, 13, 1, 10, 'SIMBAL'),
(1264, 13, 1, 11, 'VICTOR LARCO HERRERA'),
(1265, 13, 2, 0, 'ASCOPE'),
(1266, 13, 2, 1, 'ASCOPE'),
(1267, 13, 2, 2, 'CHICAMA'),
(1268, 13, 2, 3, 'CHOCOPE'),
(1269, 13, 2, 4, 'MAGDALENA DE CAO'),
(1270, 13, 2, 5, 'PAIJAN'),
(1271, 13, 2, 6, 'RAZURI'),
(1272, 13, 2, 7, 'SANTIAGO DE CAO'),
(1273, 13, 2, 8, 'CASA GRANDE'),
(1274, 13, 3, 0, 'BOLIVAR'),
(1275, 13, 3, 1, 'BOLIVAR'),
(1276, 13, 3, 2, 'BAMBAMARCA'),
(1277, 13, 3, 3, 'CONDORMARCA'),
(1278, 13, 3, 4, 'LONGOTEA'),
(1279, 13, 3, 5, 'UCHUMARCA'),
(1280, 13, 3, 6, 'UCUNCHA'),
(1281, 13, 4, 0, 'CHEPEN'),
(1282, 13, 4, 1, 'CHEPEN'),
(1283, 13, 4, 2, 'PACANGA'),
(1284, 13, 4, 3, 'PUEBLO NUEVO'),
(1285, 13, 5, 0, 'JULCAN'),
(1286, 13, 5, 1, 'JULCAN'),
(1287, 13, 5, 2, 'CALAMARCA'),
(1288, 13, 5, 3, 'CARABAMBA'),
(1289, 13, 5, 4, 'HUASO'),
(1290, 13, 6, 0, 'OTUZCO'),
(1291, 13, 6, 1, 'OTUZCO'),
(1292, 13, 6, 2, 'AGALLPAMPA'),
(1293, 13, 6, 4, 'CHARAT'),
(1294, 13, 6, 5, 'HUARANCHAL'),
(1295, 13, 6, 6, 'LA CUESTA'),
(1296, 13, 6, 8, 'MACHE'),
(1297, 13, 6, 10, 'PARANDAY'),
(1298, 13, 6, 11, 'SALPO'),
(1299, 13, 6, 13, 'SINSICAP'),
(1300, 13, 6, 14, 'USQUIL'),
(1301, 13, 7, 0, 'PACASMAYO'),
(1302, 13, 7, 1, 'SAN PEDRO DE LLOC'),
(1303, 13, 7, 2, 'GUADALUPE'),
(1304, 13, 7, 3, 'JEQUETEPEQUE'),
(1305, 13, 7, 4, 'PACASMAYO'),
(1306, 13, 7, 5, 'SAN JOSE'),
(1307, 13, 8, 0, 'PATAZ'),
(1308, 13, 8, 1, 'TAYABAMBA'),
(1309, 13, 8, 2, 'BULDIBUYO'),
(1310, 13, 8, 3, 'CHILLIA'),
(1311, 13, 8, 4, 'HUANCASPATA'),
(1312, 13, 8, 5, 'HUAYLILLAS'),
(1313, 13, 8, 6, 'HUAYO'),
(1314, 13, 8, 7, 'ONGON'),
(1315, 13, 8, 8, 'PARCOY'),
(1316, 13, 8, 9, 'PATAZ'),
(1317, 13, 8, 10, 'PIAS'),
(1318, 13, 8, 11, 'SANTIAGO DE CHALLAS'),
(1319, 13, 8, 12, 'TAURIJA'),
(1320, 13, 8, 13, 'URPAY'),
(1321, 13, 9, 0, 'SANCHEZ CARRION'),
(1322, 13, 9, 1, 'HUAMACHUCO'),
(1323, 13, 9, 2, 'CHUGAY'),
(1324, 13, 9, 3, 'COCHORCO'),
(1325, 13, 9, 4, 'CURGOS'),
(1326, 13, 9, 5, 'MARCABAL'),
(1327, 13, 9, 6, 'SANAGORAN'),
(1328, 13, 9, 7, 'SARIN'),
(1329, 13, 9, 8, 'SARTIMBAMBA'),
(1330, 13, 10, 0, 'SANTIAGO DE CHUCO'),
(1331, 13, 10, 1, 'SANTIAGO DE CHUCO'),
(1332, 13, 10, 2, 'ANGASMARCA'),
(1333, 13, 10, 3, 'CACHICADAN'),
(1334, 13, 10, 4, 'MOLLEBAMBA'),
(1335, 13, 10, 5, 'MOLLEPATA'),
(1336, 13, 10, 6, 'QUIRUVILCA'),
(1337, 13, 10, 7, 'SANTA CRUZ DE CHUCA'),
(1338, 13, 10, 8, 'SITABAMBA'),
(1339, 13, 11, 0, 'GRAN CHIMU'),
(1340, 13, 11, 1, 'CASCAS'),
(1341, 13, 11, 2, 'LUCMA'),
(1342, 13, 11, 3, 'COMPIN'),
(1343, 13, 11, 4, 'SAYAPULLO'),
(1344, 13, 12, 0, 'VIRU'),
(1345, 13, 12, 1, 'VIRU'),
(1346, 13, 12, 2, 'CHAO'),
(1347, 13, 12, 3, 'GUADALUPITO'),
(1348, 14, 0, 0, 'LAMBAYEQUE'),
(1349, 14, 1, 0, 'CHICLAYO'),
(1350, 14, 1, 1, 'CHICLAYO'),
(1351, 14, 1, 2, 'CHONGOYAPE'),
(1352, 14, 1, 3, 'ETEN'),
(1353, 14, 1, 4, 'ETEN PUERTO'),
(1354, 14, 1, 5, 'JOSE LEONARDO ORTIZ'),
(1355, 14, 1, 6, 'LA VICTORIA'),
(1356, 14, 1, 7, 'LAGUNAS'),
(1357, 14, 1, 8, 'MONSEFU'),
(1358, 14, 1, 9, 'NUEVA ARICA'),
(1359, 14, 1, 10, 'OYOTUN'),
(1360, 14, 1, 11, 'PICSI'),
(1361, 14, 1, 12, 'PIMENTEL'),
(1362, 14, 1, 13, 'REQUE'),
(1363, 14, 1, 14, 'SANTA ROSA'),
(1364, 14, 1, 15, 'SAÑA'),
(1365, 14, 1, 16, 'CAYALTI'),
(1366, 14, 1, 17, 'PATAPO'),
(1367, 14, 1, 18, 'POMALCA'),
(1368, 14, 1, 19, 'PUCALA'),
(1369, 14, 1, 20, 'TUMAN'),
(1370, 14, 2, 0, 'FERREÑAFE'),
(1371, 14, 2, 1, 'FERREÑAFE'),
(1372, 14, 2, 2, 'CAÑARIS'),
(1373, 14, 2, 3, 'INCAHUASI'),
(1374, 14, 2, 4, 'MANUEL ANTONIO MESONES MURO'),
(1375, 14, 2, 5, 'PITIPO'),
(1376, 14, 2, 6, 'PUEBLO NUEVO'),
(1377, 14, 3, 0, 'LAMBAYEQUE'),
(1378, 14, 3, 1, 'LAMBAYEQUE'),
(1379, 14, 3, 2, 'CHOCHOPE'),
(1380, 14, 3, 3, 'ILLIMO'),
(1381, 14, 3, 4, 'JAYANCA'),
(1382, 14, 3, 5, 'MOCHUMI'),
(1383, 14, 3, 6, 'MORROPE'),
(1384, 14, 3, 7, 'MOTUPE'),
(1385, 14, 3, 8, 'OLMOS'),
(1386, 14, 3, 9, 'PACORA'),
(1387, 14, 3, 10, 'SALAS'),
(1388, 14, 3, 11, 'SAN JOSE'),
(1389, 14, 3, 12, 'TUCUME'),
(1390, 15, 0, 0, 'LIMA'),
(1391, 15, 1, 0, 'LIMA'),
(1392, 15, 1, 1, 'LIMA'),
(1393, 15, 1, 2, 'ANCON'),
(1394, 15, 1, 3, 'ATE'),
(1395, 15, 1, 4, 'BARRANCO'),
(1396, 15, 1, 5, 'BREÑA'),
(1397, 15, 1, 6, 'CARABAYLLO'),
(1398, 15, 1, 7, 'CHACLACAYO'),
(1399, 15, 1, 8, 'CHORRILLOS'),
(1400, 15, 1, 9, 'CIENEGUILLA'),
(1401, 15, 1, 10, 'COMAS'),
(1402, 15, 1, 11, 'EL AGUSTINO'),
(1403, 15, 1, 12, 'INDEPENDENCIA'),
(1404, 15, 1, 13, 'JESUS MARIA'),
(1405, 15, 1, 14, 'LA MOLINA'),
(1406, 15, 1, 15, 'LA VICTORIA'),
(1407, 15, 1, 16, 'LINCE'),
(1408, 15, 1, 17, 'LOS OLIVOS'),
(1409, 15, 1, 18, 'LURIGANCHO'),
(1410, 15, 1, 19, 'LURIN'),
(1411, 15, 1, 20, 'MAGDALENA DEL MAR'),
(1412, 15, 1, 21, 'MAGDALENA VIEJA'),
(1413, 15, 1, 22, 'MIRAFLORES'),
(1414, 15, 1, 23, 'PACHACAMAC'),
(1415, 15, 1, 24, 'PUCUSANA'),
(1416, 15, 1, 25, 'PUENTE PIEDRA'),
(1417, 15, 1, 26, 'PUNTA HERMOSA'),
(1418, 15, 1, 27, 'PUNTA NEGRA'),
(1419, 15, 1, 28, 'RIMAC'),
(1420, 15, 1, 29, 'SAN BARTOLO'),
(1421, 15, 1, 30, 'SAN BORJA'),
(1422, 15, 1, 31, 'SAN ISIDRO'),
(1423, 15, 1, 32, 'SAN JUAN DE LURIGANCHO'),
(1424, 15, 1, 33, 'SAN JUAN DE MIRAFLORES'),
(1425, 15, 1, 34, 'SAN LUIS'),
(1426, 15, 1, 35, 'SAN MARTIN DE PORRES'),
(1427, 15, 1, 36, 'SAN MIGUEL'),
(1428, 15, 1, 37, 'SANTA ANITA'),
(1429, 15, 1, 38, 'SANTA MARIA DEL MAR'),
(1430, 15, 1, 39, 'SANTA ROSA'),
(1431, 15, 1, 40, 'SANTIAGO DE SURCO'),
(1432, 15, 1, 41, 'SURQUILLO'),
(1433, 15, 1, 42, 'VILLA EL SALVADOR'),
(1434, 15, 1, 43, 'VILLA MARIA DEL TRIUNFO'),
(1435, 15, 2, 0, 'BARRANCA'),
(1436, 15, 2, 1, 'BARRANCA'),
(1437, 15, 2, 2, 'PARAMONGA'),
(1438, 15, 2, 3, 'PATIVILCA'),
(1439, 15, 2, 4, 'SUPE'),
(1440, 15, 2, 5, 'SUPE PUERTO'),
(1441, 15, 3, 0, 'CAJATAMBO'),
(1442, 15, 3, 1, 'CAJATAMBO'),
(1443, 15, 3, 2, 'COPA'),
(1444, 15, 3, 3, 'GORGOR'),
(1445, 15, 3, 4, 'HUANCAPON'),
(1446, 15, 3, 5, 'MANAS'),
(1447, 15, 4, 0, 'CANTA'),
(1448, 15, 4, 1, 'CANTA'),
(1449, 15, 4, 2, 'ARAHUAY'),
(1450, 15, 4, 3, 'HUAMANTANGA'),
(1451, 15, 4, 4, 'HUAROS'),
(1452, 15, 4, 5, 'LACHAQUI'),
(1453, 15, 4, 6, 'SAN BUENAVENTURA'),
(1454, 15, 4, 7, 'SANTA ROSA DE QUIVES'),
(1455, 15, 5, 0, 'CAÑETE'),
(1456, 15, 5, 1, 'SAN VICENTE DE CAÑETE'),
(1457, 15, 5, 2, 'ASIA'),
(1458, 15, 5, 3, 'CALANGO'),
(1459, 15, 5, 4, 'CERRO AZUL'),
(1460, 15, 5, 5, 'CHILCA'),
(1461, 15, 5, 6, 'COAYLLO'),
(1462, 15, 5, 7, 'IMPERIAL'),
(1463, 15, 5, 8, 'LUNAHUANA'),
(1464, 15, 5, 9, 'MALA'),
(1465, 15, 5, 10, 'NUEVO IMPERIAL'),
(1466, 15, 5, 11, 'PACARAN'),
(1467, 15, 5, 12, 'QUILMANA'),
(1468, 15, 5, 13, 'SAN ANTONIO'),
(1469, 15, 5, 14, 'SAN LUIS'),
(1470, 15, 5, 15, 'SANTA CRUZ DE FLORES'),
(1471, 15, 5, 16, 'ZUÑIGA'),
(1472, 15, 6, 0, 'HUARAL'),
(1473, 15, 6, 1, 'HUARAL'),
(1474, 15, 6, 2, 'ATAVILLOS ALTO'),
(1475, 15, 6, 3, 'ATAVILLOS BAJO'),
(1476, 15, 6, 4, 'AUCALLAMA'),
(1477, 15, 6, 5, 'CHANCAY'),
(1478, 15, 6, 6, 'IHUARI'),
(1479, 15, 6, 7, 'LAMPIAN'),
(1480, 15, 6, 8, 'PACARAOS'),
(1481, 15, 6, 9, 'SAN MIGUEL DE ACOS'),
(1482, 15, 6, 10, 'SANTA CRUZ DE ANDAMARCA'),
(1483, 15, 6, 11, 'SUMBILCA'),
(1484, 15, 6, 12, 'VEINTISIETE DE NOVIEMBRE'),
(1485, 15, 7, 0, 'HUAROCHIRI'),
(1486, 15, 7, 1, 'MATUCANA'),
(1487, 15, 7, 2, 'ANTIOQUIA'),
(1488, 15, 7, 3, 'CALLAHUANCA'),
(1489, 15, 7, 4, 'CARAMPOMA'),
(1490, 15, 7, 5, 'CHICLA'),
(1491, 15, 7, 6, 'CUENCA'),
(1492, 15, 7, 7, 'HUACHUPAMPA'),
(1493, 15, 7, 8, 'HUANZA'),
(1494, 15, 7, 9, 'HUAROCHIRI'),
(1495, 15, 7, 10, 'LAHUAYTAMBO'),
(1496, 15, 7, 11, 'LANGA'),
(1497, 15, 7, 12, 'LARAOS'),
(1498, 15, 7, 13, 'MARIATANA'),
(1499, 15, 7, 14, 'RICARDO PALMA'),
(1500, 15, 7, 15, 'SAN ANDRES DE TUPICOCHA'),
(1501, 15, 7, 16, 'SAN ANTONIO'),
(1502, 15, 7, 17, 'SAN BARTOLOME'),
(1503, 15, 7, 18, 'SAN DAMIAN'),
(1504, 15, 7, 19, 'SAN JUAN DE IRIS'),
(1505, 15, 7, 20, 'SAN JUAN DE TANTARANCHE'),
(1506, 15, 7, 21, 'SAN LORENZO DE QUINTI'),
(1507, 15, 7, 22, 'SAN MATEO'),
(1508, 15, 7, 23, 'SAN MATEO DE OTAO'),
(1509, 15, 7, 24, 'SAN PEDRO DE CASTA'),
(1510, 15, 7, 25, 'SAN PEDRO DE HUANCAYRE'),
(1511, 15, 7, 26, 'SANGALLAYA'),
(1512, 15, 7, 27, 'SANTA CRUZ DE COCACHACRA'),
(1513, 15, 7, 28, 'SANTA EULALIA'),
(1514, 15, 7, 29, 'SANTIAGO DE ANCHUCAYA'),
(1515, 15, 7, 30, 'SANTIAGO DE TUNA'),
(1516, 15, 7, 31, 'SANTO DOMINGO DE LOS OLLEROS'),
(1517, 15, 7, 32, 'SURCO'),
(1518, 15, 8, 0, 'HUAURA'),
(1519, 15, 8, 1, 'HUACHO'),
(1520, 15, 8, 2, 'AMBAR'),
(1521, 15, 8, 3, 'CALETA DE CARQUIN'),
(1522, 15, 8, 4, 'CHECRAS'),
(1523, 15, 8, 5, 'HUALMAY'),
(1524, 15, 8, 6, 'HUAURA'),
(1525, 15, 8, 7, 'LEONCIO PRADO'),
(1526, 15, 8, 8, 'PACCHO'),
(1527, 15, 8, 9, 'SANTA LEONOR'),
(1528, 15, 8, 10, 'SANTA MARIA'),
(1529, 15, 8, 11, 'SAYAN'),
(1530, 15, 8, 12, 'VEGUETA'),
(1531, 15, 9, 0, 'OYON'),
(1532, 15, 9, 1, 'OYON'),
(1533, 15, 9, 2, 'ANDAJES'),
(1534, 15, 9, 3, 'CAUJUL'),
(1535, 15, 9, 4, 'COCHAMARCA'),
(1536, 15, 9, 5, 'NAVAN'),
(1537, 15, 9, 6, 'PACHANGARA'),
(1538, 15, 10, 0, 'YAUYOS'),
(1539, 15, 10, 1, 'YAUYOS'),
(1540, 15, 10, 2, 'ALIS'),
(1541, 15, 10, 3, 'AYAUCA'),
(1542, 15, 10, 4, 'AYAVIRI'),
(1543, 15, 10, 5, 'AZANGARO'),
(1544, 15, 10, 6, 'CACRA'),
(1545, 15, 10, 7, 'CARANIA'),
(1546, 15, 10, 8, 'CATAHUASI'),
(1547, 15, 10, 9, 'CHOCOS'),
(1548, 15, 10, 10, 'COCHAS'),
(1549, 15, 10, 11, 'COLONIA'),
(1550, 15, 10, 12, 'HONGOS'),
(1551, 15, 10, 13, 'HUAMPARA'),
(1552, 15, 10, 14, 'HUANCAYA'),
(1553, 15, 10, 15, 'HUANGASCAR'),
(1554, 15, 10, 16, 'HUANTAN'),
(1555, 15, 10, 17, 'HUAÑEC'),
(1556, 15, 10, 18, 'LARAOS'),
(1557, 15, 10, 19, 'LINCHA'),
(1558, 15, 10, 20, 'MADEAN'),
(1559, 15, 10, 21, 'MIRAFLORES'),
(1560, 15, 10, 22, 'OMAS'),
(1561, 15, 10, 23, 'PUTINZA'),
(1562, 15, 10, 24, 'QUINCHES'),
(1563, 15, 10, 25, 'QUINOCAY'),
(1564, 15, 10, 26, 'SAN JOAQUIN'),
(1565, 15, 10, 27, 'SAN PEDRO DE PILAS'),
(1566, 15, 10, 28, 'TANTA'),
(1567, 15, 10, 29, 'TAURIPAMPA'),
(1568, 15, 10, 30, 'TOMAS'),
(1569, 15, 10, 31, 'TUPE'),
(1570, 15, 10, 32, 'VIÑAC'),
(1571, 15, 10, 33, 'VITIS'),
(1572, 16, 0, 0, 'LORETO'),
(1573, 16, 1, 0, 'MAYNAS'),
(1574, 16, 1, 1, 'IQUITOS'),
(1575, 16, 1, 2, 'ALTO NANAY'),
(1576, 16, 1, 3, 'FERNANDO LORES'),
(1577, 16, 1, 4, 'INDIANA'),
(1578, 16, 1, 5, 'LAS AMAZONAS'),
(1579, 16, 1, 6, 'MAZAN'),
(1580, 16, 1, 7, 'NAPO'),
(1581, 16, 1, 8, 'PUNCHANA'),
(1582, 16, 1, 9, 'PUTUMAYO'),
(1583, 16, 1, 10, 'TORRES CAUSANA'),
(1584, 16, 1, 12, 'BELEN'),
(1585, 16, 1, 13, 'SAN JUAN BAUTISTA'),
(1586, 16, 1, 14, 'TENIENTE MANUEL CLAVERO'),
(1587, 16, 2, 0, 'ALTO AMAZONAS'),
(1588, 16, 2, 1, 'YURIMAGUAS'),
(1589, 16, 2, 2, 'BALSAPUERTO'),
(1590, 16, 2, 5, 'JEBEROS'),
(1591, 16, 2, 6, 'LAGUNAS'),
(1592, 16, 2, 10, 'SANTA CRUZ'),
(1593, 16, 2, 11, 'TENIENTE CESAR LOPEZ ROJAS'),
(1594, 16, 3, 0, 'LORETO'),
(1595, 16, 3, 1, 'NAUTA'),
(1596, 16, 3, 2, 'PARINARI'),
(1597, 16, 3, 3, 'TIGRE'),
(1598, 16, 3, 4, 'TROMPETEROS'),
(1599, 16, 3, 5, 'URARINAS'),
(1600, 16, 4, 0, 'MARISCAL RAMON CASTILLA'),
(1601, 16, 4, 1, 'RAMON CASTILLA'),
(1602, 16, 4, 2, 'PEBAS'),
(1603, 16, 4, 3, 'YAVARI'),
(1604, 16, 4, 4, 'SAN PABLO'),
(1605, 16, 5, 0, 'REQUENA'),
(1606, 16, 5, 1, 'REQUENA'),
(1607, 16, 5, 2, 'ALTO TAPICHE'),
(1608, 16, 5, 3, 'CAPELO'),
(1609, 16, 5, 4, 'EMILIO SAN MARTIN'),
(1610, 16, 5, 5, 'MAQUIA'),
(1611, 16, 5, 6, 'PUINAHUA'),
(1612, 16, 5, 7, 'SAQUENA'),
(1613, 16, 5, 8, 'SOPLIN'),
(1614, 16, 5, 9, 'TAPICHE'),
(1615, 16, 5, 10, 'JENARO HERRERA'),
(1616, 16, 5, 11, 'YAQUERANA'),
(1617, 16, 6, 0, 'UCAYALI'),
(1618, 16, 6, 1, 'CONTAMANA'),
(1619, 16, 6, 2, 'INAHUAYA'),
(1620, 16, 6, 3, 'PADRE MARQUEZ'),
(1621, 16, 6, 4, 'PAMPA HERMOSA'),
(1622, 16, 6, 5, 'SARAYACU'),
(1623, 16, 6, 6, 'VARGAS GUERRA'),
(1624, 16, 7, 0, 'DATEM DEL MARAÑON'),
(1625, 16, 7, 1, 'BARRANCA'),
(1626, 16, 7, 2, 'CAHUAPANAS'),
(1627, 16, 7, 3, 'MANSERICHE'),
(1628, 16, 7, 4, 'MORONA'),
(1629, 16, 7, 5, 'PASTAZA'),
(1630, 16, 7, 6, 'ANDOAS'),
(1631, 17, 0, 0, 'MADRE DE DIOS'),
(1632, 17, 1, 0, 'TAMBOPATA'),
(1633, 17, 1, 1, 'TAMBOPATA'),
(1634, 17, 1, 2, 'INAMBARI'),
(1635, 17, 1, 3, 'LAS PIEDRAS'),
(1636, 17, 1, 4, 'LABERINTO'),
(1637, 17, 2, 0, 'MANU'),
(1638, 17, 2, 1, 'MANU'),
(1639, 17, 2, 2, 'FITZCARRALD'),
(1640, 17, 2, 3, 'MADRE DE DIOS'),
(1641, 17, 2, 4, 'HUEPETUHE'),
(1642, 17, 3, 0, 'TAHUAMANU'),
(1643, 17, 3, 1, 'IÑAPARI'),
(1644, 17, 3, 2, 'IBERIA'),
(1645, 17, 3, 3, 'TAHUAMANU'),
(1646, 18, 0, 0, 'MOQUEGUA'),
(1647, 18, 1, 0, 'MARISCAL NIETO'),
(1648, 18, 1, 1, 'MOQUEGUA'),
(1649, 18, 1, 2, 'CARUMAS'),
(1650, 18, 1, 3, 'CUCHUMBAYA'),
(1651, 18, 1, 4, 'SAMEGUA'),
(1652, 18, 1, 5, 'SAN CRISTOBAL'),
(1653, 18, 1, 6, 'TORATA'),
(1654, 18, 2, 0, 'GENERAL SANCHEZ CERRO'),
(1655, 18, 2, 1, 'OMATE'),
(1656, 18, 2, 2, 'CHOJATA'),
(1657, 18, 2, 3, 'COALAQUE'),
(1658, 18, 2, 4, 'ICHUÑA'),
(1659, 18, 2, 5, 'LA CAPILLA'),
(1660, 18, 2, 6, 'LLOQUE'),
(1661, 18, 2, 7, 'MATALAQUE'),
(1662, 18, 2, 8, 'PUQUINA'),
(1663, 18, 2, 9, 'QUINISTAQUILLAS'),
(1664, 18, 2, 10, 'UBINAS'),
(1665, 18, 2, 11, 'YUNGA'),
(1666, 18, 3, 0, 'ILO'),
(1667, 18, 3, 1, 'ILO'),
(1668, 18, 3, 2, 'EL ALGARROBAL'),
(1669, 18, 3, 3, 'PACOCHA'),
(1670, 19, 0, 0, 'PASCO'),
(1671, 19, 1, 0, 'PASCO'),
(1672, 19, 1, 1, 'CHAUPIMARCA'),
(1673, 19, 1, 2, 'HUACHON'),
(1674, 19, 1, 3, 'HUARIACA'),
(1675, 19, 1, 4, 'HUAYLLAY'),
(1676, 19, 1, 5, 'NINACACA'),
(1677, 19, 1, 6, 'PALLANCHACRA'),
(1678, 19, 1, 7, 'PAUCARTAMBO'),
(1679, 19, 1, 8, 'SAN FRANCISCO DE ASIS DE YARUSYACAN'),
(1680, 19, 1, 9, 'SIMON BOLIVAR'),
(1681, 19, 1, 10, 'TICLACAYAN'),
(1682, 19, 1, 11, 'TINYAHUARCO'),
(1683, 19, 1, 12, 'VICCO'),
(1684, 19, 1, 13, 'YANACANCHA'),
(1685, 19, 2, 0, 'DANIEL ALCIDES CARRION'),
(1686, 19, 2, 1, 'YANAHUANCA'),
(1687, 19, 2, 2, 'CHACAYAN'),
(1688, 19, 2, 3, 'GOYLLARISQUIZGA'),
(1689, 19, 2, 4, 'PAUCAR'),
(1690, 19, 2, 5, 'SAN PEDRO DE PILLAO'),
(1691, 19, 2, 6, 'SANTA ANA DE TUSI'),
(1692, 19, 2, 7, 'TAPUC'),
(1693, 19, 2, 8, 'VILCABAMBA'),
(1694, 19, 3, 0, 'OXAPAMPA'),
(1695, 19, 3, 1, 'OXAPAMPA'),
(1696, 19, 3, 2, 'CHONTABAMBA'),
(1697, 19, 3, 3, 'HUANCABAMBA'),
(1698, 19, 3, 4, 'PALCAZU'),
(1699, 19, 3, 5, 'POZUZO'),
(1700, 19, 3, 6, 'PUERTO BERMUDEZ'),
(1701, 19, 3, 7, 'VILLA RICA'),
(1702, 20, 0, 0, 'PIURA'),
(1703, 20, 1, 0, 'PIURA'),
(1704, 20, 1, 1, 'PIURA'),
(1705, 20, 1, 4, 'CASTILLA'),
(1706, 20, 1, 5, 'CATACAOS'),
(1707, 20, 1, 7, 'CURA MORI'),
(1708, 20, 1, 8, 'EL TALLAN'),
(1709, 20, 1, 9, 'LA ARENA'),
(1710, 20, 1, 10, 'LA UNION'),
(1711, 20, 1, 11, 'LAS LOMAS'),
(1712, 20, 1, 14, 'TAMBO GRANDE'),
(1713, 20, 2, 0, 'AYABACA'),
(1714, 20, 2, 1, 'AYABACA'),
(1715, 20, 2, 2, 'FRIAS'),
(1716, 20, 2, 3, 'JILILI'),
(1717, 20, 2, 4, 'LAGUNAS'),
(1718, 20, 2, 5, 'MONTERO'),
(1719, 20, 2, 6, 'PACAIPAMPA'),
(1720, 20, 2, 7, 'PAIMAS'),
(1721, 20, 2, 8, 'SAPILLICA'),
(1722, 20, 2, 9, 'SICCHEZ'),
(1723, 20, 2, 10, 'SUYO'),
(1724, 20, 3, 0, 'HUANCABAMBA'),
(1725, 20, 3, 1, 'HUANCABAMBA'),
(1726, 20, 3, 2, 'CANCHAQUE'),
(1727, 20, 3, 3, 'EL CARMEN DE LA FRONTERA'),
(1728, 20, 3, 4, 'HUARMACA'),
(1729, 20, 3, 5, 'LALAQUIZ'),
(1730, 20, 3, 6, 'SAN MIGUEL DE EL FAIQUE'),
(1731, 20, 3, 7, 'SONDOR'),
(1732, 20, 3, 8, 'SONDORILLO'),
(1733, 20, 4, 0, 'MORROPON'),
(1734, 20, 4, 1, 'CHULUCANAS'),
(1735, 20, 4, 2, 'BUENOS AIRES'),
(1736, 20, 4, 3, 'CHALACO'),
(1737, 20, 4, 4, 'LA MATANZA'),
(1738, 20, 4, 5, 'MORROPON'),
(1739, 20, 4, 6, 'SALITRAL'),
(1740, 20, 4, 7, 'SAN JUAN DE BIGOTE'),
(1741, 20, 4, 8, 'SANTA CATALINA DE MOSSA'),
(1742, 20, 4, 9, 'SANTO DOMINGO'),
(1743, 20, 4, 10, 'YAMANGO'),
(1744, 20, 5, 0, 'PAITA'),
(1745, 20, 5, 1, 'PAITA'),
(1746, 20, 5, 2, 'AMOTAPE'),
(1747, 20, 5, 3, 'ARENAL'),
(1748, 20, 5, 4, 'COLAN'),
(1749, 20, 5, 5, 'LA HUACA'),
(1750, 20, 5, 6, 'TAMARINDO'),
(1751, 20, 5, 7, 'VICHAYAL'),
(1752, 20, 6, 0, 'SULLANA'),
(1753, 20, 6, 1, 'SULLANA'),
(1754, 20, 6, 2, 'BELLAVISTA'),
(1755, 20, 6, 3, 'IGNACIO ESCUDERO'),
(1756, 20, 6, 4, 'LANCONES'),
(1757, 20, 6, 5, 'MARCAVELICA'),
(1758, 20, 6, 6, 'MIGUEL CHECA');
INSERT INTO `ubigeo` (`ubigeo_id`, `dDepartamento`, `codProvincia`, `codDistrito`, `Descripcion`) VALUES
(1759, 20, 6, 7, 'QUERECOTILLO'),
(1760, 20, 6, 8, 'SALITRAL'),
(1761, 20, 7, 0, 'TALARA'),
(1762, 20, 7, 1, 'PARIÑAS'),
(1763, 20, 7, 2, 'EL ALTO'),
(1764, 20, 7, 3, 'LA BREA'),
(1765, 20, 7, 4, 'LOBITOS'),
(1766, 20, 7, 5, 'LOS ORGANOS'),
(1767, 20, 7, 6, 'MANCORA'),
(1768, 20, 8, 0, 'SECHURA'),
(1769, 20, 8, 1, 'SECHURA'),
(1770, 20, 8, 2, 'BELLAVISTA DE LA UNION'),
(1771, 20, 8, 3, 'BERNAL'),
(1772, 20, 8, 4, 'CRISTO NOS VALGA'),
(1773, 20, 8, 5, 'VICE'),
(1774, 20, 8, 6, 'RINCONADA LLICUAR'),
(1775, 21, 0, 0, 'PUNO'),
(1776, 21, 1, 0, 'PUNO'),
(1777, 21, 1, 1, 'PUNO'),
(1778, 21, 1, 2, 'ACORA'),
(1779, 21, 1, 3, 'AMANTANI'),
(1780, 21, 1, 4, 'ATUNCOLLA'),
(1781, 21, 1, 5, 'CAPACHICA'),
(1782, 21, 1, 6, 'CHUCUITO'),
(1783, 21, 1, 7, 'COATA'),
(1784, 21, 1, 8, 'HUATA'),
(1785, 21, 1, 9, 'MAÑAZO'),
(1786, 21, 1, 10, 'PAUCARCOLLA'),
(1787, 21, 1, 11, 'PICHACANI'),
(1788, 21, 1, 12, 'PLATERIA'),
(1789, 21, 1, 13, 'SAN ANTONIO'),
(1790, 21, 1, 14, 'TIQUILLACA'),
(1791, 21, 1, 15, 'VILQUE'),
(1792, 21, 2, 0, 'AZANGARO'),
(1793, 21, 2, 1, 'AZANGARO'),
(1794, 21, 2, 2, 'ACHAYA'),
(1795, 21, 2, 3, 'ARAPA'),
(1796, 21, 2, 4, 'ASILLO'),
(1797, 21, 2, 5, 'CAMINACA'),
(1798, 21, 2, 6, 'CHUPA'),
(1799, 21, 2, 7, 'JOSE DOMINGO CHOQUEHUANCA'),
(1800, 21, 2, 8, 'MUÑANI'),
(1801, 21, 2, 9, 'POTONI'),
(1802, 21, 2, 10, 'SAMAN'),
(1803, 21, 2, 11, 'SAN ANTON'),
(1804, 21, 2, 12, 'SAN JOSE'),
(1805, 21, 2, 13, 'SAN JUAN DE SALINAS'),
(1806, 21, 2, 14, 'SANTIAGO DE PUPUJA'),
(1807, 21, 2, 15, 'TIRAPATA'),
(1808, 21, 3, 0, 'CARABAYA'),
(1809, 21, 3, 1, 'MACUSANI'),
(1810, 21, 3, 2, 'AJOYANI'),
(1811, 21, 3, 3, 'AYAPATA'),
(1812, 21, 3, 4, 'COASA'),
(1813, 21, 3, 5, 'CORANI'),
(1814, 21, 3, 6, 'CRUCERO'),
(1815, 21, 3, 7, 'ITUATA'),
(1816, 21, 3, 8, 'OLLACHEA'),
(1817, 21, 3, 9, 'SAN GABAN'),
(1818, 21, 3, 10, 'USICAYOS'),
(1819, 21, 4, 0, 'CHUCUITO'),
(1820, 21, 4, 1, 'JULI'),
(1821, 21, 4, 2, 'DESAGUADERO'),
(1822, 21, 4, 3, 'HUACULLANI'),
(1823, 21, 4, 4, 'KELLUYO'),
(1824, 21, 4, 5, 'PISACOMA'),
(1825, 21, 4, 6, 'POMATA'),
(1826, 21, 4, 7, 'ZEPITA'),
(1827, 21, 5, 0, 'EL COLLAO'),
(1828, 21, 5, 1, 'ILAVE'),
(1829, 21, 5, 2, 'CAPAZO'),
(1830, 21, 5, 3, 'PILCUYO'),
(1831, 21, 5, 4, 'SANTA ROSA'),
(1832, 21, 5, 5, 'CONDURIRI'),
(1833, 21, 6, 0, 'HUANCANE'),
(1834, 21, 6, 1, 'HUANCANE'),
(1835, 21, 6, 2, 'COJATA'),
(1836, 21, 6, 3, 'HUATASANI'),
(1837, 21, 6, 4, 'INCHUPALLA'),
(1838, 21, 6, 5, 'PUSI'),
(1839, 21, 6, 6, 'ROSASPATA'),
(1840, 21, 6, 7, 'TARACO'),
(1841, 21, 6, 8, 'VILQUE CHICO'),
(1842, 21, 7, 0, 'LAMPA'),
(1843, 21, 7, 1, 'LAMPA'),
(1844, 21, 7, 2, 'CABANILLA'),
(1845, 21, 7, 3, 'CALAPUJA'),
(1846, 21, 7, 4, 'NICASIO'),
(1847, 21, 7, 5, 'OCUVIRI'),
(1848, 21, 7, 6, 'PALCA'),
(1849, 21, 7, 7, 'PARATIA'),
(1850, 21, 7, 8, 'PUCARA'),
(1851, 21, 7, 9, 'SANTA LUCIA'),
(1852, 21, 7, 10, 'VILAVILA'),
(1853, 21, 8, 0, 'MELGAR'),
(1854, 21, 8, 1, 'AYAVIRI'),
(1855, 21, 8, 2, 'ANTAUTA'),
(1856, 21, 8, 3, 'CUPI'),
(1857, 21, 8, 4, 'LLALLI'),
(1858, 21, 8, 5, 'MACARI'),
(1859, 21, 8, 6, 'NUÑOA'),
(1860, 21, 8, 7, 'ORURILLO'),
(1861, 21, 8, 8, 'SANTA ROSA'),
(1862, 21, 8, 9, 'UMACHIRI'),
(1863, 21, 9, 0, 'MOHO'),
(1864, 21, 9, 1, 'MOHO'),
(1865, 21, 9, 2, 'CONIMA'),
(1866, 21, 9, 3, 'HUAYRAPATA'),
(1867, 21, 9, 4, 'TILALI'),
(1868, 21, 10, 0, 'SAN ANTONIO DE PUTINA'),
(1869, 21, 10, 1, 'PUTINA'),
(1870, 21, 10, 2, 'ANANEA'),
(1871, 21, 10, 3, 'PEDRO VILCA APAZA'),
(1872, 21, 10, 4, 'QUILCAPUNCU'),
(1873, 21, 10, 5, 'SINA'),
(1874, 21, 11, 0, 'SAN ROMAN'),
(1875, 21, 11, 1, 'JULIACA'),
(1876, 21, 11, 2, 'CABANA'),
(1877, 21, 11, 3, 'CABANILLAS'),
(1878, 21, 11, 4, 'CARACOTO'),
(1879, 21, 12, 0, 'SANDIA'),
(1880, 21, 12, 1, 'SANDIA'),
(1881, 21, 12, 2, 'CUYOCUYO'),
(1882, 21, 12, 3, 'LIMBANI'),
(1883, 21, 12, 4, 'PATAMBUCO'),
(1884, 21, 12, 5, 'PHARA'),
(1885, 21, 12, 6, 'QUIACA'),
(1886, 21, 12, 7, 'SAN JUAN DEL ORO'),
(1887, 21, 12, 8, 'YANAHUAYA'),
(1888, 21, 12, 9, 'ALTO INAMBARI'),
(1889, 21, 12, 10, 'SAN PEDRO DE PUTINA PUNCO'),
(1890, 21, 13, 0, 'YUNGUYO'),
(1891, 21, 13, 1, 'YUNGUYO'),
(1892, 21, 13, 2, 'ANAPIA'),
(1893, 21, 13, 3, 'COPANI'),
(1894, 21, 13, 4, 'CUTURAPI'),
(1895, 21, 13, 5, 'OLLARAYA'),
(1896, 21, 13, 6, 'TINICACHI'),
(1897, 21, 13, 7, 'UNICACHI'),
(1898, 22, 0, 0, 'SAN MARTIN'),
(1899, 22, 1, 0, 'MOYOBAMBA'),
(1900, 22, 1, 1, 'MOYOBAMBA'),
(1901, 22, 1, 2, 'CALZADA'),
(1902, 22, 1, 3, 'HABANA'),
(1903, 22, 1, 4, 'JEPELACIO'),
(1904, 22, 1, 5, 'SORITOR'),
(1905, 22, 1, 6, 'YANTALO'),
(1906, 22, 2, 0, 'BELLAVISTA'),
(1907, 22, 2, 1, 'BELLAVISTA'),
(1908, 22, 2, 2, 'ALTO BIAVO'),
(1909, 22, 2, 3, 'BAJO BIAVO'),
(1910, 22, 2, 4, 'HUALLAGA'),
(1911, 22, 2, 5, 'SAN PABLO'),
(1912, 22, 2, 6, 'SAN RAFAEL'),
(1913, 22, 3, 0, 'EL DORADO'),
(1914, 22, 3, 1, 'SAN JOSE DE SISA'),
(1915, 22, 3, 2, 'AGUA BLANCA'),
(1916, 22, 3, 3, 'SAN MARTIN'),
(1917, 22, 3, 4, 'SANTA ROSA'),
(1918, 22, 3, 5, 'SHATOJA'),
(1919, 22, 4, 0, 'HUALLAGA'),
(1920, 22, 4, 1, 'SAPOSOA'),
(1921, 22, 4, 2, 'ALTO SAPOSOA'),
(1922, 22, 4, 3, 'EL ESLABON'),
(1923, 22, 4, 4, 'PISCOYACU'),
(1924, 22, 4, 5, 'SACANCHE'),
(1925, 22, 4, 6, 'TINGO DE SAPOSOA'),
(1926, 22, 5, 0, 'LAMAS'),
(1927, 22, 5, 1, 'LAMAS'),
(1928, 22, 5, 2, 'ALONSO DE ALVARADO'),
(1929, 22, 5, 3, 'BARRANQUITA'),
(1930, 22, 5, 4, 'CAYNARACHI'),
(1931, 22, 5, 5, 'CUÑUMBUQUI'),
(1932, 22, 5, 6, 'PINTO RECODO'),
(1933, 22, 5, 7, 'RUMISAPA'),
(1934, 22, 5, 8, 'SAN ROQUE DE CUMBAZA'),
(1935, 22, 5, 9, 'SHANAO'),
(1936, 22, 5, 10, 'TABALOSOS'),
(1937, 22, 5, 11, 'ZAPATERO'),
(1938, 22, 6, 0, 'MARISCAL CACERES'),
(1939, 22, 6, 1, 'JUANJUI'),
(1940, 22, 6, 2, 'CAMPANILLA'),
(1941, 22, 6, 3, 'HUICUNGO'),
(1942, 22, 6, 4, 'PACHIZA'),
(1943, 22, 6, 5, 'PAJARILLO'),
(1944, 22, 7, 0, 'PICOTA'),
(1945, 22, 7, 1, 'PICOTA'),
(1946, 22, 7, 2, 'BUENOS AIRES'),
(1947, 22, 7, 3, 'CASPISAPA'),
(1948, 22, 7, 4, 'PILLUANA'),
(1949, 22, 7, 5, 'PUCACACA'),
(1950, 22, 7, 6, 'SAN CRISTOBAL'),
(1951, 22, 7, 7, 'SAN HILARION'),
(1952, 22, 7, 8, 'SHAMBOYACU'),
(1953, 22, 7, 9, 'TINGO DE PONASA'),
(1954, 22, 7, 10, 'TRES UNIDOS'),
(1955, 22, 8, 0, 'RIOJA'),
(1956, 22, 8, 1, 'RIOJA'),
(1957, 22, 8, 2, 'AWAJUN'),
(1958, 22, 8, 3, 'ELIAS SOPLIN VARGAS'),
(1959, 22, 8, 4, 'NUEVA CAJAMARCA'),
(1960, 22, 8, 5, 'PARDO MIGUEL'),
(1961, 22, 8, 6, 'POSIC'),
(1962, 22, 8, 7, 'SAN FERNANDO'),
(1963, 22, 8, 8, 'YORONGOS'),
(1964, 22, 8, 9, 'YURACYACU'),
(1965, 22, 9, 0, 'SAN MARTIN'),
(1966, 22, 9, 1, 'TARAPOTO'),
(1967, 22, 9, 2, 'ALBERTO LEVEAU'),
(1968, 22, 9, 3, 'CACATACHI'),
(1969, 22, 9, 4, 'CHAZUTA'),
(1970, 22, 9, 5, 'CHIPURANA'),
(1971, 22, 9, 6, 'EL PORVENIR'),
(1972, 22, 9, 7, 'HUIMBAYOC'),
(1973, 22, 9, 8, 'JUAN GUERRA'),
(1974, 22, 9, 9, 'LA BANDA DE SHILCAYO'),
(1975, 22, 9, 10, 'MORALES'),
(1976, 22, 9, 11, 'PAPAPLAYA'),
(1977, 22, 9, 12, 'SAN ANTONIO'),
(1978, 22, 9, 13, 'SAUCE'),
(1979, 22, 9, 14, 'SHAPAJA'),
(1980, 22, 10, 0, 'TOCACHE'),
(1981, 22, 10, 1, 'TOCACHE'),
(1982, 22, 10, 2, 'NUEVO PROGRESO'),
(1983, 22, 10, 3, 'POLVORA'),
(1984, 22, 10, 4, 'SHUNTE'),
(1985, 22, 10, 5, 'UCHIZA'),
(1986, 23, 0, 0, 'TACNA'),
(1987, 23, 1, 0, 'TACNA'),
(1988, 23, 1, 1, 'TACNA'),
(1989, 23, 1, 2, 'ALTO DE LA ALIANZA'),
(1990, 23, 1, 3, 'CALANA'),
(1991, 23, 1, 4, 'CIUDAD NUEVA'),
(1992, 23, 1, 5, 'INCLAN'),
(1993, 23, 1, 6, 'PACHIA'),
(1994, 23, 1, 7, 'PALCA'),
(1995, 23, 1, 8, 'POCOLLAY'),
(1996, 23, 1, 9, 'SAMA'),
(1997, 23, 1, 10, 'CORONEL GREGORIO ALBARRACIN LANCHIPA'),
(1998, 23, 2, 0, 'CANDARAVE'),
(1999, 23, 2, 1, 'CANDARAVE'),
(2000, 23, 2, 2, 'CAIRANI'),
(2001, 23, 2, 3, 'CAMILACA'),
(2002, 23, 2, 4, 'CURIBAYA'),
(2003, 23, 2, 5, 'HUANUARA'),
(2004, 23, 2, 6, 'QUILAHUANI'),
(2005, 23, 3, 0, 'JORGE BASADRE'),
(2006, 23, 3, 1, 'LOCUMBA'),
(2007, 23, 3, 2, 'ILABAYA'),
(2008, 23, 3, 3, 'ITE'),
(2009, 23, 4, 0, 'TARATA'),
(2010, 23, 4, 1, 'TARATA'),
(2011, 23, 4, 2, 'HEROES ALBARRACIN'),
(2012, 23, 4, 3, 'ESTIQUE'),
(2013, 23, 4, 4, 'ESTIQUE-PAMPA'),
(2014, 23, 4, 5, 'SITAJARA'),
(2015, 23, 4, 6, 'SUSAPAYA'),
(2016, 23, 4, 7, 'TARUCACHI'),
(2017, 23, 4, 8, 'TICACO'),
(2018, 24, 0, 0, 'TUMBES'),
(2019, 24, 1, 0, 'TUMBES'),
(2020, 24, 1, 1, 'TUMBES'),
(2021, 24, 1, 2, 'CORRALES'),
(2022, 24, 1, 3, 'LA CRUZ'),
(2023, 24, 1, 4, 'PAMPAS DE HOSPITAL'),
(2024, 24, 1, 5, 'SAN JACINTO'),
(2025, 24, 1, 6, 'SAN JUAN DE LA VIRGEN'),
(2026, 24, 2, 0, 'CONTRALMIRANTE VILLAR'),
(2027, 24, 2, 1, 'ZORRITOS'),
(2028, 24, 2, 2, 'CASITAS'),
(2029, 24, 2, 3, 'CANOAS DE PUNTA SAL'),
(2030, 24, 3, 0, 'ZARUMILLA'),
(2031, 24, 3, 1, 'ZARUMILLA'),
(2032, 24, 3, 2, 'AGUAS VERDES'),
(2033, 24, 3, 3, 'MATAPALO'),
(2034, 24, 3, 4, 'PAPAYAL'),
(2035, 25, 0, 0, 'UCAYALI'),
(2036, 25, 1, 0, 'CORONEL PORTILLO'),
(2037, 25, 1, 1, 'CALLERIA'),
(2038, 25, 1, 2, 'CAMPOVERDE'),
(2039, 25, 1, 3, 'IPARIA'),
(2040, 25, 1, 4, 'MASISEA'),
(2041, 25, 1, 5, 'YARINACOCHA'),
(2042, 25, 1, 6, 'NUEVA REQUENA'),
(2043, 25, 1, 7, 'MANANTAY'),
(2044, 25, 2, 0, 'ATALAYA'),
(2045, 25, 2, 1, 'RAYMONDI'),
(2046, 25, 2, 2, 'SEPAHUA'),
(2047, 25, 2, 3, 'TAHUANIA'),
(2048, 25, 2, 4, 'YURUA'),
(2049, 25, 3, 0, 'PADRE ABAD'),
(2050, 25, 3, 1, 'PADRE ABAD'),
(2051, 25, 3, 2, 'IRAZOLA'),
(2052, 25, 3, 3, 'CURIMANA'),
(2053, 25, 4, 0, 'PURUS'),
(2054, 25, 4, 1, 'PURUS');

-- --------------------------------------------------------

--
-- Table structure for table `users`
--

CREATE TABLE `users` (
  `id` int(11) UNSIGNED NOT NULL,
  `username` varchar(36) NOT NULL,
  `firstname` varchar(40) DEFAULT NULL,
  `lastname` varchar(40) DEFAULT NULL,
  `password` varchar(64) DEFAULT NULL,
  `usersalt` varchar(8) DEFAULT NULL,
  `userid` varchar(32) DEFAULT NULL,
  `userlevel` tinyint(1) UNSIGNED DEFAULT NULL,
  `email` varchar(50) DEFAULT NULL,
  `timestamp` varchar(25) DEFAULT NULL,
  `previous_visit` varchar(25) DEFAULT NULL,
  `actkey` varchar(35) DEFAULT NULL,
  `ip` varchar(15) DEFAULT NULL,
  `regdate` tinyint(3) UNSIGNED DEFAULT NULL,
  `lastip` varchar(15) DEFAULT NULL,
  `user_login_attempts` tinyint(4) DEFAULT NULL,
  `user_home_path` varchar(50) DEFAULT NULL,
  `remember_token` varchar(100) DEFAULT NULL,
  `email_verified_at` timestamp NULL DEFAULT NULL,
  `usuario_id` int(11) DEFAULT NULL,
  `created_at` datetime DEFAULT current_timestamp(),
  `updated_at` datetime DEFAULT NULL
) ENGINE=MyISAM DEFAULT CHARSET=latin1;

--
-- Dumping data for table `users`
--

INSERT INTO `users` (`id`, `username`, `firstname`, `lastname`, `password`, `usersalt`, `userid`, `userlevel`, `email`, `timestamp`, `previous_visit`, `actkey`, `ip`, `regdate`, `lastip`, `user_login_attempts`, `user_home_path`, `remember_token`, `email_verified_at`, `usuario_id`, `created_at`, `updated_at`) VALUES
(1, 'Administrador', 'Fortune', 'Online', '$2y$10$fIg25/ebwvkY0dsVg1OFqusjl1mGBKZs/03iGQCW8Jl4R32Jjn57.', NULL, '946 091 321', 1, 'tesoreria@fortuneonline.com.pe', '3.38', '1000', '946 091 321', NULL, 0, NULL, NULL, NULL, 'i7SLh76HX7nz8yXPN2Hy5qHGz7dov3t8VNHfhGiXqn6CMvRjeNl6JC8OzP9f', '2019-09-18 08:19:44', 1, '2019-09-12 21:12:17', '2022-03-14 10:37:07'),
(2, 'manrriqueMY', 'Manrrique', 'Meneses', '$2y$10$iKgKtL1Ztii9KCJV2MMjWef90DE71wOtb21HdbPKZPFRy4fpNOjmq', NULL, NULL, 1, 'manrrique.my@gmail.com', NULL, '0', NULL, NULL, NULL, NULL, NULL, NULL, NULL, '2019-10-08 06:57:10', 15, '2019-09-30 17:34:03', '2019-10-08 01:57:10'),
(4, 'JOSUE77', 'FORTUNATO', 'RIOS', '$2y$10$xl/7A737SxUdcFVRBykeD.d34zu6WEeGrbJ6.1yFgkJ7yXqO4ycZq', NULL, NULL, 1, 'fortuna7777@hotmail.com', '3.345', '3.36', NULL, NULL, 0, NULL, NULL, NULL, NULL, '2019-11-06 16:14:55', 2, '2019-10-03 16:34:02', '2020-01-31 17:37:55'),
(6, 'Daniel', 'David', 'Espinoza', '$2y$10$.sN1rggrmjcjbWWgCeNcjusy3wOH5UiDpoc.q4rXI9U3b2qVJVee6', NULL, NULL, 1, 'espinozagalindod@gmail.com', NULL, '0', NULL, NULL, NULL, NULL, NULL, NULL, NULL, NULL, 4, '2019-10-03 19:49:05', '2021-03-11 16:53:20'),
(60, 'Globopedia', 'stephany', 'medina', '$2y$10$LBh8TnIFIje/IpLNVBnvtOuteho4en62TopNpmLObt9tbDpeffsUm', NULL, NULL, 1, 'medinasoto.stephany@gmail.com', NULL, NULL, NULL, NULL, NULL, NULL, NULL, NULL, 'GKOOOCH4rsoxX9fsVdKQhpoe1Hw6ABOFl6rTziZQFUsNeHyLnUZsBmFBV7tC', '2020-02-17 21:42:12', 41, '2020-02-17 16:39:51', '2020-07-27 12:25:52'),
(8, 'nestiboy', 'Nestor', 'Gemar', '$2y$10$VD9MEi5cJUfYX.Ti4DH52On8ywvd1sAoX0alhp2aQq2hp8uulk/Uy', NULL, NULL, 1, 'jkmen36@hotmail.com', NULL, '0', NULL, NULL, NULL, NULL, NULL, NULL, 'ZuIC8yvhKwVfK1OxqooGv3pRbCfceq4x7q8Sv9w9Nky0Fbn7fJnQXn6VPrWC', '2019-10-04 01:33:49', 6, '2019-10-03 20:30:44', '2019-10-21 19:02:12'),
(20, 'ZARA', 'Sara', 'Arca', '$2y$10$mr3ySV8LXC0oONCqD9ypyO3OxhBuNTCLxMiWeq5qCnhSTZ8AkITcC', NULL, NULL, 1, 'zaraarka@gmail.com', '3.588', '3.615', '985568329', NULL, 1, NULL, NULL, '987787890', 'fOi0W0JpeQrekmF1j5WIBd3Dwt87Jhdmhl5pK9EJhuey20wVJSH8GzYe6rMG', '2019-10-10 22:49:19', 18, '2019-10-10 17:47:58', '2022-08-03 17:23:03'),
(10, 'Carlos', 'CHARLES', 'VALERA', '$2y$10$b1prx7/OM.AVPe5Sa8hWNuhuO9RFNnMxU9g5qKmqv9dwI7uXpcAuy', NULL, NULL, 1, 'cvalerarios@hotmail.com', '2.45', '2.87', '923656326', NULL, 1, NULL, NULL, NULL, 'dBxRTe2nuID8Q2QzKYRfIpd28VoA6IG7y29xJy3QwdHEJi4OR4MnB3ETOAud', '2019-10-04 19:30:03', 8, '2019-10-04 14:20:33', '2019-11-13 03:26:22'),
(45, 'MC DOLAR', NULL, NULL, '$2y$10$C/KhaskXZtr9n3GdA6rLFOBLzFKXaohrRtEmrjSEAVmR518579se6', NULL, NULL, 1, 'aliciacabinas@gmail.com', NULL, NULL, NULL, NULL, NULL, NULL, NULL, NULL, NULL, NULL, NULL, '2020-01-29 11:43:57', '2020-01-29 11:43:57'),
(13, 'AKEMI', 'JESUS', 'GARCIA', '$2y$10$0H4sLEVSdigjKP0EUHi4BuQESLcWy4Ujxx6t7s4ly45wEnlziP3De', NULL, NULL, 1, 'jgarcializana@gmail.com', '3.40', '3.39', NULL, NULL, 1, NULL, NULL, NULL, 'DADtQ3MfPDGO1a9v0a4WYkgBNdgqjjVjekZOzAu41ayWhGyIV7Xbx5NHWCqy', '2019-10-04 22:17:33', 10, '2019-10-04 16:52:45', '2020-02-04 12:00:38'),
(44, 'GRUPO CVNET', 'grupo', NULL, '$2y$10$GIYq5U0XUIQrQhdK/2.q9eOYtNrfu0kbdkOg9T/6CRfqIu26azt1C', NULL, NULL, 1, 'cvnet_@hotmail.com', NULL, NULL, '923656326', NULL, NULL, NULL, NULL, NULL, 'vii2ERL6HCRg7gqTxXO9G3fcp6nn2Us1AgjFehBJX76l5WHzfzLmYzpQlUqi', '2020-01-23 10:23:37', 33, '2020-01-23 05:13:48', '2021-09-16 15:35:33'),
(15, 'Elmer', 'Elmer', 'Rios', '$2y$10$3G7Qstd48JjuvxWicWpt9e40KagbMW72CFXS7PC2UBECQHBknJYu.', NULL, NULL, 1, 'FORTUNACAMCIOS@GMAIL.COM', NULL, '0', NULL, NULL, NULL, NULL, NULL, NULL, NULL, NULL, 12, '2019-10-05 18:23:07', '2019-10-05 18:25:11'),
(43, 'marco', 'marco', 'poma', '$2y$10$8QiMYbmCIRAXrKsUKLNFduWo1uj/4e8WNfth3LUNxOuaY28XKncoK', NULL, NULL, 1, 'MARCOPOMAA@GMAIL.COM', NULL, NULL, '943898212', NULL, NULL, NULL, NULL, NULL, NULL, '2020-01-13 18:18:36', 32, '2020-01-13 13:12:35', '2020-01-13 13:18:36'),
(18, 'Fanny', 'Fanny', 'Borrajero', '$2y$10$0RsTxHQyVHdBfLrQY/7cTuz6PDweFPefZbnJdIHPe/m65RvqeAPMq', NULL, NULL, 1, 'fanny_bl@hotmail.com', NULL, '0', NULL, NULL, NULL, NULL, NULL, NULL, NULL, '2019-10-09 22:22:59', 16, '2019-10-09 17:10:14', '2019-10-09 17:22:59'),
(42, 'objetivolaguzman', 'katiuska', 'flores', '$2y$10$ZcUNyhCC69uNCWlyuL6OteVyGKC74sp64pNYZz3cAkzHTsKy7RHnO', NULL, NULL, 1, 'katiuska@abejareinaperu.com', NULL, NULL, '997934982', NULL, NULL, NULL, NULL, NULL, NULL, NULL, 31, '2020-01-12 21:17:03', '2020-01-12 21:19:04'),
(22, 'ALEJANDRO', 'manel', 'moya', '$2y$10$1RjVaGMF1zlp/.cDi3nNKOsTUp9YFh8xnxQF8B.IWqunNLJqeoj1S', NULL, NULL, 1, 'alejandromoya111@hotmail.com', NULL, '0', NULL, NULL, NULL, NULL, NULL, NULL, NULL, '2019-10-15 16:08:39', 19, '2019-10-15 11:05:04', '2019-10-15 11:08:39'),
(25, 'ERPMATICA', 'ERPMATICA SAC', NULL, '$2y$10$sxbFX8Q83gujBalt3N4q/u30AyRbE/NPdb4OY3Sx6czQ1zC428iWq', NULL, NULL, 1, 'mercadeo@erpmatica.com', NULL, NULL, '999047726', NULL, NULL, NULL, NULL, NULL, NULL, '2019-10-30 15:11:46', 20, '2019-10-30 10:07:35', '2019-10-30 10:11:46'),
(26, 'Juceviro', 'Julio', 'Villamil', '$2y$10$nSlSNTW9UjXlFqTzrVDfieHyaMwv5rgnYlCk4B1LMZiGCc3R65y4G', NULL, '12918000', 1, 'jcesar.villamilr@yahoo.com', '3.345', '3.355', '947475769', NULL, 1, NULL, NULL, NULL, 'o2HxjXj6AXoeg8zqracQXkY5vQ359RDji63D5duC1RCvyd3FqoRdG4zhipa8', '2019-10-30 15:40:48', 21, '2019-10-30 10:37:05', '2019-11-08 11:35:02'),
(27, 'MARAIA', NULL, NULL, '$2y$10$bDdiHVEQWi.Ps43L4uLS0O2SQxfLewSN.3jtLHsc.jLalIMGmeQji', NULL, NULL, 1, 'cambiosfortuna@gmail.com', NULL, NULL, NULL, NULL, NULL, NULL, NULL, NULL, NULL, NULL, NULL, '2019-11-05 10:40:30', '2019-11-05 10:40:30'),
(28, 'Bruno', 'Bruno', 'Wang', '$2y$10$uSGzqC9RX4qL3uwVskzaMefPlWFXZ5Eau0AiTdE8crIml1SNi3UCi', NULL, NULL, 1, 'Bruno_wang@nipponcorp.com', NULL, NULL, '952236308', NULL, NULL, NULL, NULL, NULL, 'vBU7UUBJbyFMZXxhko06AYfsfjxwKLMmHd6xy69hbUNKWtbBWKLjyhJDgz2Y', '2019-11-14 00:37:58', 22, '2019-11-13 19:31:16', '2020-03-10 16:47:04'),
(29, 'GC TELECOM SAC', 'GUILLERMO', 'MORI', '$2y$10$hodTU.cfbxpWuYAjVeeusePKG9yYDLPsrqvniQJl28/Lig82vaVAq', NULL, '4800084', 1, 'finanzas@gctelecom.pe', NULL, NULL, '987744790', NULL, NULL, NULL, NULL, '989450676', NULL, NULL, 23, '2019-11-18 16:58:51', '2019-11-18 17:00:31'),
(30, 'jcacup', 'Juan', 'Acuña', '$2y$10$KIZfOOd6.GHjODf5HGlsL.cWSSSe7GeU4jN4K2eY8Yj4Qln1mhtQC', NULL, NULL, 1, 'jcacup@gmail.com', NULL, NULL, '997676617', NULL, NULL, NULL, NULL, NULL, 'TAMAO3Dee1LOFtTsE0qx154f0VbDxvEieF2M3NJq8ubFc3scaNf3yTMTMFZR', '2019-11-19 12:50:11', 24, '2019-11-19 07:40:45', '2019-11-19 07:50:11'),
(31, 'euro', 'MADELEINE', 'RIOS', '$2y$10$YdqU4Zq/78a.T4bcKsKCS.8QDhVaeaPl0XgphTsEY5.6XHIOWagRu', NULL, NULL, 1, 'edolar623@gmail.com', NULL, NULL, '994017522', NULL, NULL, NULL, NULL, NULL, NULL, '2019-11-20 17:38:46', 25, '2019-11-20 12:13:36', '2019-11-20 12:38:46'),
(32, 'Elias', NULL, NULL, '$2y$10$5p.fomHTMuSbczS9NSFVI.nAjy7f2rCCZFimce6qUpYhgVPKdF/pe', NULL, NULL, 1, 'eliasemma20@hotmail.com', NULL, NULL, NULL, NULL, NULL, NULL, NULL, NULL, NULL, NULL, NULL, '2019-11-20 16:08:19', '2019-11-20 16:08:19'),
(33, 'Infre Peru', 'Julio', 'Villamil', '$2y$10$pX11mDS1RVejnY/PgU0tDevXR9E3wic7QGhaqwuUbctfUTrnP0GP.', NULL, '12918000', 1, 'jvillamil.infreserveperu@gmail.com', NULL, NULL, '947475769', NULL, NULL, NULL, NULL, NULL, 'dfdmZqeTIfTGc31JnPikhd3lxGsclfwueqhdpxhvdQIks68Ewd4bmXijou2H', '2019-11-29 15:29:09', 26, '2019-11-29 10:22:14', '2019-11-29 10:29:09'),
(66, 'Macedonia', NULL, NULL, '$2y$10$.aIRnFyoXJZKJ8Y6y1Ux9uCGOXs5bkigVjybYvBgMXoVn1qAW6V36', NULL, NULL, 1, 'macedonialovers@gmail.com', NULL, NULL, NULL, NULL, NULL, NULL, NULL, NULL, NULL, '2022-04-09 00:00:08', NULL, '2020-02-19 09:14:36', '2022-04-08 19:00:08'),
(35, 'Poli', 'Hedley', 'DEL CASTILLO', '$2y$10$UtK/sC.3kQVrsfO0DljnOO9I8TY0FGBWtQU..3pGrAUKuFQCwEkIC', NULL, NULL, 1, 'hpoliz@gmail.com', NULL, NULL, '997534690', NULL, NULL, NULL, NULL, NULL, NULL, '2019-12-03 22:14:43', 27, '2019-12-03 17:09:18', '2019-12-03 17:14:43'),
(68, 'euro', NULL, NULL, '$2y$10$A4FURel51ma5ggv09N4i4OhGlmXtc.N/kbKLI7WRcyV61QnQRg59O', NULL, NULL, 1, 'gercyguevara@hotmail.com', NULL, NULL, NULL, NULL, NULL, NULL, NULL, NULL, NULL, NULL, NULL, '2020-02-19 17:06:15', '2020-02-19 17:06:15'),
(54, 'Thiago', 'Rony', 'Guevara', '$2y$10$.B3q42xZ35gkDJujSbzVoOvqLVBV4KmSjJjZNwam4xTPv.REMLPWW', NULL, NULL, 1, 'Rgt_147_7@hotmail.com', NULL, NULL, '997052599', NULL, NULL, NULL, NULL, NULL, NULL, '2020-02-12 17:47:45', 38, '2020-02-12 12:40:13', '2020-02-12 12:47:45'),
(37, 'Wilson', 'WILSON', 'ALONZO', '$2y$10$pvkZttK3iwEfhYCxu/uwgOmg/MqTjlF77Cpo27cBN30M2D47McuNG', NULL, NULL, 1, 'walonzo@hotmail.com', NULL, NULL, '951053021', NULL, NULL, NULL, NULL, NULL, NULL, NULL, 28, '2019-12-13 13:50:30', '2019-12-13 15:21:49'),
(38, 'Joakemi', NULL, NULL, '$2y$10$HpQpxb1qQ2QH4xcTakqg/u2Ge25Q5krnRMvlDJ/ofBV6PNzE.0tka', NULL, NULL, 1, 'jgarcia-31@hotmail.com', NULL, NULL, NULL, NULL, NULL, NULL, NULL, NULL, 'zDqHDrJRqaCIeA8D6O4vD6ifxrIyPW7AzBo5dA97C8uZUCiUY8pviyT44wjf', NULL, NULL, '2019-12-19 13:54:48', '2020-09-10 17:17:20'),
(39, 'Rod', 'Robert', 'Silva', '$2y$10$ianh1/Rq6SyMlx0yphjS0.pv8mPbhRQOCKKhMH.B4mqkVXkIaSVru', NULL, NULL, 1, 'robertsilva7@gmail.com', NULL, NULL, '949207865', NULL, NULL, NULL, NULL, NULL, NULL, '2019-12-26 15:27:00', 29, '2019-12-20 17:39:37', '2019-12-26 10:27:00'),
(40, 'oscaralva', 'Oscar', 'Alva', '$2y$10$rPp/pLjrdVQ.XNogpCWVHuHfwm6mFqW.nP7dugizsgwUBVxU195KC', NULL, '7753188', 1, 'oscaralvacaloggero1@gmail.com', NULL, NULL, '922302513', NULL, NULL, NULL, NULL, '927140363', NULL, NULL, 30, '2019-12-22 17:11:57', '2019-12-22 17:12:52'),
(41, 'ILECTEL', NULL, NULL, '$2y$10$9l1I9l7u8azBCIwhEm3/HOw9r1jhRxOD3bY1wHPsdEo4nlt7AK5tC', NULL, NULL, 1, 'madeleine_181@hotmail.com', NULL, NULL, NULL, NULL, NULL, NULL, NULL, NULL, NULL, NULL, NULL, '2020-01-02 14:59:09', '2020-01-02 14:59:09'),
(46, 'JC1000', 'juan', 'cuayla', '$2y$10$7RHVqZQ1wNsOf48VsfvlKODCdcYu4u8tmMCrM7R3X/98hKkpy68O6', NULL, NULL, 1, 'jccuayla@hotmail.com', '3.418', '3.435', '959679717', NULL, 1, NULL, NULL, NULL, NULL, '2020-01-30 05:19:58', 34, '2020-01-30 00:11:53', '2020-02-27 17:18:10'),
(47, 'JUAN CHECCORI', 'JUAN', 'CHECCORI', '$2y$10$4JL0ulEZDWeCaBa9nMdJB.fUvp1xz6HlXIBq19ccqBwP2qqPLThuG', NULL, '84253996', 1, 'juan_checcori@hotmail.com', '3.369', '3.38', '940238089', NULL, 1, NULL, NULL, NULL, NULL, '2020-01-31 22:46:53', 35, '2020-01-31 16:14:30', '2020-02-06 17:28:06'),
(48, 'MAROAL', 'ALEJANDRO', 'FERNANDEZ', '$2y$10$VifmPOooJU/E6W59o1mjQ.AUkQisG5PvhcMtl5NlGrmMLwOmW.H1e', NULL, NULL, 1, 'maroal_eirl@hotmail.com', NULL, NULL, '989414283', NULL, NULL, NULL, NULL, '982520631', NULL, '2020-02-03 06:33:53', 36, '2020-02-03 01:29:20', '2020-02-03 01:33:53'),
(49, 'Macedonia', NULL, NULL, '$2y$10$agpiWz3EIZJuA4yYrzCnSetgEKbzg/vuJoM7yXYZatJhj7EeFETsC', NULL, NULL, 1, 'sara_arca@yahoo.es', NULL, NULL, NULL, NULL, NULL, NULL, NULL, NULL, NULL, NULL, NULL, '2020-02-04 10:41:12', '2020-02-04 10:41:12'),
(50, 'FORTUNE TRADE CORP', 'qw', 'qw', '$2y$10$FKFqpEgCxJB2hKbM3Xr6feL2dbfGbbC37wQwqBSWjQwiMESkhzuhe', NULL, '5453232', 1, 'cambiosfortune@gmail.com', NULL, NULL, '985568320', NULL, NULL, NULL, NULL, NULL, NULL, NULL, 37, '2020-02-04 11:40:05', '2020-02-04 11:41:46'),
(51, 'Jean', NULL, NULL, '$2y$10$j.SSvhhqO8lbaYAhGVrVPuAT4UDHsYviP0dkRXoyO1zblKR5mBjeq', NULL, NULL, 1, 'jpbaraybar@msn.com', NULL, NULL, NULL, NULL, NULL, NULL, NULL, NULL, NULL, NULL, NULL, '2020-02-10 12:03:21', '2020-02-10 12:03:21'),
(64, 'Matias Ziliotto', 'Matias', 'Ziliotto', '$2y$10$8t7WNo8g/0m6ddCEwVe3LO.e6q01QJipRrJDYM9n.TY1jDI6d1.12', NULL, '2302209165', 1, 'mati_97_ziliotto@hotmail.com', '11', '15', '2302209165', NULL, 0, NULL, NULL, NULL, NULL, '2020-02-17 22:37:37', 46, '2020-02-17 17:35:25', '2020-08-15 12:15:40'),
(75, 'SANCARLOSEIRL', 'ISMAEL', 'CUAYLA', '$2y$10$GhLSXM4kfX3gCfThNspnZ.BIDiiwguHYFyjuyBDpmcEP7Tnk7IQUy', NULL, NULL, 1, 'SANCARLOSEIRL@HOTMAIL.COM', '3.455', '3.478', NULL, NULL, 1, NULL, NULL, NULL, NULL, '2020-02-27 21:09:09', 51, '2020-02-27 16:00:23', '2020-03-06 17:35:37'),
(69, 'SARA', 'SARA', 'ARCA', '$2y$10$pZv62fjGP.ajlRD1BnZrCem1iG1tTp3QP4MT.N1PNBupd6.s9In12', NULL, NULL, 1, 'sara@bluecomunicadores.com', NULL, NULL, NULL, NULL, NULL, NULL, NULL, NULL, 'evOq8iJ6ceRMcD7jSrGo8af9cXqt8DE8dmvyWapEagm7aB7GmVsrppzjrydz', '2020-02-20 19:52:17', 48, '2020-02-20 14:51:01', '2022-04-18 11:11:09'),
(70, 'STEPHANY', 'STEPHANY', 'MEDINA', '$2y$10$rM6hDk3sIG7S2OdzlUUAruCmk1akrsG5chtfeypS/iN79rS/6Tbdu', NULL, '2676655', 1, 'hola@bluecomunicadores.com', NULL, NULL, '986676543', NULL, NULL, NULL, NULL, NULL, NULL, '2020-02-20 20:00:31', 49, '2020-02-20 14:56:58', '2020-02-20 15:00:31'),
(76, 'GRJUANC', 'Juan', 'Huaman', '$2y$10$CQ7bfvOGi1faDfM7Ofbx9OoFv6FpPPIjUlyYbU.OgTQFfHyeu4NlW', NULL, NULL, 1, 'juancahr79@gmail.com', NULL, NULL, NULL, NULL, NULL, NULL, NULL, NULL, 'Lbs251jqQODoOCe7bgroBmFlWRGwjCJRtYc0sHa4aI4mfcItLusTs8OkjuFn', '2020-03-02 07:25:04', 52, '2020-03-02 02:21:24', '2020-03-02 12:27:28'),
(77, 'Bnetwork', 'Sara', 'Arca', '$2y$10$ck523d9Cd5X0CvXlobMML.o82aaikPN9sIkc6Zp2M1TCR6T7whiCW', NULL, NULL, 1, 'zara@bluenetwork.com', '3.588', '3.615', NULL, NULL, 1, NULL, NULL, NULL, NULL, NULL, 53, '2020-03-03 11:01:45', '2020-12-04 11:29:01'),
(78, 'BLUENETWORKSAC', 'Sara', 'Arca', '$2y$10$rsKxcTVJHvyN2FVbaKQDhu3VRIFTLGIRGjAYII.eUFvbIrTsuYGQm', NULL, NULL, 1, 'zara@bluenetwork.com.pe', '3.588', '3.615', NULL, NULL, 1, NULL, NULL, NULL, 'dRcLKeJ2xPm0j6w44eaORtWtEuhM9Jh2lvDF70RK0Kwc8rvIf3gKNGVWalYT', '2020-03-03 16:11:16', 54, '2020-03-03 11:08:26', '2020-12-04 11:30:55'),
(74, 'Abeja Reina', 'katiuska', 'Flores', '$2y$10$ynGW2rgOBNpCsHdSawqWdu8ZWQbGS6UUgrr8l4FBg3GM1ddSB/Cv2', NULL, '997934982', 1, 'abejareinaperu@gmail.com', NULL, NULL, '946 091 321', NULL, NULL, NULL, NULL, NULL, NULL, '2020-04-18 07:31:17', 57, '2020-02-21 13:45:29', '2020-04-18 03:31:17'),
(79, 'Rafo29', 'Rafael', 'Casas', '$2y$10$2Njt3ddn5GyUOZ6Sr7eAoO8C5T946ZASqujD03HtJsIZsP90PUnYK', NULL, '056327252', 1, 'fernando_971@hotmail.com', NULL, NULL, '930387492', NULL, NULL, NULL, NULL, '975373536', NULL, '2020-03-10 13:31:41', 55, '2020-03-10 09:21:43', '2020-03-10 09:31:41'),
(80, 'Mirkots', 'Mirko', 'Torres', '$2y$10$J7FjZqaNVZYFz685C/xFiOVI1a/1loqb/ZoOIt8FRJ.JmgPct8hWm', NULL, NULL, 1, 'mirosmed@speedy.com.pe', NULL, NULL, NULL, NULL, NULL, NULL, NULL, NULL, NULL, '2020-03-26 16:52:27', 56, '2020-03-26 12:47:40', '2020-03-26 12:52:27'),
(81, 'JORGE', 'JORGE', 'RUIZ', '$2y$10$Mk23dQWNR/49l4uC/aH1MepCmqQeajcaYkqbXQdbZ/IIEk2zRdFue', NULL, NULL, 1, 'ruiz.antonio3232@gmail.com', NULL, NULL, '980529434', NULL, NULL, NULL, NULL, NULL, 'B4IBkdeFpVRbgrxI0zF9qF4N9OWPqU5gQXxiUtbfqUw5haxX5IMCPuLQHeHJ', '2020-04-30 05:09:38', 58, '2020-04-30 01:04:52', '2020-05-12 20:47:36'),
(82, 'ramopi1200@tmajre.com', '1111', '1111111111', '$2y$10$8FjwhguORXCPtl2LXpUkdeCrXEuLn/how0pRi1g6WqrEeG0TPnTqS', NULL, '111111111111111', 1, 'ramopi1200@tmajre.com', NULL, NULL, '111111111', NULL, NULL, NULL, NULL, '1111111111', NULL, '2020-05-05 15:52:07', 59, '2020-05-05 11:47:30', '2020-05-05 11:54:41'),
(83, 'evalderrama', 'Edgar', 'Valderrama', '$2y$10$IjhogM0r/tEO5eX0T/Ahp.eS3H6/q4fJ6oi00XHbdepmWwYyQGRyO', NULL, NULL, 1, 'valderrama311@gmail.com', '3.963', '3.999', '996298011', NULL, 1, NULL, NULL, NULL, 'bZ8VMPHCi2yDQocdFGyLVrNBmWZ71FjTtdBgupf24TWlVSQrTF4tN9TFPFLW', '2020-05-06 18:43:47', 60, '2020-05-06 14:42:01', '2021-07-08 10:40:22'),
(84, 'dydiex', 'MARIA', 'LLATAS', '$2y$10$E9kWaHqOeJ8jmb0C7VE8X.68YE1GzyQ55eK2foFGCszy.aQF5b6W6', NULL, NULL, 1, 'facturacion@dydiex.com', '3.44', '3.459', NULL, NULL, 1, NULL, NULL, NULL, NULL, '2020-05-14 18:52:25', 61, '2020-05-14 14:47:01', '2020-05-14 14:54:33'),
(85, 'Brayan', 'Brayan', 'Prado', '$2y$10$VlXgUEIgsgxRRYB6I5ynQ..216WMB66P1vzC.yxM9TZ2qFdnhx4Ha', NULL, NULL, 1, 'brayan.1803@gmail.com', NULL, NULL, '989539630', NULL, NULL, NULL, NULL, NULL, NULL, '2020-05-17 20:14:37', 62, '2020-05-17 16:12:11', '2020-05-17 16:14:37'),
(86, 'wilson', 'wilson', 'huaquisto', '$2y$10$5jnFFHrHSMAd.qL9KPseMu3btbVr0h0x/hthZVsC1SLi0dl2l3/Li', NULL, NULL, 1, 'wakis1995@gmail.com', NULL, NULL, '910547682', NULL, NULL, NULL, NULL, NULL, 'ORYt42cBymONLvkz0CSoN7fiUfXloU10UchWR1PHViYylpYxlaTjeZ6uNSQf', '2020-07-08 23:59:53', 63, '2020-07-08 18:57:17', '2020-07-08 18:59:53'),
(87, 'yojaida', 'yojaida', 'huaquisto', '$2y$10$vXLaxDzp5lVK1ZJZQAnTYuEI369.B2xiICRnGXEuPL5sw8Rlv3ppW', NULL, NULL, 1, 'yojaida.huaquisto@gmail.com', NULL, NULL, '937538617', NULL, NULL, NULL, NULL, NULL, NULL, '2020-07-09 14:20:28', 64, '2020-07-09 09:16:59', '2020-07-09 09:20:28'),
(88, 'jona', 'jonatan', 'salcedo', '$2y$10$7uBSzmP2adJ/1K9bE0jhK.b0mG6L2B6kqWfbY75XfHwpxmRMwj5T6', NULL, '051204352', 1, 'salcedo515@gmail.com', NULL, NULL, '983929292', NULL, NULL, NULL, NULL, '988171717', NULL, '2020-07-09 16:32:56', 65, '2020-07-09 11:30:53', '2020-07-09 11:32:56'),
(89, 'Anita', NULL, NULL, '$2y$10$kyG4Zy60/o1ML7lk2o4a5.GuXP.NL1jJgz19Mr0K2fnxTB8RnKTne', NULL, NULL, 1, 'horribleoye26@gmail.com', NULL, NULL, NULL, NULL, NULL, NULL, NULL, NULL, NULL, NULL, NULL, '2020-07-10 16:56:22', '2020-07-10 16:56:22'),
(90, 'liniers', NULL, NULL, '$2y$10$f9QQDttpsLKpNWCkNqWzZeZSxFLeU9eirbRr2Mb9ZBl0BEqiPaGwu', NULL, NULL, 1, 'anita@abejareinaperu.com', NULL, NULL, NULL, NULL, NULL, NULL, NULL, NULL, NULL, NULL, NULL, '2020-07-12 13:18:33', '2020-07-12 13:18:33'),
(91, 'YURAK', 'Yuri', 'Aponte', '$2y$10$Dhbz8isCM4FZHoxJWak1YuyGrL8.GrkaoDMonHN01ue9pHIYLwt7O', NULL, NULL, 1, 'yurac@hotmail.com', NULL, NULL, '997561414', NULL, NULL, NULL, NULL, NULL, NULL, '2020-07-18 01:55:25', 66, '2020-07-17 20:53:40', '2020-07-17 20:55:25'),
(92, 'matinho', NULL, NULL, '$2y$10$YuFqCJ3sC7GsQZLzEfpkceF3pGnE8SJA3Ye9PEGisEDjF7f880Fri', NULL, NULL, 1, 'masssss@hotmail.com', NULL, NULL, NULL, NULL, NULL, NULL, NULL, NULL, NULL, NULL, NULL, '2020-07-18 12:50:09', '2020-07-18 12:50:09'),
(93, 'Yuri Aponte', 'Juan', 'Perez', '$2y$10$2e0TM/uv0ZfKoO6g1OydBO3T26jl9yT7gvSq7sw66EwWmq1XDzzMu', NULL, NULL, 1, 'yurac.pe@gmail.com', NULL, NULL, '12345678', NULL, NULL, NULL, NULL, NULL, NULL, '2020-07-19 04:26:35', 67, '2020-07-18 23:14:22', '2020-07-18 23:27:31'),
(94, 'MATIN', NULL, NULL, '$2y$10$wR0QYokctg23YoE6p4Fzme/T.B.PqYvauRBT7pOZRC0B7g5t/1j7e', NULL, NULL, 1, 'matiziliotto1@gmail.com', NULL, NULL, NULL, NULL, NULL, NULL, NULL, NULL, 'qa7AezKx3f1wmSyOmL73YVRXnyA2snaqdTJbbAf8NnGKpPDVlnWRvXwUmmdh', '2022-03-24 23:33:25', NULL, '2020-07-20 12:47:11', '2022-03-24 16:29:59'),
(95, 'Anita', NULL, NULL, '$2y$10$3QsNg47E7t/HENN5/XYDOeCoGoXdrs/eMrvVAg6KziA8BHUEloHUy', NULL, NULL, 1, 'test@gmail.com', NULL, NULL, NULL, NULL, NULL, NULL, NULL, NULL, NULL, NULL, NULL, '2020-07-21 18:45:08', '2020-07-21 18:45:08'),
(96, 'Yuri', NULL, NULL, '$2y$10$M82mcIFQrB0F..gzQy0aT.It5sxymfpyUnCjZY6j..OsPLg2b9Jo6', NULL, NULL, 1, 'yaponte@firstimageperu.com', NULL, NULL, NULL, NULL, NULL, NULL, NULL, NULL, NULL, '2020-07-24 23:18:39', NULL, '2020-07-24 18:16:38', '2020-07-24 18:18:39'),
(97, 'Cathy', NULL, NULL, '$2y$10$dlM0YHhvhflu4CLiWhbs3.0q9NKgbXbLv0Iylve5YRDEOFVggcgJK', NULL, NULL, 1, 'cathy@firstimageus.com', NULL, NULL, NULL, NULL, NULL, NULL, NULL, NULL, NULL, NULL, NULL, '2020-07-31 12:55:18', '2020-07-31 12:55:18'),
(98, 'Lois', 'Luis', 'Rodriguez', '$2y$10$PA79q5iliH8yiwmbg9P/C.Y.FJIADZEDygAgh0nw.T.47aIiEyDqi', NULL, NULL, 1, 'luroga66@hotmail.com', NULL, NULL, '933201448', NULL, NULL, NULL, NULL, NULL, NULL, '2020-08-03 14:38:21', 68, '2020-08-03 09:32:39', '2020-08-03 09:38:21'),
(99, 'SELSA PERU', NULL, NULL, '$2y$10$u/nbJ5025T8pbjZSCcXrsOqQ.cwS9ZiZSkKfpJoz8q2QIW/tQl7FK', NULL, NULL, 1, 'costosypresupuestos.selsa@gmail.com', NULL, NULL, NULL, NULL, NULL, NULL, NULL, NULL, NULL, '2020-08-04 09:42:04', NULL, '2020-08-04 04:41:37', '2020-08-04 04:42:04'),
(100, 'YURAk', NULL, NULL, '$2y$10$ROv.nuCs645m.IBPro3p6.M4bIsUSndEwtMDaFA6Uv4NgUBROUCQq', NULL, NULL, 1, 'atencionalcliente@firstimageperu.com', NULL, NULL, NULL, NULL, NULL, NULL, NULL, NULL, NULL, NULL, NULL, '2020-08-08 13:07:46', '2020-08-08 13:07:46'),
(107, 'LISSI', 'LISBETH', 'SOTO', '$2y$10$M3FAvwJpQRc3cP7DhDSvMepv07pHi.GiviVtRrK4MSlbatpvwxucy', NULL, NULL, 1, 'lis_si_2@hotmail.com', NULL, NULL, '980800990', NULL, NULL, NULL, NULL, NULL, NULL, NULL, 75, '2020-11-12 20:08:28', '2020-11-12 20:11:11'),
(101, 'crevilla', NULL, NULL, '$2y$10$uUWcaWcYgZnTSLtmtwHoiOlaMR7dAH9yn73glhC.EIfCcqzSEb77e', NULL, NULL, 1, 'carlitos-revilla@hotmail.com', NULL, NULL, NULL, NULL, NULL, NULL, NULL, NULL, NULL, NULL, NULL, '2020-09-07 22:15:17', '2020-09-07 22:15:17'),
(102, 'AWPeru', 'Fabio', 'Salame-Cordova', '$2y$10$4HGK7CTD85/uDFAeyx3Nju5BKJTVWFvFfdXou29Abzg7fgbbb8Cqa', NULL, NULL, 1, 'luis.merino@accessworld.com', NULL, NULL, NULL, NULL, NULL, NULL, NULL, NULL, NULL, '2020-09-15 14:56:50', 69, '2020-09-15 09:53:22', '2020-09-15 09:56:50'),
(103, 'Meylin', 'luisa', 'wong', '$2y$10$rQ87EA3iOJxsWxoffwKb5egIQVePvWAYV5oGPdxmvYJpHjBaW.ydC', NULL, NULL, 1, 'Meylin92@hotmail.com', NULL, NULL, '914398897', NULL, NULL, NULL, NULL, NULL, NULL, NULL, 70, '2020-10-06 11:58:40', '2020-10-06 12:03:36'),
(104, 'hvasquez', 'henry', 'vasquez', '$2y$10$Q0FpvWIhegSDFeXLsQlRxuSXgg9ikkZqjJhkDaHIN3hT6fWhslH.6', NULL, NULL, 1, 'miguelhvo@hotmail.com', NULL, NULL, '966823304', NULL, NULL, NULL, NULL, NULL, NULL, '2020-10-24 16:39:45', 71, '2020-10-24 11:36:30', '2020-10-24 11:39:45'),
(105, 'jizaguirre', 'José', 'Izaguirre', '$2y$10$moMFojhzX6NXNCH5Oo3NpOCyxyW1QwCRXWhlOEHlvzxtxp/7MU7zG', NULL, '016242745', 1, 'jose.izaguirre.ab@outlook.com', NULL, NULL, '968908127', NULL, NULL, NULL, NULL, NULL, NULL, '2020-10-29 15:08:11', 72, '2020-10-29 10:05:58', '2020-10-29 10:08:11'),
(106, 'David Nuñovero', 'David', 'Nuñovero', '$2y$10$bVMv8etovBVlRGUFP4KobOIzWLMQ/eO9HnlPgs1m1Z0VdJJFZ8oje', NULL, NULL, 1, 'economist.datascientist@gmail.com', NULL, NULL, '955115799', NULL, NULL, NULL, NULL, NULL, 'iS3Yfe64ppB0r0g6b0nIl7SbULrsHqdSkk8eiaLO3c5x4VkCyfcKvgTkyS86', '2020-10-31 03:02:24', 74, '2020-10-30 21:59:35', '2020-10-30 22:02:24'),
(108, 'paoa', 'Paola', 'Flores', '$2y$10$7V0ZbUGRdhrvFc7M/Mz5qO/ncr42E1S8cGlW5A.tLiYBfICZtp.Xi', NULL, '940159560', 1, 'paola.sfuq@gmail.com', NULL, NULL, '940159560', NULL, NULL, NULL, NULL, NULL, NULL, NULL, 76, '2020-11-17 09:01:48', '2020-11-17 09:03:26'),
(109, 'Ricardo', 'Ricardi', 'Flores', '$2y$10$z7ecyBKF126Gce6E9A3BqeBuz4Rgg6qXwZqavD.gBd39dQEwU1fyS', NULL, NULL, 1, 'ricardoezequiel.floresherrada@gmail.com', '3.615', '3.638', '951791027', NULL, 1, NULL, NULL, NULL, '2jjl5BF0PBAwovh7pg0QUFelU7bvaFoXJ5BFbTEQdH5QUvgLNlL3jJaeUCev', '2020-11-17 15:54:16', 77, '2020-11-17 10:49:29', '2020-11-17 11:21:06'),
(110, 'javier', 'javier', 'villanueva', '$2y$10$rfKCGRTohZYBoqOGN5q6He4yjVBHK3Wxr/0fi9/VvXROsQzXUuOAa', NULL, '997532217', 1, 'javiervillanueva7@gmail.com', NULL, NULL, '997532217', NULL, NULL, NULL, NULL, NULL, '9FQ3SFoQ89eY7a7mvI4dWJeEFjCyeNXpdFp6s62FygjZkDruQ2Qbr2keRaHn', '2020-11-19 06:49:17', 78, '2020-11-19 01:42:10', '2020-11-19 14:38:57'),
(111, 'Felicita', 'Felicita', 'Iturriaga', '$2y$10$3g8Nwa9SrTaOG/WfLd3O4uJW2x.0pVzZLHlI2Kl1lef.hWDrT9cL6', NULL, NULL, 1, 'flitu001@gmail.com', NULL, NULL, '977674875', NULL, NULL, NULL, NULL, NULL, NULL, '2021-01-05 03:07:33', 79, '2021-01-04 22:05:54', '2021-01-04 22:56:30'),
(112, 'Ricki', 'Ricki', 'Anaya', '$2y$10$Jo25t2d4KFfPyxXY9tX2S.p6rCAu5zmxWCZ7OtSZVNsxr.wDYB89.', NULL, NULL, 1, 'rickimartin1993@gmail.com', NULL, NULL, '954922078', NULL, NULL, NULL, NULL, NULL, NULL, '2021-01-08 01:57:04', 80, '2021-01-07 20:53:50', '2021-01-07 20:57:04'),
(113, 'Samy', 'Samuel', 'Sara', '$2y$10$v5DS38HWhxALTof0KAGtOeK2Ign5aR9j7U9bgRpVqPOlupo5/NJty', NULL, NULL, 1, 'samuel.sr2503@gmail.com', NULL, NULL, '993026980', NULL, NULL, NULL, NULL, NULL, NULL, '2021-01-27 19:24:42', 81, '2021-01-27 14:24:01', '2021-01-27 14:27:15'),
(114, 'RITA', 'RITA', 'BRICEÑO', '$2y$10$gfz1boHsuq1cUgFWa68l2O5K8P3Sox1hFJiSExikjrO7cNhbiiLey', NULL, NULL, 1, 'rita24_brice@yahoo.com', NULL, NULL, '940006584', NULL, NULL, NULL, NULL, NULL, NULL, '2021-02-09 00:14:05', 82, '2021-02-08 19:11:14', '2021-02-08 19:14:05'),
(115, 'Isra', 'Yuri', 'Ortega', '$2y$10$ZkCnDoYg39xkMy6NOwGRhehcjnbml2Dedlo8wil12MraZ8/ztS3ha', NULL, NULL, 1, 'import_farc1@hotmail.com', NULL, NULL, '920278806', NULL, NULL, NULL, NULL, NULL, NULL, '2021-02-10 14:49:02', 83, '2021-02-10 09:40:56', '2021-02-10 09:49:02'),
(116, 'Ken', 'Kenyi', 'Morales', '$2y$10$EILcUUUzY/1jROpfpjGd3OFhbxYiYtBuoGmz3LU6YPfJyD2F8A05G', NULL, NULL, 1, 'kenyi2000_alex@yahoo.com', NULL, NULL, '971250124', NULL, NULL, NULL, NULL, NULL, NULL, '2021-02-27 03:41:25', 84, '2021-02-26 22:35:23', '2021-02-26 22:41:25'),
(117, 'RENZITO', 'RENZO', 'SALINAS', '$2y$10$ddIWDtpTUrFBilU5UD7y6eYllassOlumtUJnmffzie/.OvIhGiswW', NULL, NULL, 1, 'renzito.r4ndu@gmail.com', NULL, NULL, '932930094', NULL, NULL, NULL, NULL, NULL, NULL, '2021-03-01 12:44:26', 85, '2021-03-01 07:38:46', '2021-03-01 07:48:55'),
(118, 'ALBERT', 'JOHN CHRISTIAN', 'TORRES', '$2y$10$uecg/cFLm0vxjjvpJApz.eKnL/4mKk6W82uuxeTnkRXlr2HJeSYrS', NULL, NULL, 1, 'autopartservicio@gmail.com', NULL, NULL, '914394386', NULL, NULL, NULL, NULL, NULL, '84EblSkbcYzbvoFxKVTGWfdMlqgbCKa2Lz6YeqjxmRmBmsliVrddYSbE1laE', '2021-03-01 22:38:09', 86, '2021-03-01 17:19:54', '2021-03-01 17:38:09'),
(119, 'Rodrigo Velit Davila', 'Percy', 'Velit', '$2y$10$R8UcNCOdWcjoq.sM9JkpL.Sxz/V2DNjXFjRE/AkPkdgwtTE6BtbWi', NULL, NULL, 1, 'rodrigo.velit2012@gmail.com', NULL, NULL, '947248708', NULL, NULL, NULL, NULL, NULL, NULL, '2021-03-11 18:43:19', 87, '2021-03-11 13:36:26', '2021-03-11 13:43:19'),
(120, 'caballo de fuego', 'FORTUNATO', 'RIOS', '$2y$10$ds16MrN3m1zSP4QDX09/EeRqh0DWzzdCG5sjRUIhbuX.RWno6cRqy', NULL, NULL, 1, 'fuegocaballosde@gmail.com', NULL, NULL, '990300267', NULL, NULL, NULL, NULL, NULL, NULL, NULL, 88, '2021-03-17 14:44:30', '2021-03-17 14:46:39'),
(121, 'aki chan', NULL, NULL, '$2y$10$R.gU82k6HzA.Iz0GGwQLLO22.QOVhg6pd5WzHDfBzQ4fQrjEBGOzi', NULL, NULL, 1, 'akichan@yepmail.co', NULL, NULL, NULL, NULL, NULL, NULL, NULL, NULL, NULL, NULL, NULL, '2021-04-01 02:20:08', '2021-04-01 02:20:08'),
(122, 'GRT25', 'Giancarlo', 'Ronceros', '$2y$10$JrcaHJz0LSjvlKsUVup0zOq9GLfsj.MQoMYZFai2WJcOTJB1k0yva', NULL, '014342822', 1, 'groncerost@outlook.com', NULL, NULL, '949532018', NULL, NULL, NULL, NULL, NULL, NULL, '2021-04-06 22:57:25', 89, '2021-04-06 17:51:30', '2021-04-06 17:57:25'),
(123, 'LEISY', 'leisy', 'landauro', '$2y$10$1TETcuQRWNlPrY96TiXfIubgvOrPEr1t.D6WLYVxc7EpAPXfMUtke', NULL, NULL, 1, 'llandauro@veamax.com', NULL, NULL, NULL, NULL, NULL, NULL, NULL, NULL, NULL, '2021-04-07 19:09:28', 90, '2021-04-07 14:08:07', '2021-04-07 14:09:28'),
(124, 'Cinthia Vanessa', 'CINTHIA', 'HUAMAN', '$2y$10$PSsidV0.aNb.btYVMciM.OnyjvCMbvR1xoLtaorxdw.abFXxuipsG', NULL, NULL, 1, 'cvhalvarez@gmail.com', NULL, NULL, NULL, NULL, NULL, NULL, NULL, NULL, 'gMxRsXj3P67px0kPgRdiR4uwrl7oYwTeT1FwE0PTpKtVlcBbG7C0eGUtL4TU', '2021-04-21 06:26:07', 91, '2021-04-21 01:22:47', '2021-04-22 13:42:43'),
(125, 'Navarrete', 'Martin', 'Sanca', '$2y$10$V3eLGi4JLTUVK.Env2fQveFT3wtjt3FDijfM9yW7RcsbuWFB/6RBO', NULL, NULL, 1, 'plast_navarrete@hotmail.com', NULL, NULL, NULL, NULL, NULL, NULL, NULL, NULL, 'gxn1kTg2OA2Mpm6qUO090ktripyJYIoOl6SiGHf8mjpKYEGPCCf1IPSxGRNt', '2021-05-31 14:14:55', 92, '2021-05-31 09:10:48', '2021-05-31 09:14:55'),
(126, 'Sisy', 'HILDA', 'ESPINOZA', '$2y$10$dnk0S9Ez0yEb5XiG0AueY.BKgU8H96kwBrtGLyIGJC0AzJ1MJwhkm', NULL, '990513114', 1, 'ceciliaespinoza.asesorcontable@hotmail.com', '3.945', '3.97', '990513114', NULL, 1, NULL, NULL, '998728577', NULL, '2021-07-06 16:10:34', 93, '2021-07-06 11:08:51', '2021-07-06 11:16:48'),
(127, 'Jose', 'Jose', 'Salazar', '$2y$10$cMISrQrZu1a2wUGP17WI7.bVq4PxcGUiypgTV/YHJOr/a8V29/Lhu', NULL, NULL, 1, 'jsalazar@tlsac.pe', NULL, NULL, '989109680', NULL, NULL, NULL, NULL, NULL, 'ayCSCbThFCn3ajBVNH8HlsOcbppv0pr9031bYzgvNLWiUS7jTQjaPeIVmsZA', '2021-07-16 16:11:02', 94, '2021-07-16 11:08:42', '2021-07-16 11:11:02'),
(128, 'JENNIFER', NULL, NULL, '$2y$10$xHh.j89maerVyslfH0wdR.RdiJAztYji1fXDOLKk0GxOnFCkZdb.C', NULL, NULL, 1, 'jylh_0612@hotmail.com', NULL, NULL, NULL, NULL, NULL, NULL, NULL, NULL, NULL, NULL, NULL, '2021-07-19 18:36:13', '2021-07-19 18:36:13'),
(129, 'angelica', NULL, NULL, '$2y$10$sDYkbL6M9WioQ05./alLSu8Yyxa4KSpcAURR9rmKsjs022kGM2T3y', NULL, NULL, 1, 'jylh061292@gmail.com', NULL, NULL, NULL, NULL, NULL, NULL, NULL, NULL, NULL, NULL, NULL, '2021-07-19 18:37:50', '2021-07-19 18:37:50'),
(130, 'nicole', 'nicole', 'perez', '$2y$10$WaCiFPVDgfLn7F5XeZuGgunrfHqs4dtuPOSRfcjyK1BFZOiyE7kyS', NULL, '5555555', 1, 'nicole96pr@gmail.com', NULL, NULL, '989012143', NULL, NULL, NULL, NULL, NULL, NULL, '2021-07-19 23:41:16', 95, '2021-07-19 18:39:29', '2021-07-19 18:41:16'),
(131, 'alcachofita', 'Natalia', 'Tello', '$2y$10$OcH3IZ.G9DBz2ApXRXIhhu7DTXMdVM6xVe.zWCR7jDZ.bIP7T9c42', NULL, NULL, 1, 'chofi3987@gmail.com', NULL, NULL, '994189174', NULL, NULL, NULL, NULL, NULL, NULL, '2021-07-22 02:57:32', 96, '2021-07-21 21:56:21', '2021-07-21 21:57:32'),
(132, 'ANDREA', 'ANDREA', 'GALLO', '$2y$10$tGkSf2uYBoH8SyyhvTAY2uqTQ.UXRQS6mR5CTFT0OgFZw.qedktHm', NULL, NULL, 1, 'andrea.gj969@gmail.com', NULL, NULL, '941381973', NULL, NULL, NULL, NULL, NULL, NULL, '2021-07-30 13:15:48', 97, '2021-07-30 08:14:00', '2021-07-30 08:15:48'),
(133, 'Clelia Reyes Barreto', 'Carmen', 'Merino', '$2y$10$AOlbpcIIt5k9vuTWx7GvIebyaQCVf7DdMSi0NyX2n5YzeyifSQmWm', NULL, NULL, 1, 'creyes@cmcentauro.com', NULL, NULL, NULL, NULL, NULL, NULL, NULL, NULL, NULL, '2021-08-02 19:16:35', 98, '2021-08-02 14:04:27', '2021-08-02 14:16:35'),
(134, 'Ruben Ortega', 'DEYANIRA', 'ORTEGA', '$2y$10$ekL9ZWv1IcQQQuN0HxzTVOTcKBnlPE7XEVLcIcysI8cvHvD4b6nQS', NULL, NULL, 1, 'gerencia@garu.pe', NULL, NULL, NULL, NULL, NULL, NULL, NULL, NULL, NULL, '2021-08-13 00:21:59', 99, '2021-08-12 19:18:52', '2021-08-12 19:21:59'),
(135, 'Princess', NULL, NULL, '$2y$10$JXsKWjnjPIvVYsYgapPKOOn3Gcii6Shc1355H13J3ao.hCE2AeXu.', NULL, NULL, 1, 'eeriosv@gmail.com', NULL, NULL, NULL, NULL, NULL, NULL, NULL, NULL, NULL, NULL, NULL, '2021-08-24 10:13:55', '2021-08-24 10:13:55'),
(136, 'Perchavo', 'Piero', 'Palacios', '$2y$10$4vKf1Ud7j1.yshLuy6/RautSXqJtMrDw6KWMqSsl.xa4ycYR.2KRu', NULL, NULL, 1, 'piero.palacios80@gmail.com', NULL, NULL, NULL, NULL, NULL, NULL, NULL, NULL, NULL, '2021-08-27 18:19:14', 100, '2021-08-27 13:16:20', '2021-08-27 13:19:14'),
(137, 'Clelia Reyes Barreto', 'Clelia', 'Reyes', '$2y$10$cx7UZ/YVXdOGQDoiNn.8RetJEQZbYAlDpq7AC9LVQQZYfju4FqaGy', NULL, NULL, 1, 'clelia_reyes@hotmail.com', NULL, NULL, '999206180', NULL, NULL, NULL, NULL, NULL, 'BXdgbWcGbwdNs5C06B0hlwKsL7Wozgz92WVqefNCXZHadCyIkkdTpiCnew5U', '2021-09-06 19:27:34', 101, '2021-09-06 13:54:26', '2021-09-06 14:27:34'),
(138, 'Gatos3', 'FORTUNATO', 'RIOS', '$2y$10$/Hm6hnike3tjRoQMAIBkXuta.a6XctJJmHR2s0SwyslZUtmJqDmEK', NULL, NULL, 1, 'angielozada2801@gmail.com', NULL, NULL, NULL, NULL, NULL, NULL, NULL, NULL, NULL, '2021-09-16 20:42:02', 102, '2021-09-16 15:29:53', '2021-09-16 15:42:02'),
(139, 'caballo de fuego', 'FORTUNATO', 'RIOS', '$2y$10$r14j8G8bdKY06Vha9ysKA.d/XqrMQldjhFVG6th0yrf5MRuO3CweG', NULL, '990300267', 1, 'caballodefuego@hotmail.com', NULL, NULL, '990300267', NULL, NULL, NULL, NULL, NULL, NULL, NULL, 103, '2021-09-17 09:36:09', '2021-09-17 09:37:46'),
(140, 'rosa', 'ROSA', 'MERCADO', '$2y$10$aHSHnjHGCCBQAIcsJOsIuOcVOH0iqGLGN4qFu2nvecw5laFYAPW9i', NULL, NULL, 1, 'rosangelica22@hotmail.com', NULL, NULL, '963126058', NULL, NULL, NULL, NULL, NULL, NULL, '2021-10-02 16:38:27', 104, '2021-10-02 11:33:46', '2021-10-02 11:38:27'),
(141, 'Gatos3', 'JESUS', 'GARCIA', '$2y$10$HxHA4WLaxlN4fPzTEuPe/OOGdq6kWYEkA5sy1xVto2mUm7/EnvVC6', NULL, NULL, 1, 'vstore615@gmail.com', NULL, NULL, '990300264', NULL, NULL, NULL, NULL, NULL, NULL, NULL, 105, '2021-10-11 18:48:55', '2021-10-12 08:24:27'),
(142, 'Nik0204', 'Jose', 'Montoya', '$2y$10$bH57xcrojzi4DpgT41Jveu2NmHRaDJFpR2l7sINCKZyszsInFIbt2', NULL, NULL, 1, 'joze60@outlook.es', NULL, NULL, '992646065', NULL, NULL, NULL, NULL, NULL, NULL, '2021-10-29 12:40:25', 106, '2021-10-29 07:37:59', '2021-10-29 07:40:25'),
(143, 'Gianina Allison', 'gianina', 'allison', '$2y$10$5EnJ2rtAGOCUEmE6RBOLbuAMBjYev.ziMUzOc96x/QJghalBL8YpC', NULL, '900954763', 1, 'allisongianina@gmail.com', NULL, NULL, '900954763', NULL, NULL, NULL, NULL, NULL, NULL, '2021-11-08 20:00:02', 107, '2021-11-08 14:36:19', '2021-11-08 15:00:02'),
(144, 'Hermes', 'Hermes', 'Perez', '$2y$10$njISsXDCVrbHpTAgGtNPE.C7SUIZ1sWHQixF3fVePJzE22RQWxgzm', NULL, NULL, 1, 'joheperg17@gmail.com', NULL, NULL, '985725577', NULL, NULL, NULL, NULL, NULL, 'LNmXhUSgjwvo05y7oZIBxAo7UItiaiF6HacorI7lUKUJbykCfGi4UzNa5G7R', NULL, 108, '2021-12-06 11:01:43', '2021-12-06 11:03:10'),
(145, 'Darwin', 'Darwin', 'Villanueva', '$2y$10$eI3YB1dV6FG.XQ1L1wPD/Oy/ZUQOucLGfFVnX32DlNTtAnghCbb2O', NULL, NULL, 1, 'villanuevavalverdedarwin@gmail.com', NULL, NULL, '994627900', NULL, NULL, NULL, NULL, '994627900', 'JQ4HH7CvrSXmq5wxwfTaPAGEqTP97G8ck34aS2HTAt6FYfDFE51bQZbabFu8', '2021-12-28 04:57:14', 109, '2021-12-27 23:53:38', '2021-12-27 23:57:14'),
(146, 'Noldin', 'Noldin', 'Mas', '$2y$10$V57gu9SvuO4oN/vL1yWsaeDYF5lPvJHHrrKsktT7MX3Xy5.hBRRNO', NULL, '958491283', 1, 'ing.noldin@gmail.com', NULL, NULL, '958491283', NULL, NULL, NULL, NULL, '946223565', 'qqEigTfKPFOkqy1fxkAa1fSeMV1tyB61BJ8Sb5ICFQ2G21bSdZhKq0LNFnto', '2022-01-11 18:39:23', 110, '2022-01-11 13:36:33', '2022-01-11 16:52:14'),
(147, 'Adri Urs', 'Adriana', 'Rodríguez', '$2y$10$chI3q7H4rdti5sbMRwVqZ.xMypvV6iR.EOX2TXvVuTSmdXUrDMTZK', NULL, '2554240', 1, 'adrianarodvelit@hotmail.com', NULL, NULL, '949856532', NULL, NULL, NULL, NULL, NULL, NULL, '2022-01-18 22:02:58', 111, '2022-01-18 17:00:00', '2022-01-18 17:02:58'),
(148, 'Nancy Flores', 'Nancy', 'Flores', '$2y$10$yCXWEWoxQt2rA0wwRNwKVeDtpOY9AfTD/lZO8TESBaL4sAuWg02NW', NULL, NULL, 1, 'safyro17.nf@gmail.com', NULL, NULL, '915345006', NULL, NULL, NULL, NULL, NULL, NULL, '2022-03-02 12:05:31', 112, '2022-03-02 07:04:02', '2022-03-02 07:05:31'),
(149, 'Eymi', NULL, NULL, '$2y$10$/vq9fj1KVuQIq0fF.N7IKedWOI/6t.gw0n45PRN8YPRS9p4sakHCG', NULL, NULL, 1, 'eenriquezy@gmail.com', NULL, NULL, NULL, NULL, NULL, NULL, NULL, NULL, 'ffpnJGErlvcAun1tWrjG7whkW3Y7cLHou5q6NE5r7Y361H8vfr2f6wzq6xxE', NULL, NULL, '2022-03-21 18:42:01', '2022-05-13 17:09:18'),
(150, 'abc', 'EYMI', 'ENRIQUEZ', '$2y$10$cv9O.qBw1sS2jEsgnBmM0eN..hm7YkoBDF.xIdrbOWmELm3xqnAeW', NULL, '992271141', 1, 'abcpruebas2022@gmail.com', NULL, NULL, NULL, NULL, NULL, NULL, NULL, NULL, NULL, '2022-03-22 16:26:01', 113, '2022-03-22 11:24:29', '2022-03-22 11:29:35'),
(151, 'eymi2', 'EYMI', 'ENRIQUEZ', '$2y$10$eSlQDA2wv/6vfWTgpVeU5OGpdlLtd1IMDf.HNLlosS.R.UbhxmRKO', NULL, NULL, 1, 'yep130990@gmail.com', NULL, NULL, NULL, NULL, NULL, NULL, NULL, NULL, NULL, '2022-03-23 21:35:36', 114, '2022-03-22 11:30:57', '2022-03-23 16:35:36'),
(152, 'eymi3', NULL, NULL, '$2y$10$UwIlPmYd5k3sc3gk4j.MqeIJw0y9hp63FvG5wi9g1SgG1NOYmlqEa', NULL, NULL, 1, 'eymi.enriquezyep@gmail.com', NULL, NULL, NULL, NULL, NULL, NULL, NULL, NULL, NULL, NULL, NULL, '2022-03-22 11:59:49', '2022-03-22 11:59:49'),
(153, 'EymiE', NULL, NULL, '$2y$10$zg3d2eUrdqNxYcYFfjy/Yun58Wc48UYZ5v6KIeRe7YrKKAudpC6L.', NULL, NULL, 1, 'glomi0409@gmail.com', NULL, NULL, NULL, NULL, NULL, NULL, NULL, NULL, 'jv6se5LJlAff2xJc7ifoO38kQiM3RHJMjtuEsX4Tp9ZnezILnoI1kGlpLaAa', NULL, NULL, '2022-03-23 16:36:19', '2022-05-13 17:07:50'),
(154, 'JEGAR777', NULL, NULL, '$2y$10$QmOycaoZceG7u.U48WJ8C.AEAdaTEG5kdV2Psdl5mAVn8KgJF.6ru', NULL, NULL, 1, 'JEGAR056@GMAIL.COM', NULL, NULL, NULL, NULL, NULL, NULL, NULL, NULL, NULL, NULL, NULL, '2022-03-29 12:33:58', '2022-03-29 12:33:58'),
(155, 'vstore', 'JESUS', 'GARCIA', '$2y$10$vR574OEx/JB.UMtnMdt3e.uq5h7.WI4tPFqN5nZI9KtAf33SqRHHa', NULL, NULL, 1, 'storevictoria41@gmail.com', NULL, NULL, NULL, NULL, NULL, NULL, NULL, NULL, NULL, '2022-03-29 18:01:08', 115, '2022-03-29 12:41:35', '2022-03-29 14:10:02'),
(156, 'xxrene757', NULL, NULL, '$2y$10$sTkS0WQg3IDKGdqv5wdlJ.m.gBqJGyrLsDH6SJYfBrC89L/8XwpB2', NULL, NULL, 1, 'xxrene757@gmail.com', NULL, NULL, NULL, NULL, NULL, NULL, NULL, NULL, NULL, NULL, NULL, '2022-04-03 11:05:57', '2022-04-03 11:05:57'),
(157, '17971970', 'Karina', 'Alvarado', '$2y$10$.TOa5rQn5ZOkv9iJLy6ifuUKtVlq7iIBGWRiz4UlAjySLKkMcxT8q', NULL, '920404930', 1, 'Karinaflower1611@gmail.com', NULL, NULL, '920404930', NULL, NULL, NULL, NULL, '968151100', NULL, '2022-04-06 11:59:19', 117, '2022-04-06 06:50:40', '2022-04-06 06:59:19'),
(158, 'Moisés Valera', 'MIKE', 'VALERA', '$2y$10$eiDkACH529LkOdCbdb9Y3.7SHDNBIJgoQt4FBSloqs6.9yMrFCaJG', NULL, '983573144', 1, 'mosses1019@hotmail.com', NULL, NULL, NULL, NULL, NULL, NULL, NULL, NULL, NULL, '2022-04-10 18:27:00', 118, '2022-04-10 13:16:04', '2022-04-10 15:58:38'),
(159, 'Juan', NULL, NULL, '$2y$10$9ACFHUxwp1DvYPJpRDPdKePRuqyu4CBKKWR1YRZWxyWJDW7q1z7Qi', NULL, NULL, 1, 'juanfigueroa23428@gmail.com', NULL, NULL, NULL, NULL, NULL, NULL, NULL, NULL, NULL, NULL, NULL, '2022-04-15 22:56:24', '2022-04-15 22:56:24'),
(160, 'elchiny', NULL, NULL, '$2y$10$scebB6CmgA74CbkC4O2jp.6FkcJYJVC3aSQV3wLyYkwxS90Ti3y7K', NULL, NULL, 1, 'aramayoi831@gmail.com', NULL, NULL, NULL, NULL, NULL, NULL, NULL, NULL, NULL, NULL, NULL, '2022-04-23 14:42:41', '2022-04-23 14:42:41'),
(161, 'Yadiel', NULL, NULL, '$2y$10$qGh.uQcrFjdPiF0Fbr1hy.4SOn1yC/l1gv.9vhA2//x1MwA/q2S/K', NULL, NULL, 1, 'Yadiel.mesa@nauta.cu', NULL, NULL, NULL, NULL, NULL, NULL, NULL, NULL, NULL, NULL, NULL, '2022-04-24 10:34:33', '2022-04-24 10:34:33'),
(162, 'moreaaca18', NULL, NULL, '$2y$10$F7rKq.BbGHRhguZ/2DmmVuAT/.N.DNCT3N0IdQjxtgPktxtEFKfB6', NULL, NULL, 1, 'moreaaca18@gmail.com', NULL, NULL, NULL, NULL, NULL, NULL, NULL, NULL, NULL, NULL, NULL, '2022-04-25 13:23:36', '2022-04-25 13:23:36'),
(163, 'PAMELA ESCOBEDO', 'PAMELA', 'ESCOBEDO', '$2y$10$75CYoImWe/4zRNaXzNmplu6eaoVdMh7dXoNa3HEmVgBSTYxvMXmP2', NULL, '962366435', 1, 'p.escobedo410@gmail.com', NULL, NULL, '962366435', NULL, NULL, NULL, NULL, NULL, '8BJ9Kjd5YkCCK2yKutpuxtVJYkJcia9sF1c6WAOJYKSiCayM3hbMZoTffyZP', '2022-04-25 23:10:05', 120, '2022-04-25 18:02:44', '2022-05-02 01:00:31'),
(164, 'FRANCESCA ESCOBEDO', NULL, NULL, '$2y$10$PUlZD860NHRfJ7l/6KpJRuwPtgFekTv1wHBUWwk5Of9a9PUQV4.CC', NULL, NULL, 1, 'a20201543@pucp.edu.pe', NULL, NULL, NULL, NULL, NULL, NULL, NULL, NULL, NULL, NULL, NULL, '2022-04-26 23:45:20', '2022-04-26 23:45:20'),
(165, 'MARIA DEL PILAR SEGURA', NULL, NULL, '$2y$10$eS2G5NuTSyVwf/XhoneaLOHpKI8qXAl8feXlBHKqI.Zs9H77Ch.mC', NULL, NULL, 1, 'despegarlaw@gmail.com', NULL, NULL, NULL, NULL, NULL, NULL, NULL, NULL, NULL, NULL, NULL, '2022-04-26 23:53:56', '2022-04-26 23:53:56'),
(166, 'bereniceclaudioa', NULL, NULL, '$2y$10$/opjGJ9B7kXR//DgWhtF/eRfZ5B1fiYMB5Gvd3WMBJ78gJn8w.v3i', NULL, NULL, 1, 'bereniceclaudioapaza05@gmail.com', NULL, NULL, NULL, NULL, NULL, NULL, NULL, NULL, NULL, NULL, NULL, '2022-05-01 03:08:47', '2022-05-01 03:08:47'),
(167, 'Ale890', NULL, NULL, '$2y$10$dOjTTSOU3Noppu/ojsQa6O1WI3aHR4paEoo7slCt1jXpe6SjubBjm', NULL, NULL, 1, 'serrattonicolas51@gmail.com', NULL, NULL, NULL, NULL, NULL, NULL, NULL, NULL, NULL, NULL, NULL, '2022-05-02 21:24:17', '2022-05-02 21:24:17'),
(168, 'Carola', NULL, NULL, '$2y$10$1TIiu904bC/oVYFox/i9bOf5mkTg2TinNNy26TYsovu4CD/w21sea', NULL, NULL, 1, 'carolapetavill@gmail.com', NULL, NULL, NULL, NULL, NULL, NULL, NULL, NULL, NULL, '2022-05-04 21:03:33', NULL, '2022-05-04 15:48:02', '2022-05-04 16:03:33'),
(169, 'martolioerika', NULL, NULL, '$2y$10$o/x14cFwx6j2yjbmL6jYs.eJ/QgaNQOytEcT4e8KL7p5LDUChuKZK', NULL, NULL, 1, 'martolioerika1996@gmail.com', NULL, NULL, NULL, NULL, NULL, NULL, NULL, NULL, NULL, NULL, NULL, '2022-05-05 08:04:35', '2022-05-05 08:04:35'),
(170, 'teresa', NULL, NULL, '$2y$10$Ubdu.o366FcCT0LsOghsnePqugptTTxlp7pFX0O7.x7HFsxsudlWG', NULL, NULL, 1, 'jescob410@gmail.com', NULL, NULL, NULL, NULL, NULL, NULL, NULL, NULL, NULL, NULL, NULL, '2022-05-11 21:24:26', '2022-05-11 21:24:26'),
(171, 'Matías', NULL, NULL, '$2y$10$kzmL7RX1BQnlhTPiWN9wT..q8wA6lrHvC78IkI1sMdt9PzmJUAIHe', NULL, NULL, 1, 'matias592@hotmail.com', NULL, NULL, NULL, NULL, NULL, NULL, NULL, NULL, NULL, NULL, NULL, '2022-05-15 14:38:12', '2022-05-15 14:38:12'),
(172, 'maria', 'MARIA', 'COBEÑAS', '$2y$10$DKTfSg/d.hHzGraBs7kVxelbanlIipiaXYfIcZcsVu/TzTE9Pwx7O', NULL, NULL, 1, 'mapii.cv@gmail.com', NULL, NULL, '944083696', NULL, NULL, NULL, NULL, NULL, NULL, '2022-05-17 22:11:01', 121, '2022-05-17 14:43:54', '2022-05-17 17:11:01'),
(173, 'Gomez Gaston', NULL, NULL, '$2y$10$FLWxL6vG/sK5XuvlCMx3aOJw1RGbK6ZhNOTIJlYVtgGfzSzAThUnK', NULL, NULL, 1, 'zoestefania1983@gmail.com', NULL, NULL, NULL, NULL, NULL, NULL, NULL, NULL, NULL, '2022-05-18 16:08:01', NULL, '2022-05-18 11:06:52', '2022-05-18 11:08:01'),
(174, 'conalisachiclayo@gmail.com', 'VICTOR', 'LI', '$2y$10$jNtmihfdTWjmZOaRuwsCueqe3lPZC.WB73QzF0dqHArteh6W7E/g2', NULL, NULL, 1, 'conalisachiclayo@gmail.com', NULL, NULL, NULL, NULL, NULL, NULL, NULL, NULL, NULL, '2022-05-19 02:21:51', 122, '2022-05-18 21:20:21', '2022-05-18 21:26:46'),
(175, 'K.coriariass', 'KEVIN', 'CORI', '$2y$10$R0r2JDd6QpV4ENAIONyBZ.Q69aAeJDY3FXZKltp6OD0Rtkz.Xr5fy', NULL, '939180925', 1, 'coriarias.k@gmail.com', NULL, NULL, '939180925', NULL, NULL, NULL, NULL, NULL, NULL, '2022-05-22 17:18:47', 123, '2022-05-22 11:23:02', '2022-05-22 12:18:47'),
(176, 'NICOLASCHAMORRO22', NULL, NULL, '$2y$10$gWBMIQqnXSMv/qrxlSwTSOHjoRvKRLxDMxLOrWZhZ2p8/oO1h78E6', NULL, NULL, 1, 'nicolaschamorro68@gmail.com', NULL, NULL, NULL, NULL, NULL, NULL, NULL, NULL, NULL, NULL, NULL, '2022-05-25 11:58:14', '2022-05-25 11:58:14'),
(177, '981960227', 'FRANGIL', 'SABOYA', '$2y$10$0EyWt9Sha1kQkCvm/iv/teMqdju5sggYXS7Y5mfrfljswXoiq2sQW', NULL, NULL, 1, 'ftomorrowland.100@gmail.com', NULL, NULL, '968256451', NULL, NULL, NULL, NULL, NULL, NULL, '2022-05-26 03:24:23', 125, '2022-05-25 22:20:43', '2022-05-25 22:24:23'),
(178, 'Cely2223', NULL, NULL, '$2y$10$8gq5Mxq8knPz0yJGk1wBROkiPk5JwdVfjk7FJlPFy7bd6wnlnKCCm', NULL, NULL, 1, 'ariana33-22@hotmail.com', NULL, NULL, NULL, NULL, NULL, NULL, NULL, NULL, NULL, NULL, NULL, '2022-05-26 18:17:44', '2022-05-26 18:17:44'),
(179, 'Benjaiker2724', NULL, NULL, '$2y$10$95HdXQ3Z4.N.HnCbi7dOA.DZGsZH6drzmCd7forv7gDj..Ge4tsKO', NULL, NULL, 1, 'brenquilmes2010@live.com', NULL, NULL, NULL, NULL, NULL, NULL, NULL, NULL, NULL, NULL, NULL, '2022-05-30 16:02:43', '2022-05-30 16:02:43'),
(180, 'Oscar123', NULL, NULL, '$2y$10$F7N.DYIPdxogTdUySbUwwelUMDXJemGa/o1zlZDiJ/Hd8cMQOVtC.', NULL, NULL, 1, 'klismarchavez55@gmail.com', NULL, NULL, NULL, NULL, NULL, NULL, NULL, NULL, NULL, NULL, NULL, '2022-06-03 04:41:52', '2022-06-03 04:41:52'),
(181, 'Harry', 'HARRy', 'DIAZ', '$2y$10$4IK15QGXtzTNQKZwOPkv2uAQ8Yc/DuTF584fRGzdUSOQVjLj6kNFK', NULL, NULL, 1, 'harrydiaz796@gmail.com', NULL, NULL, '977172656', NULL, NULL, NULL, NULL, NULL, NULL, '2022-06-24 17:56:46', 127, '2022-06-24 12:52:50', '2022-06-24 12:56:46'),
(182, 'Dmcrew00', NULL, NULL, '$2y$10$KyybjcJezutgYgmU2/iYzO5wDhSgawAePHAinIF4cjwVQndH87KSm', NULL, NULL, 1, 'Dragonary19021997@gmail.com', NULL, NULL, NULL, NULL, NULL, NULL, NULL, NULL, NULL, NULL, NULL, '2022-07-06 14:12:15', '2022-07-06 14:12:15'),
(183, 'CENTROQUIMICA', NULL, NULL, '$2y$10$fJl8Nl6Q04Vfh7Yk.bi8FOUWSgO76nfUDzTKugK6n.pZLeuQ96Wkq', NULL, NULL, 1, 'finanzas@centroquimica.com', NULL, NULL, NULL, NULL, NULL, NULL, NULL, NULL, NULL, NULL, NULL, '2022-07-08 15:34:36', '2022-07-08 15:34:36'),
(184, 'Mary', NULL, NULL, '$2y$10$tdDRIln0N3GEldTug.UkSOSLRvtVuOKUii7sT9kLgZL7X18zIjAJu', NULL, NULL, 1, 'marivelpereda96@gmail.com', NULL, NULL, NULL, NULL, NULL, NULL, NULL, NULL, NULL, NULL, NULL, '2022-07-14 17:29:49', '2022-07-14 17:29:49'),
(185, 'Juan Gabriel Lucero', 'Juan', 'Lucero', '$2y$10$K25FBMkC1JjrhNFgMqSJtOpkxJZVZA0kV0LcE0fczIPNCB63iJ/QC', NULL, '2664930848', 1, 'gabriellucero2801@gmail.com', NULL, NULL, NULL, NULL, NULL, NULL, NULL, NULL, NULL, '2022-07-17 19:30:52', 130, '2022-07-17 14:23:39', '2022-07-17 14:30:52'),
(186, 'jhoss22', 'JHOSSELYN', 'CAMPOS', '$2y$10$2dowCaPbgaocQifCXEo8tup3Pb9D2L/QzkoaJCf8TdCtjri9ipHCS', NULL, NULL, 1, 'campos.2209@hotmail.com', NULL, NULL, '986924510', NULL, NULL, NULL, NULL, NULL, NULL, NULL, 131, '2022-07-17 17:36:59', '2022-07-17 17:40:13'),
(187, 'Bro', NULL, NULL, '$2y$10$tehtAzq6ngsfCwJHcLHT4.nsqLaUM76fle4p8zlnbcVhn5joJq5Ri', NULL, NULL, 1, 'canmingenieros@gmail.com', NULL, NULL, NULL, NULL, NULL, NULL, NULL, NULL, NULL, NULL, NULL, '2022-07-21 12:05:21', '2022-07-21 12:05:21'),
(188, 'katiuskafloresg', NULL, NULL, '$2y$10$eopylr1y6vKQymPvvfNfreJl0IMdQnVrivzzlycVBQceDHklX6je.', NULL, NULL, 1, 'katiuskafloresgarcia@gmail.com', NULL, NULL, NULL, NULL, NULL, NULL, NULL, NULL, NULL, NULL, NULL, '2022-08-02 14:17:26', '2022-08-02 14:17:26'),
(189, 'Milita', NULL, NULL, '$2y$10$vOKh/uun8Z58Hz9rMIE.PuYyBi8ClE1CAWnWVHfdpN5GrDClFCFLu', NULL, NULL, 1, 'dmilagrosjudit@gmail.com', NULL, NULL, NULL, NULL, NULL, NULL, NULL, NULL, NULL, NULL, 136, '2022-08-09 17:22:43', '2022-08-09 17:33:33'),
(190, 'jose samanez', NULL, NULL, '$2y$10$OA5N6Bhu/r1jzEH3AoFL9Oe.0jCKsLhPdF8Dhc1r298jTMZ6ff66.', NULL, NULL, 1, 'j.samanez@hotmail.com', NULL, NULL, NULL, NULL, NULL, NULL, NULL, NULL, NULL, NULL, NULL, '2022-08-22 10:44:42', '2022-08-22 10:44:42'),
(191, 'ibrayandiyev', '123', '123', '$2y$10$w8xvE9rBWxqD4A/z.5hoq.ALEz50A7R2FPZ/KrPRhz9inQvjuzSfC', NULL, NULL, 1, 'ibragimyandiyev5@gmail.com', NULL, NULL, NULL, NULL, NULL, NULL, NULL, NULL, NULL, NULL, 137, '2022-08-23 13:09:34', '2022-08-23 13:30:33');

-- --------------------------------------------------------

--
-- Table structure for table `users_groups`
--

CREATE TABLE `users_groups` (
  `id` smallint(5) UNSIGNED NOT NULL,
  `user_id` int(11) NOT NULL,
  `group_id` smallint(6) NOT NULL
) ENGINE=MyISAM DEFAULT CHARSET=latin1;

--
-- Dumping data for table `users_groups`
--

INSERT INTO `users_groups` (`id`, `user_id`, `group_id`) VALUES
(1, 1, 1),
(2, 2, 3),
(3, 3, 3),
(4, 4, 3),
(5, 5, 3),
(6, 6, 3),
(7, 7, 3),
(8, 8, 3),
(9, 9, 3),
(10, 10, 3),
(11, 11, 3),
(12, 12, 3),
(13, 13, 3),
(14, 14, 3),
(15, 15, 3),
(16, 16, 3),
(17, 17, 3),
(18, 18, 3),
(19, 19, 3),
(20, 20, 3),
(21, 21, 3),
(22, 22, 3),
(23, 23, 3),
(24, 24, 3),
(25, 25, 3),
(26, 26, 3),
(27, 27, 3),
(28, 28, 3),
(29, 29, 3),
(30, 30, 3),
(31, 31, 3),
(32, 32, 3),
(33, 33, 3),
(34, 34, 3),
(35, 35, 3),
(36, 36, 3),
(37, 37, 3),
(38, 38, 3),
(39, 39, 3),
(40, 40, 3),
(41, 41, 3),
(42, 42, 3),
(43, 43, 3),
(44, 44, 3),
(45, 45, 3),
(46, 46, 3),
(47, 47, 3),
(48, 48, 3),
(49, 49, 3),
(50, 50, 3),
(51, 51, 3),
(52, 52, 3),
(53, 53, 3),
(54, 54, 3),
(55, 55, 3),
(56, 56, 3),
(57, 57, 3),
(58, 58, 3),
(59, 59, 3),
(60, 60, 3),
(61, 61, 3),
(62, 62, 3),
(63, 63, 3),
(64, 64, 3),
(65, 65, 3),
(66, 66, 3),
(67, 67, 3),
(68, 68, 3),
(69, 69, 3),
(70, 70, 3),
(71, 71, 3),
(72, 72, 3),
(73, 73, 3),
(74, 74, 3),
(75, 75, 3),
(76, 76, 3),
(77, 77, 3),
(78, 78, 3),
(79, 79, 3),
(80, 80, 3),
(81, 81, 3),
(82, 82, 3),
(83, 83, 3),
(84, 84, 3),
(85, 85, 3),
(86, 86, 3),
(87, 87, 3),
(88, 88, 3),
(89, 89, 3),
(90, 90, 3),
(91, 91, 3),
(92, 92, 3),
(93, 93, 3),
(94, 94, 1),
(95, 95, 3),
(96, 96, 3),
(97, 97, 3),
(98, 98, 3),
(99, 99, 3),
(100, 100, 3),
(101, 101, 3),
(102, 102, 3),
(103, 103, 3),
(104, 104, 3),
(105, 105, 3),
(106, 106, 3),
(107, 107, 3),
(108, 108, 3),
(109, 109, 3),
(110, 110, 3),
(111, 111, 3),
(112, 112, 3),
(113, 113, 3),
(114, 114, 3),
(115, 115, 3),
(116, 116, 3),
(117, 117, 3),
(118, 118, 3),
(119, 119, 3),
(120, 120, 3),
(121, 121, 3),
(122, 122, 3),
(123, 123, 3),
(124, 124, 3),
(125, 125, 3),
(126, 126, 3),
(127, 127, 3),
(128, 128, 3),
(129, 129, 3),
(130, 130, 3),
(131, 131, 3),
(132, 132, 3),
(133, 133, 3),
(134, 134, 3),
(135, 135, 3),
(136, 136, 3),
(137, 137, 3),
(138, 138, 3),
(139, 139, 3),
(140, 140, 3),
(141, 141, 3),
(142, 142, 3),
(143, 143, 3),
(144, 144, 3),
(145, 145, 3),
(146, 146, 3),
(147, 147, 3),
(148, 148, 3),
(149, 149, 3),
(150, 150, 3),
(151, 151, 3),
(152, 152, 3),
(153, 153, 3),
(154, 154, 3),
(155, 155, 3),
(156, 156, 3),
(157, 157, 3),
(158, 158, 3),
(159, 159, 3),
(160, 160, 3),
(161, 161, 3),
(162, 162, 3),
(163, 163, 3),
(164, 164, 3),
(165, 165, 3),
(166, 166, 3),
(167, 167, 3),
(168, 168, 3),
(169, 169, 3),
(170, 170, 3),
(171, 171, 3),
(172, 172, 3),
(173, 173, 3),
(174, 174, 3),
(175, 175, 3),
(176, 176, 3),
(177, 177, 3),
(178, 178, 3),
(179, 179, 3),
(180, 180, 3),
(181, 181, 3),
(182, 182, 3),
(183, 183, 3),
(184, 184, 3),
(185, 185, 3),
(186, 186, 3),
(187, 187, 3),
(188, 188, 3),
(189, 189, 3),
(190, 190, 3),
(191, 191, 3);

-- --------------------------------------------------------

--
-- Table structure for table `usuario`
--

CREATE TABLE `usuario` (
  `usuario_id` int(11) NOT NULL,
  `tiposdocumento_id` int(255) DEFAULT 1,
  `nrodocumento` varchar(255) COLLATE utf8mb4_unicode_ci DEFAULT NULL,
  `pais_id` int(255) DEFAULT NULL,
  `primernombre` varchar(255) COLLATE utf8mb4_unicode_ci DEFAULT NULL,
  `segundonombre` varchar(255) COLLATE utf8mb4_unicode_ci DEFAULT NULL,
  `primeroapellido` varchar(255) COLLATE utf8mb4_unicode_ci DEFAULT NULL,
  `segundoapellido` varchar(255) COLLATE utf8mb4_unicode_ci DEFAULT NULL,
  `fecnacimiento` date DEFAULT NULL,
  `paisdireccion_id` int(255) DEFAULT NULL,
  `departamento_id` int(255) DEFAULT NULL,
  `provincia_id` int(11) DEFAULT NULL,
  `distrito_id` int(255) DEFAULT NULL,
  `Direccion` varchar(255) COLLATE utf8mb4_unicode_ci DEFAULT NULL,
  `ocupacion_id` int(255) DEFAULT NULL,
  `personaexpuesta` tinyint(1) DEFAULT NULL,
  `cargo` varchar(255) COLLATE utf8mb4_unicode_ci DEFAULT NULL,
  `lugar_de_trabajo` varchar(255) COLLATE utf8mb4_unicode_ci DEFAULT NULL,
  `personal` int(11) DEFAULT NULL,
  `empresa` int(11) DEFAULT NULL,
  `ruc` bigint(20) DEFAULT NULL,
  `razon_social` varchar(255) COLLATE utf8mb4_unicode_ci DEFAULT NULL,
  `giro_negocio` varchar(255) COLLATE utf8mb4_unicode_ci DEFAULT NULL,
  `telefono` varchar(255) COLLATE utf8mb4_unicode_ci DEFAULT NULL,
  `correo_electronico` varchar(255) COLLATE utf8mb4_unicode_ci DEFAULT NULL,
  `primernombre_c` varchar(255) COLLATE utf8mb4_unicode_ci DEFAULT NULL,
  `segundonombre_c` varchar(255) COLLATE utf8mb4_unicode_ci DEFAULT NULL,
  `primerapellido_c` varchar(255) COLLATE utf8mb4_unicode_ci DEFAULT NULL,
  `segundoapellido_c` varchar(255) COLLATE utf8mb4_unicode_ci DEFAULT NULL,
  `tiposdocumentoc_id` int(11) DEFAULT NULL,
  `nrodocumento_c` varchar(255) COLLATE utf8mb4_unicode_ci DEFAULT NULL,
  `telefono_c` varchar(255) COLLATE utf8mb4_unicode_ci DEFAULT NULL,
  `ocupacion_c_id` int(11) DEFAULT NULL,
  `documento_frente` varchar(255) COLLATE utf8mb4_unicode_ci DEFAULT NULL,
  `documento_dorso` varchar(255) COLLATE utf8mb4_unicode_ci DEFAULT NULL,
  `ficha_ruc` varchar(255) COLLATE utf8mb4_unicode_ci DEFAULT NULL,
  `familiar_expuesto` tinyint(1) DEFAULT NULL,
  `tipo_doc_fam_expuesto` int(11) DEFAULT NULL,
  `num_doc_fam_expuesto` int(11) DEFAULT NULL,
  `nombre_fam_expuesto` varchar(255) COLLATE utf8mb4_unicode_ci DEFAULT NULL,
  `apellido_fam_expuesto` varchar(255) COLLATE utf8mb4_unicode_ci DEFAULT NULL,
  `cargo_fam_expuesto` varchar(255) COLLATE utf8mb4_unicode_ci DEFAULT NULL,
  `lugar_de_trabajo_fam_expuesto` varchar(255) COLLATE utf8mb4_unicode_ci DEFAULT NULL
) ENGINE=MyISAM DEFAULT CHARSET=utf8mb4 COLLATE=utf8mb4_unicode_ci;

--
-- Dumping data for table `usuario`
--

INSERT INTO `usuario` (`usuario_id`, `tiposdocumento_id`, `nrodocumento`, `pais_id`, `primernombre`, `segundonombre`, `primeroapellido`, `segundoapellido`, `fecnacimiento`, `paisdireccion_id`, `departamento_id`, `provincia_id`, `distrito_id`, `Direccion`, `ocupacion_id`, `personaexpuesta`, `cargo`, `lugar_de_trabajo`, `personal`, `empresa`, `ruc`, `razon_social`, `giro_negocio`, `telefono`, `correo_electronico`, `primernombre_c`, `segundonombre_c`, `primerapellido_c`, `segundoapellido_c`, `tiposdocumentoc_id`, `nrodocumento_c`, `telefono_c`, `ocupacion_c_id`, `documento_frente`, `documento_dorso`, `ficha_ruc`, `familiar_expuesto`, `tipo_doc_fam_expuesto`, `num_doc_fam_expuesto`, `nombre_fam_expuesto`, `apellido_fam_expuesto`, `cargo_fam_expuesto`, `lugar_de_trabajo_fam_expuesto`) VALUES
(1, 1, '71234567', 139, 'Fortune', NULL, 'Online', NULL, '1976-07-03', 139, 15, 1, 2, 'SMP', 1, 0, NULL, NULL, 0, 1, NULL, NULL, NULL, NULL, NULL, NULL, NULL, NULL, NULL, NULL, NULL, NULL, NULL, NULL, NULL, NULL, NULL, NULL, NULL, NULL, NULL, NULL, NULL),
(2, 1, '06221085', 139, 'FORTUNATO', 'ELMER', 'RIOS', 'VALLEJO', '1975-12-11', 139, 15, 1, 1, 'JR CARHUAZ 287', 1, 1, NULL, NULL, 1, 0, NULL, NULL, NULL, NULL, NULL, NULL, NULL, NULL, NULL, NULL, NULL, NULL, NULL, NULL, NULL, NULL, NULL, NULL, NULL, NULL, NULL, NULL, NULL),
(3, 1, '10036650', 139, 'Katiuska', 'Teresa', 'Flores', 'Garcia', '1972-07-03', 139, 15, 1, 1, 'Celestino Avilar Godoy 974', 1, 0, NULL, NULL, 1, 0, NULL, NULL, NULL, NULL, NULL, NULL, NULL, NULL, NULL, NULL, NULL, NULL, NULL, NULL, NULL, NULL, NULL, NULL, NULL, NULL, NULL, NULL, NULL),
(4, 1, '25839561', 139, 'David', 'Daniel', 'Espinoza', 'Galindo', '1978-11-29', 139, 15, 1, 1, 'Jr Narciso de la Colina 977', 1, 1, NULL, NULL, 1, 0, NULL, NULL, NULL, NULL, NULL, NULL, NULL, NULL, NULL, NULL, NULL, NULL, NULL, NULL, NULL, NULL, NULL, NULL, NULL, NULL, NULL, NULL, NULL),
(5, 1, '46931179', 139, 'stephany', 'grace', 'medina', 'soto', '2019-03-26', 139, 15, 1, 1, 'elias aguirre 446', 3, 0, NULL, NULL, 1, 0, NULL, NULL, NULL, NULL, NULL, NULL, NULL, NULL, NULL, NULL, NULL, NULL, NULL, NULL, NULL, NULL, NULL, NULL, NULL, NULL, NULL, NULL, NULL),
(6, 1, '43532277Q', 139, 'Nestor', NULL, 'Gemar', 'Garcia', '1977-08-17', 139, 15, 1, 1, 'yungay 238 dpto 401 magdalena', 1, 0, NULL, NULL, 1, 0, NULL, NULL, NULL, NULL, NULL, NULL, NULL, NULL, NULL, NULL, NULL, NULL, NULL, NULL, NULL, NULL, NULL, NULL, NULL, NULL, NULL, NULL, NULL),
(7, 1, '10746469', 139, 'ZARA', NULL, 'ARKA', 'PADILLA', '1977-12-18', 139, 15, 1, 1, 'Calle Las Golondrinas 392A San Isidro', 2, 1, NULL, NULL, 1, 0, NULL, NULL, NULL, NULL, NULL, NULL, NULL, NULL, NULL, NULL, NULL, NULL, NULL, NULL, NULL, NULL, NULL, NULL, NULL, NULL, NULL, NULL, NULL),
(8, 1, '40779413', 139, 'CHARLES', NULL, 'VALERA', 'RIOS', '1988-11-03', 139, 7, 1, 1, 'Mz. P Lote 12', 1, 0, NULL, NULL, 1, 0, NULL, NULL, NULL, NULL, NULL, NULL, NULL, NULL, NULL, NULL, NULL, NULL, NULL, NULL, NULL, NULL, NULL, NULL, NULL, NULL, NULL, NULL, NULL),
(9, 1, '46931179', 139, 'STEPHANY', 'GRACE', 'MEDINA', 'SOTO', '1991-03-26', 139, 15, 1, 1, 'ELIAS AGUIRRE 446', 1, 0, NULL, NULL, 1, 0, NULL, NULL, NULL, NULL, NULL, NULL, NULL, NULL, NULL, NULL, NULL, NULL, NULL, NULL, NULL, NULL, NULL, NULL, NULL, NULL, NULL, NULL, NULL),
(10, 1, '25810141', 139, 'JESUS', NULL, 'GARCIA', 'LIZANA', '1975-07-31', 139, 15, 1, 1, 'JR.CARHUAZ 287- BREÑA', 1, 0, NULL, NULL, 1, 0, NULL, NULL, NULL, NULL, NULL, NULL, NULL, NULL, NULL, NULL, NULL, NULL, NULL, NULL, NULL, NULL, NULL, NULL, NULL, NULL, NULL, NULL, NULL),
(11, 1, '10746469', 139, 'Sandra', NULL, 'Laura', 'C.', '1977-12-18', 139, 15, 1, 1, 'Jr. Yungay 238 Dpto. 401 Magdalena', 9, 0, NULL, NULL, 1, 0, NULL, NULL, NULL, NULL, NULL, NULL, NULL, NULL, NULL, NULL, NULL, NULL, NULL, NULL, NULL, NULL, NULL, NULL, NULL, NULL, NULL, NULL, NULL),
(12, 1, '25810141', 139, 'Elmer', NULL, 'Rios', 'Vallejo', '1975-12-11', 139, 15, 1, 1, 'JR. CARHUAZ 287', 1, 0, NULL, NULL, 1, 0, NULL, NULL, NULL, NULL, NULL, NULL, NULL, NULL, NULL, NULL, NULL, NULL, NULL, NULL, NULL, NULL, NULL, NULL, NULL, NULL, NULL, NULL, NULL),
(13, 1, '10036650', 139, 'Katiuska', 'Teresa', 'Flores', 'Garcia', '1976-07-03', 139, 15, 1, 1, 'Celestino Avila Godoy 974', 1, 0, NULL, NULL, 1, 0, NULL, NULL, NULL, NULL, NULL, NULL, NULL, NULL, NULL, NULL, NULL, NULL, NULL, NULL, NULL, NULL, NULL, NULL, NULL, NULL, NULL, NULL, NULL),
(14, 1, '47937479', 139, 'Lilian', 'Aracelli', 'Arca', 'Olivos', '1993-07-24', 139, 15, 1, 1, 'Calle Las Golondrinas 392', 7, 0, NULL, NULL, 1, 0, NULL, NULL, NULL, NULL, NULL, NULL, NULL, NULL, NULL, NULL, NULL, NULL, NULL, NULL, NULL, NULL, NULL, NULL, NULL, NULL, NULL, NULL, NULL),
(15, 1, '71234567', 139, 'Manrrique', NULL, 'Meneses', 'Yaranga', '1994-09-25', 139, 15, 5, 12, 'Av. Brasil', 1, 0, NULL, NULL, 1, 0, NULL, NULL, NULL, NULL, NULL, NULL, NULL, NULL, NULL, NULL, NULL, NULL, NULL, NULL, NULL, NULL, NULL, NULL, NULL, NULL, NULL, NULL, NULL),
(16, 1, '40143089', 139, 'Fanny', 'Elizabeth', 'Borrajero', 'Lopez', '1979-04-04', 139, 15, 1, 1, 'Jr Narciso de la Colina 977', 2, 0, NULL, NULL, 1, 0, NULL, NULL, NULL, NULL, NULL, NULL, NULL, NULL, NULL, NULL, NULL, NULL, NULL, NULL, NULL, NULL, NULL, NULL, NULL, NULL, NULL, NULL, NULL),
(17, 1, '36932459', 139, 'Diego', 'Eduardo', 'Pérez', 'Vizcarra', '1990-01-01', 139, 15, 1, 1, 'Calle Golondrinas 392', 2, 0, NULL, NULL, 1, 0, NULL, NULL, NULL, NULL, NULL, NULL, NULL, NULL, NULL, NULL, NULL, NULL, NULL, NULL, NULL, NULL, NULL, NULL, NULL, NULL, NULL, NULL, NULL),
(18, 1, '10746469', 139, 'Sara', 'del R.', 'Arca', 'Padilla', '1977-12-18', 139, 15, 1, 20, 'Jr. Yungay 238 Dpto. 401', 2, 0, NULL, NULL, 1, 0, NULL, NULL, NULL, NULL, NULL, NULL, NULL, NULL, NULL, NULL, NULL, NULL, NULL, NULL, NULL, NULL, 1, 1, 9876543, 'CAROLINA ROSA', 'MEZA MALDONADO', 'INEI', 'MONKES'),
(19, 1, '19081731', 139, 'manel', 'alejandro', 'moya', 'lopez', '1971-09-25', 139, 15, 1, 1, 'jr. varela 422 breña', 2, 0, NULL, NULL, 1, 0, NULL, NULL, NULL, NULL, NULL, NULL, NULL, NULL, NULL, NULL, NULL, NULL, NULL, NULL, NULL, NULL, NULL, NULL, NULL, NULL, NULL, NULL, NULL),
(20, 4, '20602620833', 139, 'ERPMATICA SAC', NULL, NULL, NULL, '2019-10-30', 139, 15, 1, 1, 'Lince', 1, 0, NULL, NULL, 1, 0, NULL, NULL, NULL, NULL, NULL, NULL, NULL, NULL, NULL, NULL, NULL, NULL, NULL, NULL, NULL, NULL, NULL, NULL, NULL, NULL, NULL, NULL, NULL),
(21, 1, '001444773', 139, 'Julio', 'Cesar', 'Villamil', 'Romero', '1970-06-27', 139, 15, 1, 20, 'TOMAS RAMSEY 930 DIF. SOHO + OFIC 506', 1, 0, NULL, NULL, 1, 0, NULL, NULL, NULL, NULL, NULL, NULL, NULL, NULL, NULL, NULL, NULL, NULL, NULL, NULL, NULL, NULL, NULL, NULL, NULL, NULL, NULL, NULL, NULL),
(22, 2, '100983117', 139, 'Bruno', NULL, 'Wang', NULL, '1969-04-03', 139, 15, 1, 4, 'Malecon Paul Harris 374', 8, 0, NULL, NULL, 1, 0, NULL, NULL, NULL, NULL, NULL, NULL, NULL, NULL, NULL, NULL, NULL, NULL, NULL, NULL, NULL, NULL, NULL, NULL, NULL, NULL, NULL, NULL, NULL),
(23, 4, '20536659189', 139, 'GUILLERMO', NULL, 'MORI', 'BARRIENTOS', '1986-06-22', 139, 15, 1, 16, 'calle General Cordova 2388', 1, 0, NULL, NULL, 1, 0, NULL, NULL, NULL, NULL, NULL, NULL, NULL, NULL, NULL, NULL, NULL, NULL, NULL, NULL, NULL, NULL, NULL, NULL, NULL, NULL, NULL, NULL, NULL),
(24, 1, '40791961', 139, 'Juan', 'Carlos', 'Acuña', 'Pauyac', '1979-03-09', 139, 15, 1, 1, 'Villa el salvador', 1, 0, NULL, NULL, 1, 0, NULL, NULL, NULL, NULL, NULL, NULL, NULL, NULL, NULL, NULL, NULL, NULL, NULL, NULL, NULL, NULL, NULL, NULL, NULL, NULL, NULL, NULL, NULL),
(25, 4, '20537639874', 139, 'MADELEINE', NULL, 'RIOS', 'VALLEJO', '1970-01-18', 139, 15, 1, 1, 'VARGAS MACHUCA  515', 1, 0, NULL, NULL, 1, 0, NULL, NULL, NULL, NULL, NULL, NULL, NULL, NULL, NULL, NULL, NULL, NULL, NULL, NULL, NULL, NULL, NULL, NULL, NULL, NULL, NULL, NULL, NULL),
(26, 4, '20600577825', 139, 'Julio', 'Cesar', 'Villamil', 'Romero', '1970-06-27', 139, 15, 1, 20, 'Tomas Ramsey 930- Edif. Soho Plus Ofic 506', 8, 0, NULL, NULL, 1, 0, NULL, NULL, NULL, NULL, NULL, NULL, NULL, NULL, NULL, NULL, NULL, NULL, NULL, NULL, NULL, NULL, NULL, NULL, NULL, NULL, NULL, NULL, NULL),
(27, 1, '08519613', 139, 'Hedley', 'Del Castillo', 'DEL CASTILLO', 'Davila', '1963-04-26', 139, 15, 1, 22, 'JOSE GALVEZ 449 DPTO 102', 2, 0, NULL, NULL, 1, 0, NULL, NULL, NULL, NULL, NULL, NULL, NULL, NULL, NULL, NULL, NULL, NULL, NULL, NULL, NULL, NULL, NULL, NULL, NULL, NULL, NULL, NULL, NULL),
(28, 1, '09613245', 139, 'WILSON', 'ABAL', 'ALONZO', 'RONQUILLO', '1972-05-17', 139, 2, 1, 1, 'JR EL CORTIJO 432 SURCO', 1, 0, NULL, NULL, 1, 0, NULL, NULL, NULL, NULL, NULL, NULL, NULL, NULL, NULL, NULL, NULL, NULL, NULL, NULL, NULL, NULL, NULL, NULL, NULL, NULL, NULL, NULL, NULL),
(29, 1, '10708506', 139, 'Robert', 'Rod', 'Silva', 'Lopez', '1977-09-28', 139, 15, 1, 15, 'calle Carlos Gutierrez Noriega 290', 1, 0, NULL, NULL, 1, 0, NULL, NULL, NULL, NULL, NULL, NULL, NULL, NULL, NULL, NULL, NULL, NULL, NULL, NULL, NULL, NULL, NULL, NULL, NULL, NULL, NULL, NULL, NULL),
(30, 1, '76200142', 139, 'Oscar', 'Gean Carlo', 'Alva', 'Caloggero', '1997-11-29', 139, 15, 1, 11, 'Jr Simon Bolivar 184', 3, 0, NULL, NULL, 1, 0, NULL, NULL, NULL, NULL, NULL, NULL, NULL, NULL, NULL, NULL, NULL, NULL, NULL, NULL, NULL, NULL, NULL, NULL, NULL, NULL, NULL, NULL, NULL),
(31, 1, '10036650', 139, 'katiuska', 'teresa', 'flores', 'Garcia', '1976-03-03', 139, 15, 1, 35, 'Celetino avila godoy 973', 1, 0, NULL, NULL, 1, 0, NULL, NULL, NULL, NULL, NULL, NULL, NULL, NULL, NULL, NULL, NULL, NULL, NULL, NULL, NULL, NULL, NULL, NULL, NULL, NULL, NULL, NULL, NULL),
(32, 1, '41205958', 139, 'marco', 'antonio', 'poma', 'aquino', '1981-11-15', 139, 15, 1, 14, 'Jr. Copacabana 170', 1, 0, NULL, NULL, 1, 0, NULL, NULL, NULL, NULL, NULL, NULL, NULL, NULL, NULL, NULL, NULL, NULL, NULL, NULL, NULL, NULL, NULL, NULL, NULL, NULL, NULL, NULL, NULL),
(33, 3, '1234567890', 139, 'grupo', 'cvnet', NULL, NULL, '2020-01-23', 139, 15, 1, 1, 'Mz P Lote 12', 1, 1, NULL, NULL, 1, 0, NULL, NULL, NULL, NULL, NULL, NULL, NULL, NULL, NULL, NULL, NULL, NULL, NULL, NULL, NULL, NULL, NULL, NULL, NULL, NULL, NULL, NULL, NULL),
(34, 3, '10415884775', 139, 'juan', 'carlos', 'cuayla', 'mamani', '1983-10-08', 139, 18, 1, 1, 'calle los rosales mz d lt 8', 1, 0, NULL, NULL, 1, 0, NULL, NULL, NULL, NULL, NULL, NULL, NULL, NULL, NULL, NULL, NULL, NULL, NULL, NULL, NULL, NULL, NULL, NULL, NULL, NULL, NULL, NULL, NULL),
(35, 1, '42770384', 139, 'JUAN', 'MIGUEL', 'CHECCORI', 'HUARHUA', '1984-03-29', 139, 8, 1, 1, 'AV las Flores E-19', 1, 0, NULL, NULL, 1, 0, NULL, NULL, NULL, NULL, NULL, NULL, NULL, NULL, NULL, NULL, NULL, NULL, NULL, NULL, NULL, NULL, NULL, NULL, NULL, NULL, NULL, NULL, NULL),
(36, 4, '20458067237', 139, 'ALEJANDRO', 'MANUEL', 'FERNANDEZ', 'SANCHEZ', '1968-09-05', 139, 15, 1, 33, 'JR JULIO BELLIDO 1156 ZONA D', 8, 0, NULL, NULL, 1, 0, NULL, NULL, NULL, NULL, NULL, NULL, NULL, NULL, NULL, NULL, NULL, NULL, NULL, NULL, NULL, NULL, NULL, NULL, NULL, NULL, NULL, NULL, NULL),
(37, 1, '10876543', 139, 'qw', 'qw', 'qw', 'qw', '1960-02-04', 139, 9, 6, 8, 'Jr. Yungay 238 Dpto. 401', 1, 0, NULL, NULL, 1, 0, NULL, NULL, NULL, NULL, NULL, NULL, NULL, NULL, NULL, NULL, NULL, NULL, NULL, NULL, NULL, NULL, NULL, NULL, NULL, NULL, NULL, NULL, NULL),
(38, 1, '44657153', 139, 'Rony', 'Wilinton', 'Guevara', 'Torres', '1987-06-09', 139, 15, 1, 1, 'Mz 187 Lote 05 Sector 06 AAHH San martin - Los Olivos', 3, 0, NULL, NULL, 1, 0, NULL, NULL, NULL, NULL, NULL, NULL, NULL, NULL, NULL, NULL, NULL, NULL, NULL, NULL, NULL, NULL, NULL, NULL, NULL, NULL, NULL, NULL, NULL),
(41, 1, '46931179', 139, 'stephany', 'grace', 'medina', 'soto', NULL, 139, 15, 1, 1, 'calle elias aguirre 446 miraflores', 11, NULL, NULL, NULL, 0, 1, 123456789, 'Globopedia SAC', 'Venta de Globos', '2434745', 'medinasoto.stephany@gmail.com', 'junior', 'miguel angel', 'espino', 'aranda', 1, '48931178', '2434745', NULL, NULL, NULL, NULL, NULL, NULL, NULL, NULL, NULL, NULL, NULL),
(45, 1, '10036650', 139, 'Katiuska', 'teresa', 'Flores', 'Garcia', '1976-07-02', 139, 15, 1, 35, 'Celestino avila Godoy 974', 8, 0, NULL, NULL, 1, 0, NULL, NULL, NULL, NULL, NULL, NULL, NULL, NULL, NULL, NULL, NULL, NULL, NULL, NULL, NULL, NULL, NULL, NULL, NULL, NULL, NULL, NULL, NULL),
(46, 1, '406109', 139, 'Matias', NULL, 'Ziliotto', NULL, '2020-02-17', 139, 2, 1, 1, 'calle 30', 1, 0, NULL, NULL, 1, 0, NULL, NULL, NULL, NULL, NULL, NULL, NULL, NULL, NULL, NULL, NULL, NULL, NULL, NULL, NULL, NULL, NULL, NULL, NULL, NULL, NULL, NULL, NULL),
(47, 1, '10036650', 139, 'Anita', 'Maritza', 'Castro', 'Barrera', NULL, 139, 15, 1, 1, 'Jr Celestino Avila Godoy', 11, NULL, NULL, NULL, 0, 1, 201515141210, 'Abeja Reina', 'venta online', '55666665433', 'katiuska@abejareinaperu.com', 'Katiuska', 'Teresa', 'Flores', 'Garcia', 1, '10036650', '554488792446', NULL, NULL, NULL, NULL, NULL, NULL, NULL, NULL, NULL, NULL, NULL),
(48, 1, '10746469', 139, 'SARA', 'DEL ROSARIO', 'ARCA', 'PADILLA', NULL, 139, 15, 1, 31, 'calle las golondrinas 392 A San Isidro', 11, NULL, NULL, NULL, 0, 1, 20546289436, 'BLUE COMUNICADORES SAC', 'PUBLICIDAD', '6373311', 'sara@bluecomunicadores.com', 'LILIAN', 'ARACELLI', 'ARCA', 'OLIVOS', NULL, '14565656', '6373309', NULL, NULL, NULL, NULL, NULL, NULL, NULL, NULL, NULL, NULL, NULL),
(49, 1, '46931179', 139, 'STEPHANY', 'GRACE', 'MEDINA', 'SOTO', '1991-03-26', 139, 15, 1, 22, 'Calle Elias Aguirre 446 Miraflores', 2, 1, NULL, NULL, 1, 0, NULL, NULL, NULL, NULL, NULL, NULL, NULL, NULL, NULL, NULL, NULL, NULL, NULL, NULL, NULL, NULL, NULL, NULL, NULL, NULL, NULL, NULL, NULL),
(50, 1, '10036650', 139, 'Anita', 'Maritza', 'Castro', 'Barrera', NULL, 139, 15, 1, 35, 'Celestino Avila Godoy 974', 11, NULL, NULL, NULL, 0, 1, 2010548795, 'Abeja Reina', 'Venta Onlina', '930529597', 'anita@abejareinaperu.com', 'Katiuska', 'Teresa', 'Flores', 'Garcia', 1, '10036650', '997934982', NULL, NULL, NULL, NULL, NULL, NULL, NULL, NULL, NULL, NULL, NULL),
(51, 1, '04411193', 139, 'ISMAEL', 'RAYMUNDO', 'CUAYLA', 'TALA', NULL, 139, 18, 1, 1, 'CALLE LOS ROSALES MZ D LT 7', 11, NULL, NULL, NULL, 0, 1, 20221714963, 'SAN CARLOS EIRL', 'VENTA DE MATERIALES DE CONSTRUCCION', '959679717', 'SANCARLOSEIRL@HOTMAIL.COM', 'JUAN', 'CARLOS', 'CUAYLA', 'MAMANI', 1, '41588477', '959679717', NULL, NULL, NULL, NULL, NULL, NULL, NULL, NULL, NULL, NULL, NULL),
(52, 1, '40779412', 139, 'Juan', 'Carlos', 'Huaman', 'Rod', NULL, 139, 15, 6, 1, 'Mz P lote 12', 11, NULL, NULL, NULL, 0, 1, 40779413123, 'GRUPO JUANC SAC.', 'Venta ropa', NULL, 'juancahr79@gmail.com', 'Juan', 'C', 'Huaman', NULL, 1, '40779413', '923656321', NULL, NULL, NULL, NULL, NULL, NULL, NULL, NULL, NULL, NULL, NULL),
(53, 1, '10746469', 139, 'Sara', 'del Rosario', 'Arca', 'Padilla', NULL, 139, 15, 1, 31, 'calle las golondrinas 392 A San Isidro', 11, NULL, NULL, NULL, 0, 1, 20602421229, 'Blue Network SAC', 'Publicidad', '6373311', 'zara@bluenetwork.com.pe', 'Sara', 'del Rosario', 'Arca', 'Padilla', 1, '10746469', '985568329', NULL, NULL, NULL, NULL, NULL, NULL, NULL, NULL, NULL, NULL, NULL),
(54, 1, '10746469', 139, 'Sara', 'del Rosario', 'Arca', 'Padilla', NULL, 139, 15, 1, 1, 'calle las golondrinas 392 A San Isidro', 11, NULL, NULL, NULL, 0, 1, 20602421229, 'BLUE NETWORK SAC', 'Publicidad', '6373311', 'zara@bluenetwork.com.pe', 'Sara', 'del Rosario', 'Arca', 'Padilla', 1, '10746469', '985568329', NULL, NULL, NULL, NULL, NULL, NULL, NULL, NULL, NULL, NULL, NULL),
(55, 1, '42828852', 139, 'Rafael', 'Fernando', 'Casas', 'Mejia', '1984-12-29', 139, 5, 1, 1, 'Jr. Cusco 284 piso 2', 1, 0, NULL, NULL, 1, 0, NULL, NULL, NULL, NULL, NULL, NULL, NULL, NULL, NULL, NULL, NULL, NULL, NULL, NULL, NULL, NULL, NULL, NULL, NULL, NULL, NULL, NULL, NULL),
(56, 1, '07875655', 139, 'Mirko', 'Enrique', 'Torres', 'Seguier', NULL, 139, 15, 1, 13, 'Av Faustino Sanchez Carrion 1091 dpto 401', 11, NULL, NULL, NULL, 0, 1, 20508478705, 'MIROSMED S.A.C.', 'venta de hardware informático', '4619999', 'mirosmed@speedy.com.pe', 'Mirko', 'Enrique', 'Torres', 'Seguier', 1, '07875655', '999709342', NULL, NULL, NULL, NULL, NULL, NULL, NULL, NULL, NULL, NULL, NULL),
(57, 1, '10036650', 139, 'katiuska', 'teresa', 'Flores', 'garcia', '1976-07-03', 139, 15, 1, 1, 'Jr. Celestino Ávila Godoy 974', 1, 0, NULL, NULL, 1, 0, NULL, NULL, NULL, NULL, NULL, NULL, NULL, NULL, NULL, NULL, NULL, NULL, NULL, NULL, NULL, NULL, NULL, NULL, NULL, NULL, NULL, NULL, NULL),
(58, 1, '43567753', 139, 'JORGE', 'ANTONIO', 'RUIZ', 'HONORIO', '1986-05-13', 139, 15, 1, 10, 'avenida carabayllo 1230', 2, 0, NULL, NULL, 1, 0, NULL, NULL, NULL, NULL, NULL, NULL, NULL, NULL, NULL, NULL, NULL, NULL, NULL, NULL, NULL, NULL, NULL, NULL, NULL, NULL, NULL, NULL, NULL),
(59, 1, '131313', 139, '1111', '111111111', '1111111111', '11111111111111', '2020-05-05', 139, 2, 1, 1, '11111111111111111', 9, 1, NULL, NULL, 1, 0, NULL, NULL, NULL, NULL, NULL, NULL, NULL, NULL, NULL, NULL, NULL, NULL, NULL, NULL, NULL, NULL, NULL, NULL, NULL, NULL, NULL, NULL, NULL),
(60, 1, '40393169', 139, 'Edgar', 'Vladimir', 'Valderrama', 'Valverde', '1979-03-11', 139, 15, 1, 34, 'Av. San Luis 1022', 1, 0, NULL, NULL, 1, 0, NULL, NULL, NULL, NULL, NULL, NULL, NULL, NULL, NULL, NULL, NULL, NULL, NULL, NULL, NULL, NULL, NULL, NULL, NULL, NULL, NULL, NULL, NULL),
(61, 1, '42076965', 139, 'MARIA', 'YUDITH', 'LLATAS', 'SAMANIEGO', NULL, 139, 7, 1, 1, 'AV. COLECTORA MZ: B1 LOTE: 15 URB. EL ALAMO CALLAO', 11, NULL, NULL, NULL, 0, 1, 20605518207, 'D Y D IMPORT AND EXPORT COMPANY SAC', 'IMPORTADORA Y EXPORTADORA', '987308762', 'danyenriquez82@gmail.com', 'DANY', 'WILLIAM', 'ENRIQUEZ', 'RISCO', 1, '41522623', '987308762', NULL, NULL, NULL, NULL, NULL, NULL, NULL, NULL, NULL, NULL, NULL),
(62, 1, '71009827', 139, 'Brayan', 'Omar', 'Prado', 'Yovera', '1994-01-03', 139, 15, 1, 32, 'Coop. Mariscal Luzuriaga Mz. F Lote 17', 3, 0, NULL, NULL, 1, 0, NULL, NULL, NULL, NULL, NULL, NULL, NULL, NULL, NULL, NULL, NULL, NULL, NULL, NULL, NULL, NULL, NULL, NULL, NULL, NULL, NULL, NULL, NULL),
(63, 1, '77354001', 139, 'wilson', NULL, 'huaquisto', 'calisaya', '1995-05-01', 139, 21, 11, 1, 'av huancane 1409', 3, 0, NULL, NULL, 1, 0, NULL, NULL, NULL, NULL, NULL, NULL, NULL, NULL, NULL, NULL, NULL, NULL, NULL, NULL, NULL, NULL, NULL, NULL, NULL, NULL, NULL, NULL, NULL),
(64, 1, '76195910', 139, 'yojaida', 'janeth', 'huaquisto', 'calisaya', '1998-02-16', 139, 21, 11, 1, 'jr. moquegua', 3, 0, NULL, NULL, 1, 0, NULL, NULL, NULL, NULL, NULL, NULL, NULL, NULL, NULL, NULL, NULL, NULL, NULL, NULL, NULL, NULL, NULL, NULL, NULL, NULL, NULL, NULL, NULL),
(65, 1, '73524606', 139, 'jonatan', 'angel', 'salcedo', 'cutipa', '1993-03-10', 139, 21, 11, 1, 'av huancane 1409', 3, 0, NULL, NULL, 1, 0, NULL, NULL, NULL, NULL, NULL, NULL, NULL, NULL, NULL, NULL, NULL, NULL, NULL, NULL, NULL, NULL, NULL, NULL, NULL, NULL, NULL, NULL, NULL),
(66, 1, '09671090', 139, 'Yuri', NULL, 'Aponte', NULL, '2020-07-17', 139, 2, 1, 1, 'Calle Los Guayabos 184 Dpto 302', 1, 0, NULL, NULL, 1, 0, NULL, NULL, NULL, NULL, NULL, NULL, NULL, NULL, NULL, NULL, NULL, NULL, NULL, NULL, NULL, NULL, NULL, NULL, NULL, NULL, NULL, NULL, NULL),
(67, 1, '12345678', 139, 'Juan', NULL, 'Perez', 'Castillo', '2020-07-18', 139, 2, 1, 1, 'Por ahi estamos', 11, 0, NULL, NULL, 1, 0, NULL, NULL, NULL, NULL, NULL, NULL, NULL, NULL, NULL, NULL, NULL, NULL, NULL, NULL, NULL, NULL, NULL, NULL, NULL, NULL, NULL, NULL, NULL),
(68, 1, '46178955', 139, 'Luis', 'Alejandro', 'Rodriguez', 'Garcia', '1990-02-13', 139, 25, 1, 1, 'Jr lino velasquez mz b lt 08', 1, 0, NULL, NULL, 1, 0, NULL, NULL, NULL, NULL, NULL, NULL, NULL, NULL, NULL, NULL, NULL, NULL, NULL, NULL, NULL, NULL, NULL, NULL, NULL, NULL, NULL, NULL, NULL),
(69, 1, '10306964', 139, 'Fabio', NULL, 'Salame-Cordova', 'Ciardi', NULL, 139, 15, 1, 40, 'Av La Encalada 1090 Of 801', 11, NULL, NULL, NULL, 0, 1, 20557068245, 'Access World (Peru) S.A.C', 'Comercio exterior', '4374444', 'fabio.salame@accessworld.com', 'Luis', NULL, 'Merino', 'Naranjo', 1, '46589620', '4374444', NULL, NULL, NULL, NULL, NULL, NULL, NULL, NULL, NULL, NULL, NULL),
(70, 1, '47795213', 139, 'luisa', 'meylin', 'wong', 'cabanillas', '2020-10-06', 139, 15, 1, 1, 'Jr. Azangaro 874', 1, 1, NULL, NULL, 1, 0, NULL, NULL, NULL, NULL, NULL, NULL, NULL, NULL, NULL, NULL, NULL, NULL, NULL, NULL, NULL, NULL, NULL, NULL, NULL, NULL, NULL, NULL, NULL),
(71, 1, '20062496', 139, 'henry', NULL, 'vasquez', 'orellana', '1975-08-04', 139, 15, 1, 1, 'Jiron Suecia 1414', 1, 0, NULL, NULL, 1, 0, NULL, NULL, NULL, NULL, NULL, NULL, NULL, NULL, NULL, NULL, NULL, NULL, NULL, NULL, NULL, NULL, NULL, NULL, NULL, NULL, NULL, NULL, NULL),
(72, 1, '74584257', 139, 'José', 'Rubén', 'Izaguirre', 'Lázaro', '1996-08-17', 139, 15, 1, 1, 'jr. bello horizonte 2652', 1, 0, NULL, NULL, 1, 0, NULL, NULL, NULL, NULL, NULL, NULL, NULL, NULL, NULL, NULL, NULL, NULL, NULL, NULL, NULL, NULL, NULL, NULL, NULL, NULL, NULL, NULL, NULL),
(73, 1, '71070526', 139, 'David', 'Glicerio', 'Nuñovero', 'Alegre', '1996-09-17', 139, 2, 18, 9, 'Av. Miguel Grau C\' 43', 9, 0, NULL, NULL, 1, 0, NULL, NULL, NULL, NULL, NULL, NULL, NULL, NULL, NULL, NULL, NULL, NULL, NULL, NULL, NULL, NULL, NULL, NULL, NULL, NULL, NULL, NULL, NULL),
(74, 1, '71070526', 139, 'David', 'Glicerio', 'Nuñovero', 'Alegre', '1996-09-17', 139, 2, 18, 9, 'Av. Miguel Grau C\' 43', 9, 0, NULL, NULL, 1, 0, NULL, NULL, NULL, NULL, NULL, NULL, NULL, NULL, NULL, NULL, NULL, NULL, NULL, NULL, NULL, NULL, NULL, NULL, NULL, NULL, NULL, NULL, NULL),
(75, 1, '71998266', 139, 'LISBETH', NULL, 'SOTO', 'ISTAÑA', '1995-08-24', 139, 15, 1, 22, 'ARISTIDES ALJOVIN 341', 2, 0, NULL, NULL, 1, 0, NULL, NULL, NULL, NULL, NULL, NULL, NULL, NULL, NULL, NULL, NULL, NULL, NULL, NULL, NULL, NULL, NULL, NULL, NULL, NULL, NULL, NULL, NULL),
(76, 1, '44796039', 139, 'Paola', 'Soledad', 'Flores', 'Ugarte', '2020-11-17', 139, 15, 1, 1, 'las lomas 123', 2, 0, NULL, NULL, 1, 0, NULL, NULL, NULL, NULL, NULL, NULL, NULL, NULL, NULL, NULL, NULL, NULL, NULL, NULL, NULL, NULL, NULL, NULL, NULL, NULL, NULL, NULL, NULL),
(77, 1, '44208775', 139, 'Ricardi', 'Ezequiel', 'Flores', 'Herrada', '1987-02-07', 139, 15, 1, 1, 'San M.', 1, 0, NULL, NULL, 1, 0, NULL, NULL, NULL, NULL, NULL, NULL, NULL, NULL, NULL, NULL, NULL, NULL, NULL, NULL, NULL, NULL, NULL, NULL, NULL, NULL, NULL, NULL, NULL),
(78, 1, '10275300', 139, 'javier', NULL, 'villanueva', 'nehmad', '1967-05-19', 139, 15, 1, 30, 'JR. FRANZ SCHUBERT 382', 2, 0, NULL, NULL, 1, 0, NULL, NULL, NULL, NULL, NULL, NULL, NULL, NULL, NULL, NULL, NULL, NULL, NULL, NULL, NULL, NULL, NULL, NULL, NULL, NULL, NULL, NULL, NULL),
(79, 1, '08425455', 139, 'Felicita', NULL, 'Iturriaga', NULL, '2021-01-04', 139, 2, 1, 1, 'Calle Nueva 332', 1, 0, NULL, NULL, 1, 0, NULL, NULL, NULL, NULL, NULL, NULL, NULL, NULL, NULL, NULL, NULL, NULL, NULL, NULL, NULL, NULL, NULL, NULL, NULL, NULL, NULL, NULL, NULL),
(80, 1, '62849761', 139, 'Ricki', 'Martin', 'Anaya', 'Romero', '1993-07-12', 139, 15, 1, 1, 'Comunidad de Huaroquin 01 Huaral', 1, 0, NULL, NULL, 1, 0, NULL, NULL, NULL, NULL, NULL, NULL, NULL, NULL, NULL, NULL, NULL, NULL, NULL, NULL, NULL, NULL, NULL, NULL, NULL, NULL, NULL, NULL, NULL),
(81, 1, '10586515', 139, 'Samuel', 'Alejandro', 'Sara', 'Repetto', '1977-03-25', 139, 15, 1, 1, 'HORACIO URTEAGA NRO.866-18', 1, 0, NULL, NULL, 1, 0, NULL, NULL, NULL, NULL, NULL, NULL, NULL, NULL, NULL, NULL, NULL, NULL, NULL, NULL, NULL, NULL, NULL, NULL, NULL, NULL, NULL, NULL, NULL),
(82, 1, '10242937', 139, 'RITA', 'ESTELA', 'BRICEÑO', 'HILARES', '1976-08-24', 139, 15, 1, 22, 'Calle Lord Cochrane 380', 1, 0, NULL, NULL, 1, 0, NULL, NULL, NULL, NULL, NULL, NULL, NULL, NULL, NULL, NULL, NULL, NULL, NULL, NULL, NULL, NULL, NULL, NULL, NULL, NULL, NULL, NULL, NULL),
(83, 1, '09805863', 139, 'Yuri', 'Israel', 'Ortega', 'Sotelo', '1972-02-05', 139, 15, 1, 32, 'Urb san antonio de carapongo etapa3 mz.b2 Lt.23', 1, 0, NULL, NULL, 1, 0, NULL, NULL, NULL, NULL, NULL, NULL, NULL, NULL, NULL, NULL, NULL, NULL, NULL, NULL, NULL, NULL, NULL, NULL, NULL, NULL, NULL, NULL, NULL),
(84, 1, '60959379', 139, 'Kenyi', 'Alexander', 'Morales', 'Santiago', '2000-06-15', 139, 15, 6, 1, 'Pueblo Joven 3 de Octubre S/N Esperanza Baja', 1, 0, NULL, NULL, 1, 0, NULL, NULL, NULL, NULL, NULL, NULL, NULL, NULL, NULL, NULL, NULL, NULL, NULL, NULL, NULL, NULL, NULL, NULL, NULL, NULL, NULL, NULL, NULL),
(85, 1, '46097153', 139, 'RENZO', 'RANDU', 'SALINAS', 'JAIMES', '1989-12-06', 139, 15, 1, 35, 'Mz Ñ LT. 38 Urb. Resid. Vipol Naranjal', 1, 0, NULL, NULL, 1, 0, NULL, NULL, NULL, NULL, NULL, NULL, NULL, NULL, NULL, NULL, NULL, NULL, NULL, NULL, NULL, NULL, NULL, NULL, NULL, NULL, NULL, NULL, NULL),
(86, 1, '42133789', 139, 'JOHN CHRISTIAN', 'ALBERT', 'TORRES', 'ARISTA', '1983-12-09', 139, 4, 1, 12, 'URB. CESAR VALLEJO 108 MANUEL PRADO', 1, 0, NULL, NULL, 1, 0, NULL, NULL, NULL, NULL, NULL, NULL, NULL, NULL, NULL, NULL, NULL, NULL, NULL, NULL, NULL, NULL, NULL, NULL, NULL, NULL, NULL, NULL, NULL),
(87, 1, '73584671', 139, 'Percy', 'Rodrigo', 'Velit', 'Davila', '1996-12-01', 139, 15, 1, 4, 'Pasaje Jaen 169', 8, 0, NULL, NULL, 1, 0, NULL, NULL, NULL, NULL, NULL, NULL, NULL, NULL, NULL, NULL, NULL, NULL, NULL, NULL, NULL, NULL, NULL, NULL, NULL, NULL, NULL, NULL, NULL),
(88, 1, '06221085', 139, 'FORTUNATO', 'ELMER', 'RIOS', 'VALLEJO', '2021-03-17', 139, 2, 1, 1, 'jr.carhuaz 287', 1, 1, NULL, NULL, 1, 0, NULL, NULL, NULL, NULL, NULL, NULL, NULL, NULL, NULL, NULL, NULL, NULL, NULL, NULL, NULL, NULL, NULL, NULL, NULL, NULL, NULL, NULL, NULL),
(89, 1, '72525528', 139, 'Giancarlo', 'Andres', 'Ronceros', 'Torres', '1995-04-25', 139, 15, 1, 30, 'Calle 25 262 Dpto. 202', 3, 0, NULL, NULL, 1, 0, NULL, NULL, NULL, NULL, NULL, NULL, NULL, NULL, NULL, NULL, NULL, NULL, NULL, NULL, NULL, NULL, NULL, NULL, NULL, NULL, NULL, NULL, NULL),
(90, 1, '41436361', 139, 'leisy', 'helen\'s', 'landauro', 'medina', NULL, 139, 15, 1, 14, 'av. salaverry 850', 11, NULL, NULL, NULL, 0, 1, 20511968560, 'vea max sac', 'comercio', '954440047', 'llandauro@veamax.com', 'leisy', NULL, 'landauro', 'medina', 1, '41436361', '954440047', NULL, NULL, NULL, NULL, NULL, NULL, NULL, NULL, NULL, NULL, NULL),
(91, 1, '44760843', 139, 'CINTHIA', 'VANESSA', 'HUAMAN', 'ALVAREZ', NULL, 139, 15, 1, 40, 'FRANCISCO BOLOGNESI 203', 11, NULL, NULL, NULL, 0, 1, 20605532129, 'EL HUERTO ECOMARKET EIRL', 'RETAIL', '997716904', 'cvhalvarez@gmail.com', 'CINTHIA', 'VANESSA', 'HUAMAN', 'ALVAREZ', 1, '44760843', '997716904', NULL, NULL, NULL, NULL, NULL, NULL, NULL, NULL, NULL, NULL, NULL),
(92, 1, '06955617', 139, 'Martin', NULL, 'Sanca', 'Gutierrez', NULL, 139, 15, 1, 10, 'AV. CHACRACERRO LOTE 45 INT B4', 11, NULL, NULL, NULL, 0, 1, 20517092925, 'Plast Navarrete Sac', 'Plasticos', '6517039', 'plast_navarrete@hotmail.com', 'Carlos', 'Augusto', 'Sanca', 'Navarrete', 1, '42179996', '998229627', NULL, NULL, NULL, NULL, NULL, NULL, NULL, NULL, NULL, NULL, NULL),
(93, 1, '10158332', 139, 'HILDA', 'CECILIA', 'ESPINOZA', 'SOTO', '1975-05-10', 139, 15, 1, 12, 'Psaje Mitimaes N°124 1ra Zona Urb. Tahuantinsuyo', 2, 0, NULL, NULL, 1, 0, NULL, NULL, NULL, NULL, NULL, NULL, NULL, NULL, NULL, NULL, NULL, NULL, NULL, NULL, NULL, NULL, NULL, NULL, NULL, NULL, NULL, NULL, NULL),
(94, 1, '10793010', 139, 'Jose', 'Benigno', 'Salazar', 'Arista', '2021-07-16', 139, 15, 1, 30, 'Calle Ing. Luis Montero 154, 216', 1, 0, NULL, NULL, 1, 0, NULL, NULL, NULL, NULL, NULL, NULL, NULL, NULL, NULL, NULL, NULL, NULL, NULL, NULL, NULL, NULL, NULL, NULL, NULL, NULL, NULL, NULL, NULL),
(95, 1, '70184291', 139, 'nicole', NULL, 'perez', 'ramon', '1992-12-06', 139, 15, 1, 1, 'av mexico 901', 2, 0, NULL, NULL, 1, 0, NULL, NULL, NULL, NULL, NULL, NULL, NULL, NULL, NULL, NULL, NULL, NULL, NULL, NULL, NULL, NULL, NULL, NULL, NULL, NULL, NULL, NULL, NULL),
(96, 1, '44291006', 139, 'Natalia', 'Sofía', 'Tello', 'Calderón', '1987-03-09', 139, 15, 1, 40, 'Calle Morropón 131', 1, 0, NULL, NULL, 1, 0, NULL, NULL, NULL, NULL, NULL, NULL, NULL, NULL, NULL, NULL, NULL, NULL, NULL, NULL, NULL, NULL, NULL, NULL, NULL, NULL, NULL, NULL, NULL),
(97, 1, '73896479', 139, 'ANDREA', NULL, 'GALLO', 'JAYO', '1996-12-09', 139, 15, 1, 22, 'CALLE GENERAL SUAREZ 1362 DPTO 302', 2, 0, NULL, NULL, 1, 0, NULL, NULL, NULL, NULL, NULL, NULL, NULL, NULL, NULL, NULL, NULL, NULL, NULL, NULL, NULL, NULL, NULL, NULL, NULL, NULL, NULL, NULL, NULL),
(98, 1, '06740314', 139, 'Carmen', 'Silvia', 'Merino', 'Roddriguez', NULL, 139, 15, 1, 1, 'Av Primavera 1796 Surco', 11, NULL, NULL, NULL, 0, 1, 20457362294, 'Corporacion Minera Centauro SAC', 'Minera', '999206180', 'Creyes@cmcentauro.com', 'Clelia', 'De Jesus', 'Reyes', 'Barreto', 1, '42238825', '999206180', NULL, NULL, NULL, NULL, NULL, NULL, NULL, NULL, NULL, NULL, NULL),
(99, 1, '72363937', 139, 'DEYANIRA', NULL, 'ORTEGA', 'VELIZ', NULL, 139, 15, 1, 17, 'Jr Isaac Newton 2109', 11, NULL, NULL, NULL, 0, 1, 20604226385, 'GARU PROYECTOS SAC', 'EMPRESA DE BIENES Y SERVICIOS DE INGENIERIA', '995186794', 'gerencia@garu.pe', 'RUBEN', NULL, 'ORTEGA', 'UGALDI', 1, '09637443', '995186794', NULL, NULL, NULL, NULL, NULL, NULL, NULL, NULL, NULL, NULL, NULL),
(100, 1, '40502627', 139, 'Piero', 'Alexander', 'Palacios', 'Aliaga', NULL, 139, 15, 1, 22, 'Calle recavarren 103', 11, NULL, NULL, NULL, 0, 1, 20604105855, 'Oceanside enterprises sac', 'Servicios', '975471631', 'piero.palacios80@gmail.com', 'Piero', 'Alexander', 'Palacios', 'Aliaga', 1, '40502627', '975471631', NULL, NULL, NULL, NULL, NULL, NULL, NULL, NULL, NULL, NULL, NULL),
(101, 1, '42238825', 139, 'Clelia', 'De Jesus', 'Reyes', 'Barreto', '1983-12-10', 139, 15, 1, 35, 'Smp', 2, 0, NULL, NULL, 1, 0, NULL, NULL, NULL, NULL, NULL, NULL, NULL, NULL, NULL, NULL, NULL, NULL, NULL, NULL, NULL, NULL, NULL, NULL, NULL, NULL, NULL, NULL, NULL),
(102, 1, '06221085', 139, 'FORTUNATO', NULL, 'RIOS', 'VALLEJO', NULL, 139, 2, 1, 1, 'jr.carhuaz 287', 11, NULL, NULL, NULL, 0, 1, 20608271903, 'victoriastore', 'venta de zapatos', '990300267', 'jgarcia-31@hotmail.com', 'jesus', NULL, 'gracia', NULL, 1, '25810141', '990300267', NULL, NULL, NULL, NULL, NULL, NULL, NULL, NULL, NULL, NULL, NULL),
(103, 1, '06221085', 139, 'FORTUNATO', 'ELMER', 'RIOS', 'VALLEJO', '1968-12-17', 139, 2, 1, 1, 'jr.carhuaz 287', 1, 0, NULL, NULL, 1, 0, NULL, NULL, NULL, NULL, NULL, NULL, NULL, NULL, NULL, NULL, NULL, NULL, NULL, NULL, NULL, NULL, NULL, NULL, NULL, NULL, NULL, NULL, NULL),
(104, 1, '80571571', 139, 'ROSA', 'ANGELICA', 'MERCADO', 'MARIN', '1977-09-30', 139, 13, 1, 1, 'MARTINEZ DE COMPAÑON 387', 1, 0, NULL, NULL, 1, 0, NULL, NULL, NULL, NULL, NULL, NULL, NULL, NULL, NULL, NULL, NULL, NULL, NULL, NULL, NULL, NULL, NULL, NULL, NULL, NULL, NULL, NULL, NULL),
(105, 1, '25810141', 139, 'JESUS', NULL, 'GARCIA', 'LIZANA', '1975-07-31', 139, 2, 1, 1, 'jr.carhuaz 287', 1, 1, NULL, NULL, 1, 0, NULL, NULL, NULL, NULL, NULL, NULL, NULL, NULL, NULL, NULL, NULL, NULL, NULL, NULL, NULL, NULL, NULL, NULL, NULL, NULL, NULL, NULL, NULL),
(106, 1, '42415801', 139, 'Jose', NULL, 'Montoya', 'Malasquez', '1984-06-16', 139, 15, 1, 17, 'Los Amarantos 724', 2, 0, NULL, NULL, 1, 0, NULL, NULL, NULL, NULL, NULL, NULL, NULL, NULL, NULL, NULL, NULL, NULL, NULL, NULL, NULL, NULL, NULL, NULL, NULL, NULL, NULL, NULL, NULL),
(107, 1, '77084999', 139, 'gianina', 'lissette', 'allison', 'pasara', '1994-10-22', 139, 15, 1, 1, 'palomares del campo 138, urb.las lmas de la molina', 1, 0, NULL, NULL, 1, 0, NULL, NULL, NULL, NULL, NULL, NULL, NULL, NULL, NULL, NULL, NULL, NULL, NULL, NULL, NULL, NULL, NULL, NULL, NULL, NULL, NULL, NULL, NULL),
(108, 1, '70390754', 139, 'Hermes', 'Jonathan', 'Perez', 'Garcia', '1989-10-19', 139, 11, 3, 1, 'porlongacion los espinales b 10', 1, 0, NULL, NULL, 1, 0, NULL, NULL, NULL, NULL, NULL, NULL, NULL, NULL, NULL, NULL, NULL, NULL, NULL, NULL, NULL, NULL, NULL, NULL, NULL, NULL, NULL, NULL, NULL),
(109, 1, '73798272', 139, 'Darwin', NULL, 'Villanueva', 'Valverde', '2000-01-17', 139, 15, 1, 35, 'Jose de la Torre Ugarte 271 urb Valdiviezo', 1, 0, NULL, NULL, 1, 0, NULL, NULL, NULL, NULL, NULL, NULL, NULL, NULL, NULL, NULL, NULL, NULL, NULL, NULL, NULL, NULL, NULL, NULL, NULL, NULL, NULL, NULL, NULL),
(110, 1, '439423754', 139, 'Noldin', 'Martin', 'Mas', 'Tauma', '1986-09-10', 139, 15, 1, 1, 'Mz.15Lte7- SJL', 8, 0, NULL, NULL, 1, 0, NULL, NULL, NULL, NULL, NULL, NULL, NULL, NULL, NULL, NULL, NULL, NULL, NULL, NULL, NULL, NULL, NULL, NULL, NULL, NULL, NULL, NULL, NULL),
(111, 1, '73226268', 139, 'Adriana', 'Úrsula', 'Rodríguez', 'Velit', '1995-07-20', 139, 15, 1, 40, 'Av. Velasco Astete 1454', 2, 0, NULL, NULL, 1, 0, NULL, NULL, NULL, NULL, NULL, NULL, NULL, NULL, NULL, NULL, NULL, NULL, NULL, NULL, NULL, NULL, NULL, NULL, NULL, NULL, NULL, NULL, NULL),
(112, 1, '44023118', 139, 'Nancy', 'Johana', 'Flores', 'Manrique', '1984-05-26', 139, 15, 1, 1, 'Jiron Maracaibo 2251', 1, 0, NULL, NULL, 1, 0, NULL, NULL, NULL, NULL, NULL, NULL, NULL, NULL, NULL, NULL, NULL, NULL, NULL, NULL, NULL, NULL, NULL, NULL, NULL, NULL, NULL, NULL, NULL),
(113, 1, '46844158', 139, 'EYMI', 'GHIOMARA', 'ENRIQUEZ', 'YEP', '1990-09-13', NULL, 15, 0, 0, 'pasaje badajoz 107', 1, 0, NULL, NULL, 1, 0, NULL, NULL, NULL, NULL, NULL, NULL, NULL, NULL, NULL, NULL, NULL, NULL, NULL, '62317377_documento_frente.png', '66002634_documento_dorso.png', NULL, 0, 1, NULL, NULL, NULL, NULL, NULL),
(114, 1, '46844158', 1, 'EYMI', 'GHIOMARA', 'ENRIQUEZ', 'YEP', NULL, 139, 15, 0, 0, '-', 1, NULL, NULL, NULL, 0, 1, 10468441581, 'ENRIQUEZ YEP EYMI GHIOMARA', 'OTRAS ACTIVIDADES DE SERVICIOS PERSONALES N.C.P.', '8569522', 'yep130990@gmail.com', 'EYMI', 'GHIOMARA', 'ENRIQUEZ', 'YEP', 1, '46844158', '992271141', 1, '19804464_documento_frente.png', '61512601_documento_dorso.png', '33076310_ficha_ruc.png', NULL, NULL, NULL, NULL, NULL, NULL, NULL),
(115, 1, '25810141', 1, 'JESUS', 'IGNACIA', 'GARCIA', 'LIZANA DE RIOS', NULL, 139, 11, 1, 0, 'JR. MELLO FRANCO NRO. 882 URB.  FUNDO OYAGUE', 1, NULL, NULL, NULL, 0, 1, 20514524701, 'GRUPO ILECTEL S.A.C.', 'ACTIVIDADES DE ARQUITECTURA E INGENIERÍA Y ACTIVIDADES CONEXAS DE CONSULTORÍA TÉCNICA', '977369128', 'storevictoria41@gmail.com', 'JESUS', 'IGNACIA', 'GARCIA', 'LIZANA DE RIOS', 1, '25810141', '977369128', 1, '75242234_documento_frente.png', '60883061_documento_dorso.png', '55191679_ficha_ruc.png', NULL, NULL, NULL, NULL, NULL, NULL, NULL),
(116, 1, 'Q7971970', 139, 'Karina', 'Flor', 'Alvarado', 'Segura', '1973-11-16', NULL, 13, 1, 4, 'Av dean saavedra 576', 1, 0, NULL, NULL, 1, 0, NULL, NULL, NULL, NULL, NULL, NULL, NULL, NULL, NULL, NULL, NULL, NULL, NULL, '58054983_documento_frente.jpg', '68334501_documento_dorso.jpg', NULL, 0, 1, NULL, NULL, NULL, NULL, NULL),
(117, 1, 'Q7971970', 139, 'Karina', 'Flor', 'Alvarado', 'Segura', '1973-11-16', NULL, 13, 1, 4, 'Av dean saavedra 576', 1, 0, NULL, NULL, 1, 0, NULL, NULL, NULL, NULL, NULL, NULL, NULL, NULL, NULL, NULL, NULL, NULL, NULL, '43049589_documento_frente.jpg', '45732544_documento_dorso.jpg', NULL, 0, 1, NULL, NULL, NULL, NULL, NULL),
(118, 1, '41971514', 139, 'MIKE', 'MOISES', 'VALERA', 'RIOS', '1982-09-19', NULL, 15, 0, 0, 'av la paz258', 2, 0, NULL, NULL, 1, 0, NULL, NULL, NULL, NULL, NULL, NULL, NULL, NULL, NULL, NULL, NULL, NULL, NULL, '39094273_documento_frente.jpg', '74259191_documento_dorso.jpg', NULL, 0, 1, NULL, NULL, NULL, NULL, NULL),
(119, 1, '70449030', 139, 'PAMELA', 'JUANA', 'ESCOBEDO', 'CHUISO', '1993-10-04', NULL, 15, 0, 0, 'Avenida San Felipe 695', 1, 0, NULL, NULL, 1, 0, NULL, NULL, NULL, NULL, NULL, NULL, NULL, NULL, NULL, NULL, NULL, NULL, NULL, '62685598_documento_frente.jpg', '96150738_documento_dorso.jpg', NULL, 0, 1, NULL, NULL, NULL, NULL, NULL),
(120, 1, '70449030', 139, 'PAMELA', 'JUANA', 'ESCOBEDO', 'CHUISO', '1993-10-04', NULL, 15, 0, 0, 'Avenida San Felipe 695', 1, 0, NULL, NULL, 1, 0, NULL, NULL, NULL, NULL, NULL, NULL, NULL, NULL, NULL, NULL, NULL, NULL, NULL, '84129146_documento_frente.jpg', '28393429_documento_dorso.jpg', NULL, 0, 1, NULL, NULL, NULL, NULL, NULL),
(121, 1, '74377324', 139, 'MARIA', 'DEL', 'COBEÑAS', 'VASQUEZ', '1998-01-27', NULL, 15, 8, 1, 'av. peru 1160 A Santa maria', 3, 0, NULL, NULL, 1, 0, NULL, NULL, NULL, NULL, NULL, NULL, NULL, NULL, NULL, NULL, NULL, NULL, NULL, '92740268_documento_frente.jpg', '91467928_documento_dorso.jpg', NULL, 0, 1, NULL, NULL, NULL, NULL, NULL),
(122, 1, '07970569', 1, 'VICTOR', 'MANUEL', 'LI', 'SOU', NULL, 139, 14, 1, 1, 'CAR.PIMENTEL NRO. MZ A INT. LT 6 Z.I.  IND. CHICLAYO', 8, NULL, NULL, NULL, 0, 1, 20103564159, 'CONSERVAS Y ALIMENTOS S.A.', 'ELABORACIÓN DE CACAO Y CHOCOLATE Y DE PRODUCTOS DE CONFITERÍA', '978413969', 'conalisachiclayo@gmail.com', 'VICTOR', 'MANUEL', 'LI', 'SOU', 1, '07970569', '978413969', 8, '81133642_documento_frente.jpg', '11191348_documento_dorso.jpg', '96032342_ficha_ruc.pdf', NULL, NULL, NULL, NULL, NULL, NULL, NULL),
(123, 1, '71025255', 139, 'KEVIN', 'DAWSSON', 'CORI', 'ARIAS', '2001-02-01', NULL, 15, 0, 0, 'Jr. Enrique Barreda 136', 1, 0, NULL, NULL, 1, 0, NULL, NULL, NULL, NULL, NULL, NULL, NULL, NULL, NULL, NULL, NULL, NULL, NULL, '44373841_documento_frente.pdf', '34825973_documento_dorso.pdf', NULL, 0, 1, NULL, NULL, NULL, NULL, NULL),
(124, 1, '75791175', 139, 'FRANGIL', 'DANDER', 'SABOYA', 'VASQUEZ', '2022-05-25', NULL, 22, 1, 1, 'Jr.arequipa', 3, 1, 'Auxiliar', NULL, 1, 0, NULL, NULL, NULL, NULL, NULL, NULL, NULL, NULL, NULL, NULL, NULL, NULL, NULL, '33521681_documento_frente.jpg', '49873259_documento_dorso.jpg', NULL, 1, 1, 75791175, 'FRANGIL DANDER', 'SABOYA VASQUEZ', NULL, NULL),
(125, 1, '75791175', 139, 'FRANGIL', 'DANDER', 'SABOYA', 'VASQUEZ', '2022-05-25', NULL, 22, 1, 1, 'Jr.arequipa', 3, 1, 'Auxiliar', NULL, 1, 0, NULL, NULL, NULL, NULL, NULL, NULL, NULL, NULL, NULL, NULL, NULL, NULL, NULL, '51161087_documento_frente.jpg', '29416274_documento_dorso.jpg', NULL, 1, 1, 75791175, 'FRANGIL DANDER', 'SABOYA VASQUEZ', NULL, NULL),
(126, 1, '77235795', 139, 'HARRy', 'SLEYTER', 'DIAZ', 'PAULINO', '2022-06-24', NULL, 13, 0, 0, 'Trujillo', 1, 1, NULL, NULL, 1, 0, NULL, NULL, NULL, NULL, NULL, NULL, NULL, NULL, NULL, NULL, NULL, NULL, NULL, '93785736_documento_frente.jpg', '46856402_documento_dorso.jpg', NULL, 1, 1, 77235795, 'HARRY SLEYTER', 'DIAZ PAULINO', NULL, NULL),
(127, 1, '77235795', 139, 'HARRy', 'SLEYTER', 'DIAZ', 'PAULINO', '2022-06-24', NULL, 13, 0, 0, 'Trujillo', 1, 1, NULL, NULL, 1, 0, NULL, NULL, NULL, NULL, NULL, NULL, NULL, NULL, NULL, NULL, NULL, NULL, NULL, '3936842_documento_frente.jpg', '8806938_documento_dorso.jpg', NULL, 1, 1, 77235795, 'HARRY SLEYTER', 'DIAZ PAULINO', NULL, NULL),
(128, 1, '42727941', 9, 'Juan', 'Gabriel', 'Lucero', NULL, '2001-01-28', NULL, 22, 0, 0, 'San Luis alto pencoso', 9, 0, NULL, NULL, 1, 0, NULL, NULL, NULL, NULL, NULL, NULL, NULL, NULL, NULL, NULL, NULL, NULL, NULL, '25450864_documento_frente.jpg', '64251909_documento_dorso.jpg', NULL, 0, 1, NULL, NULL, NULL, NULL, NULL),
(129, 1, '42727941', 9, 'Juan', 'Gabriel', 'Lucero', NULL, '2001-01-28', NULL, 22, 0, 0, 'San Luis alto pencoso', 9, 0, NULL, NULL, 1, 0, NULL, NULL, NULL, NULL, NULL, NULL, NULL, NULL, NULL, NULL, NULL, NULL, NULL, '76604612_documento_frente.jpg', '85998677_documento_dorso.jpg', NULL, 0, 1, NULL, NULL, NULL, NULL, NULL),
(130, 1, '42727941', 9, 'Juan', 'Gabriel', 'Lucero', NULL, '2001-01-28', NULL, 22, 0, 0, 'San Luis alto pencoso', 9, 0, NULL, NULL, 1, 0, NULL, NULL, NULL, NULL, NULL, NULL, NULL, NULL, NULL, NULL, NULL, NULL, NULL, '5927999_documento_frente.jpg', '85515043_documento_dorso.jpg', NULL, 0, 1, NULL, NULL, NULL, NULL, NULL),
(131, 1, '76379858', 139, 'JHOSSELYN', NULL, 'CAMPOS', 'HUAYLLAS', '2000-09-22', NULL, 15, 0, 0, 'calle jose gabriel aguilar 138', 1, 0, NULL, NULL, 1, 0, NULL, NULL, NULL, NULL, NULL, NULL, NULL, NULL, NULL, NULL, NULL, NULL, NULL, '13725385_documento_frente.jpg', '19496792_documento_dorso.jpg', NULL, 0, 1, NULL, NULL, NULL, NULL, NULL),
(132, 1, '40772780', 139, 'MILAGROS', 'JUDIT', 'DIAZ', 'ATOCHE', '1981-01-23', NULL, 14, 1, 0, 'Alfonso Ugarte 1635', 1, 0, NULL, NULL, 1, 0, NULL, NULL, NULL, NULL, NULL, NULL, NULL, NULL, NULL, NULL, NULL, NULL, NULL, '17158187_documento_frente.jpg', '69209634_documento_dorso.jpg', NULL, 0, 1, NULL, NULL, NULL, NULL, NULL),
(133, 1, '40772780', 139, 'MILAGROS', 'JUDIT', 'DIAZ', 'ATOCHE', '1981-01-23', NULL, 14, 1, 0, 'Alfonso Ugarte 1635', 1, 0, NULL, NULL, 1, 0, NULL, NULL, NULL, NULL, NULL, NULL, NULL, NULL, NULL, NULL, NULL, NULL, NULL, '94759099_documento_frente.jpg', '79741016_documento_dorso.jpg', NULL, 0, 1, NULL, NULL, NULL, NULL, NULL),
(134, 1, '40772780', NULL, NULL, NULL, NULL, NULL, NULL, NULL, NULL, NULL, NULL, NULL, NULL, NULL, NULL, NULL, 1, 0, NULL, NULL, NULL, NULL, NULL, NULL, NULL, NULL, NULL, NULL, NULL, NULL, NULL, NULL, NULL, NULL, NULL, NULL, NULL, NULL, NULL, NULL, NULL),
(135, 1, '40772780', NULL, NULL, NULL, NULL, NULL, NULL, NULL, NULL, NULL, NULL, NULL, NULL, NULL, NULL, NULL, 1, 0, NULL, NULL, NULL, NULL, NULL, NULL, NULL, NULL, NULL, NULL, NULL, NULL, NULL, NULL, NULL, NULL, NULL, NULL, NULL, NULL, NULL, NULL, NULL),
(136, 1, '40772780', NULL, NULL, NULL, NULL, NULL, NULL, NULL, NULL, NULL, NULL, NULL, NULL, NULL, NULL, NULL, 1, 0, NULL, NULL, NULL, NULL, NULL, NULL, NULL, NULL, NULL, NULL, NULL, NULL, NULL, NULL, NULL, NULL, NULL, NULL, NULL, NULL, NULL, NULL, NULL),
(137, 1, '123', 2, '123', NULL, '123', NULL, '2022-08-23', NULL, 15, 6, 0, '123', 1, 1, NULL, NULL, 1, 0, NULL, NULL, NULL, NULL, NULL, NULL, NULL, NULL, NULL, NULL, NULL, NULL, NULL, '96656686_documento_frente.png', '32128537_documento_dorso.png', NULL, 1, 1, NULL, NULL, NULL, NULL, NULL);

--
-- Indexes for dumped tables
--

--
-- Indexes for table `active_guests`
--
ALTER TABLE `active_guests`
  ADD PRIMARY KEY (`ip`);

--
-- Indexes for table `active_users`
--
ALTER TABLE `active_users`
  ADD PRIMARY KEY (`username`);

--
-- Indexes for table `banco`
--
ALTER TABLE `banco`
  ADD PRIMARY KEY (`banco_id`);

--
-- Indexes for table `banlist`
--
ALTER TABLE `banlist`
  ADD PRIMARY KEY (`ban_id`);

--
-- Indexes for table `codigos_descuento`
--
ALTER TABLE `codigos_descuento`
  ADD PRIMARY KEY (`id`);

--
-- Indexes for table `configuration`
--
ALTER TABLE `configuration`
  ADD PRIMARY KEY (`config_name`);

--
-- Indexes for table `cuentabancaria`
--
ALTER TABLE `cuentabancaria`
  ADD PRIMARY KEY (`cuentabancaria_id`);

--
-- Indexes for table `departamento`
--
ALTER TABLE `departamento`
  ADD PRIMARY KEY (`departamento_id`);

--
-- Indexes for table `distrito`
--
ALTER TABLE `distrito`
  ADD PRIMARY KEY (`distrito_id`);

--
-- Indexes for table `failed_jobs`
--
ALTER TABLE `failed_jobs`
  ADD PRIMARY KEY (`id`);

--
-- Indexes for table `groups`
--
ALTER TABLE `groups`
  ADD PRIMARY KEY (`group_id`);

--
-- Indexes for table `log_table`
--
ALTER TABLE `log_table`
  ADD UNIQUE KEY `id` (`id`);

--
-- Indexes for table `mes`
--
ALTER TABLE `mes`
  ADD PRIMARY KEY (`mes_id`);

--
-- Indexes for table `migrations`
--
ALTER TABLE `migrations`
  ADD PRIMARY KEY (`id`);

--
-- Indexes for table `moneda`
--
ALTER TABLE `moneda`
  ADD PRIMARY KEY (`moneda_id`);

--
-- Indexes for table `ocupacion`
--
ALTER TABLE `ocupacion`
  ADD PRIMARY KEY (`ocupacion_id`);

--
-- Indexes for table `operacion`
--
ALTER TABLE `operacion`
  ADD PRIMARY KEY (`operacion_id`);

--
-- Indexes for table `origen_fondos`
--
ALTER TABLE `origen_fondos`
  ADD PRIMARY KEY (`id`);

--
-- Indexes for table `pais`
--
ALTER TABLE `pais`
  ADD PRIMARY KEY (`pais_id`);

--
-- Indexes for table `password_resets`
--
ALTER TABLE `password_resets`
  ADD KEY `password_resets_email_index` (`email`(250));

--
-- Indexes for table `tipocambio`
--
ALTER TABLE `tipocambio`
  ADD PRIMARY KEY (`tipocambio_id`);

--
-- Indexes for table `tipocambio_aux`
--
ALTER TABLE `tipocambio_aux`
  ADD PRIMARY KEY (`id`);

--
-- Indexes for table `tipocuenta`
--
ALTER TABLE `tipocuenta`
  ADD PRIMARY KEY (`tipocuenta_id`);

--
-- Indexes for table `tiposdocumento`
--
ALTER TABLE `tiposdocumento`
  ADD PRIMARY KEY (`tiposdocumento_id`);

--
-- Indexes for table `ubigeo`
--
ALTER TABLE `ubigeo`
  ADD PRIMARY KEY (`ubigeo_id`);

--
-- Indexes for table `users`
--
ALTER TABLE `users`
  ADD UNIQUE KEY `id` (`id`),
  ADD KEY `username` (`username`);

--
-- Indexes for table `users_groups`
--
ALTER TABLE `users_groups`
  ADD PRIMARY KEY (`id`);

--
-- Indexes for table `usuario`
--
ALTER TABLE `usuario`
  ADD PRIMARY KEY (`usuario_id`);

--
-- AUTO_INCREMENT for dumped tables
--

--
-- AUTO_INCREMENT for table `banco`
--
ALTER TABLE `banco`
  MODIFY `banco_id` int(11) NOT NULL AUTO_INCREMENT, AUTO_INCREMENT=30;

--
-- AUTO_INCREMENT for table `banlist`
--
ALTER TABLE `banlist`
  MODIFY `ban_id` mediumint(8) UNSIGNED NOT NULL AUTO_INCREMENT;

--
-- AUTO_INCREMENT for table `codigos_descuento`
--
ALTER TABLE `codigos_descuento`
  MODIFY `id` int(11) NOT NULL AUTO_INCREMENT, AUTO_INCREMENT=2;

--
-- AUTO_INCREMENT for table `cuentabancaria`
--
ALTER TABLE `cuentabancaria`
  MODIFY `cuentabancaria_id` int(11) NOT NULL AUTO_INCREMENT, AUTO_INCREMENT=160;

--
-- AUTO_INCREMENT for table `departamento`
--
ALTER TABLE `departamento`
  MODIFY `departamento_id` int(11) NOT NULL AUTO_INCREMENT, AUTO_INCREMENT=6;

--
-- AUTO_INCREMENT for table `distrito`
--
ALTER TABLE `distrito`
  MODIFY `distrito_id` int(11) NOT NULL AUTO_INCREMENT, AUTO_INCREMENT=6;

--
-- AUTO_INCREMENT for table `failed_jobs`
--
ALTER TABLE `failed_jobs`
  MODIFY `id` bigint(20) UNSIGNED NOT NULL AUTO_INCREMENT;

--
-- AUTO_INCREMENT for table `groups`
--
ALTER TABLE `groups`
  MODIFY `group_id` smallint(5) UNSIGNED NOT NULL AUTO_INCREMENT, AUTO_INCREMENT=4;

--
-- AUTO_INCREMENT for table `log_table`
--
ALTER TABLE `log_table`
  MODIFY `id` int(10) UNSIGNED NOT NULL AUTO_INCREMENT;

--
-- AUTO_INCREMENT for table `mes`
--
ALTER TABLE `mes`
  MODIFY `mes_id` int(11) NOT NULL AUTO_INCREMENT, AUTO_INCREMENT=12;

--
-- AUTO_INCREMENT for table `migrations`
--
ALTER TABLE `migrations`
  MODIFY `id` int(10) UNSIGNED NOT NULL AUTO_INCREMENT, AUTO_INCREMENT=3;

--
-- AUTO_INCREMENT for table `moneda`
--
ALTER TABLE `moneda`
  MODIFY `moneda_id` int(11) NOT NULL AUTO_INCREMENT, AUTO_INCREMENT=3;

--
-- AUTO_INCREMENT for table `ocupacion`
--
ALTER TABLE `ocupacion`
  MODIFY `ocupacion_id` int(11) NOT NULL AUTO_INCREMENT, AUTO_INCREMENT=12;

--
-- AUTO_INCREMENT for table `operacion`
--
ALTER TABLE `operacion`
  MODIFY `operacion_id` int(11) NOT NULL AUTO_INCREMENT, AUTO_INCREMENT=91;

--
-- AUTO_INCREMENT for table `origen_fondos`
--
ALTER TABLE `origen_fondos`
  MODIFY `id` bigint(20) UNSIGNED NOT NULL AUTO_INCREMENT, AUTO_INCREMENT=12;

--
-- AUTO_INCREMENT for table `pais`
--
ALTER TABLE `pais`
  MODIFY `pais_id` int(11) NOT NULL AUTO_INCREMENT, AUTO_INCREMENT=194;

--
-- AUTO_INCREMENT for table `tipocambio`
--
ALTER TABLE `tipocambio`
  MODIFY `tipocambio_id` int(11) NOT NULL AUTO_INCREMENT, AUTO_INCREMENT=685;

--
-- AUTO_INCREMENT for table `tipocambio_aux`
--
ALTER TABLE `tipocambio_aux`
  MODIFY `id` int(11) NOT NULL AUTO_INCREMENT, AUTO_INCREMENT=3;

--
-- AUTO_INCREMENT for table `tipocuenta`
--
ALTER TABLE `tipocuenta`
  MODIFY `tipocuenta_id` int(11) NOT NULL AUTO_INCREMENT, AUTO_INCREMENT=5;

--
-- AUTO_INCREMENT for table `tiposdocumento`
--
ALTER TABLE `tiposdocumento`
  MODIFY `tiposdocumento_id` int(11) NOT NULL AUTO_INCREMENT, AUTO_INCREMENT=6;

--
-- AUTO_INCREMENT for table `ubigeo`
--
ALTER TABLE `ubigeo`
  MODIFY `ubigeo_id` int(11) NOT NULL AUTO_INCREMENT, AUTO_INCREMENT=2055;

--
-- AUTO_INCREMENT for table `users`
--
ALTER TABLE `users`
  MODIFY `id` int(11) UNSIGNED NOT NULL AUTO_INCREMENT, AUTO_INCREMENT=192;

--
-- AUTO_INCREMENT for table `users_groups`
--
ALTER TABLE `users_groups`
  MODIFY `id` smallint(5) UNSIGNED NOT NULL AUTO_INCREMENT, AUTO_INCREMENT=192;

--
-- AUTO_INCREMENT for table `usuario`
--
ALTER TABLE `usuario`
  MODIFY `usuario_id` int(11) NOT NULL AUTO_INCREMENT, AUTO_INCREMENT=138;
COMMIT;

/*!40101 SET CHARACTER_SET_CLIENT=@OLD_CHARACTER_SET_CLIENT */;
/*!40101 SET CHARACTER_SET_RESULTS=@OLD_CHARACTER_SET_RESULTS */;
/*!40101 SET COLLATION_CONNECTION=@OLD_COLLATION_CONNECTION */;
